airbnb_listing_id,ad_name,bairro,listing_type,number_of_bedrooms,number_of_bathrooms,number_of_guests,adr_mediano,adr_medio,n_diarias_observadas,number_of_reviews,star_rating,guest_satisfaction_overall,is_superhost,is_professional
1181723518413479765,Flats no centro de Itapema NOVO!,Centro,apartamento,1,1.0,4,450.0,524.3837209302326,86.0,12,4.670000076293945,4,False,False
892040904724748513,Infinity Tower Flat - 1608,Meia Praia,apartamento,1,1.0,4,,,,3,5.0,5,False,False
1286915562509742348,Casa espaçosa próxima ao mar em Itapema!,Centro,apartamento,3,2.0,12,,,,3,5.0,5,True,False
1019756845213291605,Quarto Suite Privativa 100M da praia,Não identificado,outros,1,1.0,2,179.0,173.32638888888889,72.0,16,5.0,5,True,False
917248246206573715,Ap 4 suítes 100m da praia,Não identificado,apartamento,4,4.0,8,,,,0,,0,False,False
813299410711135404,quarto itapema sc,Meia Praia,outros,1,1.0,2,,,,0,,0,False,
29844589,Apartamento a 100m da praia de Itapema,Não identificado,apartamento,3,2.0,10,,,,9,4.889999866485596,4,False,False
1272762188354823017,"Paraíso na praia, perto do mar!",Meia Praia,apartamento,2,2.0,6,,,,1,5.0,5,False,False
18506998,Apartamento diferenciado na quadra mar.,Não identificado,apartamento,2,2.0,4,350.0,373.4878048780488,41.0,29,5.0,5,True,False
39145712,Inesquecível #Pé na AREIA #Apto FRENTE MAR Itapema,Meia Praia,apartamento,3,2.0,8,662.0,811.4933333333333,75.0,166,4.900000095367432,4,True,False
1303770950784049217,MAR e B. King a 220 Mts.,Não identificado,apartamento,2,2.0,6,,,,3,4.670000076293945,4,True,False
626613268590041709,APARTAMENTO ENCANTADOR PARA FÉRIAS NA BEIRA DO MAR,Não identificado,apartamento,2,2.0,4,,,,6,4.829999923706055,4,False,False
1286375776992371752,Cobertura prox Russi Russi em Meia Praia,Meia Praia,apartamento,3,2.0,12,,,,0,,0,False,
770925188639991130,"Meia Praia, apartº para férias",Meia Praia,apartamento,3,4.0,8,,,,1,5.0,5,False,False
1233986792217616376,No centro da Meia Praia,Meia Praia,apartamento,2,1.0,6,,,,2,4.5,4,False,False
27109960,Apto 2 quartos próximo ao mar.,Não identificado,apartamento,2,2.0,5,,,,5,4.800000190734863,4,False,False
980484029651320876,"Apto 303 Itapema,  beira mar",Não identificado,apartamento,2,2.0,6,,,,7,4.139999866485596,4,True,False
1153493820067017135,Conforto próximo a praia em Itapema UT8931,Não identificado,apartamento,2,2.0,4,396.25,405.34953680555554,144.0,4,5.0,5,False,True
53803935,Apartamento na Quadra Mar Para Toda Família,Não identificado,apartamento,3,2.0,12,604.3333,642.549644680851,47.0,13,4.849999904632568,4,False,False
1007429386154806342,Apto Alto  Padrão vista para o Mar em Itapema.,Não identificado,apartamento,2,2.0,6,,,,0,,0,False,False
962365194409394436,Apartamento novo 400 metros mar,Meia Praia,apartamento,3,4.0,8,,,,3,5.0,5,False,False
53195241,Apartamento de Luxo Frente Mar com Praticidade,Não identificado,apartamento,4,3.0,10,1750.0,1780.6509255555554,180.0,12,4.920000076293945,4,False,False
1323375510168214531,"Studio Sunset Manhattan, 200m da praia, 1506 A",Não identificado,apartamento,1,1.0,2,,,,1,5.0,5,False,False
53143021,"APARTAMENTO, MEIA PRAIA,  20 METROS DO MAR.",Meia Praia,apartamento,2,3.0,6,600.0,639.6530612244898,49.0,14,4.710000038146973,4,False,False
1033550764453018366,"Casa temporada em Itapema,",Não identificado,casa,2,1.0,6,,,,0,,0,False,False
1019030592109059625,Melhor sacada com churrasqueira,Não identificado,apartamento,3,2.0,8,,,,0,,0,False,False
49123621,Apartamento - 03 Suítes/ 02Vagas / Sacada Mar,Não identificado,apartamento,3,0.0,6,900.0,770.3783185840708,226.0,16,4.940000057220459,4,False,False
1316907831978027012,Apartamento 3 Suítes e 2 Vagas,Não identificado,apartamento,3,3.0,8,,,,1,5.0,5,False,False
1316833704128895795,Belíssimo Apartamento,Não identificado,apartamento,2,2.0,4,,,,0,,0,False,False
1254594428388235935,2 Suítes quadra mar meia praia,Meia Praia,apartamento,3,3.0,8,,,,0,,0,False,False
16659919,RP Estúdio Meia Praia ar wifi vaga coz. tv smart,Meia Praia,apartamento,0,1.0,5,,,,17,4.590000152587891,4,False,False
1221116256456025134,Apartamento Deslumbrante Mais  4  Vagas de Garagem,Não identificado,apartamento,4,2.0,8,,,,0,,0,False,False
753625150680079972,"Apartamento conforto, c/ ar condicionado e garagem",Não identificado,apartamento,2,2.0,4,,,,7,4.860000133514404,4,False,False
798631136594423222,Cobertura Duplex beira mar,Não identificado,apartamento,4,3.0,10,1100.0,1100.0,56.0,4,4.75,4,False,False
32970957,"Lindo APTO Condomínio Fechado 3 Ar Cond, Wi-Fi, TV",Não identificado,apartamento,2,1.0,6,,,,36,4.889999866485596,4,False,False
1031365517462468360,Flat padrão Hotel na Meia Praia,Meia Praia,hotel,1,1.0,4,,,,0,,0,False,False
1055210288032787494,Apartamento Jardim Praia Mar 103,Meia Praia,apartamento,1,1.0,4,,,,11,4.820000171661377,4,True,False
994915642333796667,Meia Praia 3 Suítes RussiRussi,Meia Praia,apartamento,3,3.0,10,,,,1,5.0,5,True,False
30951044,Apartamento em Itapema no Vista Atlântico,Não identificado,apartamento,2,1.0,6,,,,7,4.860000133514404,4,False,False
53903158,Lindo apt frente mar pé n areia itapema/meia praia,Meia Praia,apartamento,3,2.0,8,1090.0,1167.8983050847457,177.0,17,4.940000057220459,4,True,False
1293400663851682558,quarto no quintal,Não identificado,outros,1,1.0,2,,,,1,5.0,5,False,False
38262480,Refúgio ItapeMar - Amplo apartamento à beira-mar,Meia Praia,apartamento,4,3.0,8,1200.0,1305.7692307692307,78.0,45,4.869999885559082,4,True,False
1284726346274976794,Casa Grande e aconchegante,Não identificado,casa,3,2.0,12,,,,0,,0,False,False
1087711799677366987,Apartamento “Pé na areia”!,Não identificado,apartamento,3,2.0,8,,,,0,,0,False,False
1252350831242327486,"Beira-mar, sombra e água fresca",Não identificado,apartamento,1,1.0,4,,,,2,4.5,4,False,False
746926066559603796,"Apto 2 quartos, excelente localização! meia praia.",Meia Praia,apartamento,2,1.0,5,,,,6,4.329999923706055,4,False,False
923059174058516389,cód2 Apartamento quadra mar com ótima localização,Não identificado,hotel,2,2.0,6,,,,0,,0,False,True
1294888049767814989,APÊ 905 - Seu refúgio em Itapema,Não identificado,apartamento,2,2.0,6,,,,5,5.0,5,True,False
1257858606191312796,Conforto para sua família,Não identificado,apartamento,3,3.0,8,,,,0,,0,False,False
1277466598940323678,PentHouse 400m do mar,Não identificado,apartamento,5,6.0,12,,,,0,,0,False,False
803536972183670947,Casa 473/Temporada/Meia Praia,Meia Praia,casa,3,4.0,8,,,,0,,0,False,False
1286527456481279613,Seu Apto na Praia de Itapema. Ref.,Não identificado,apartamento,1,2.0,4,,,,0,,0,False,False
1315102040028552140,AP-29| Itapema/2Suítes/2Vagas,Meia Praia,apartamento,2,2.0,6,,,,0,,0,True,False
1285806311820946579,Apto Cores em Vida,Meia Praia,apartamento,2,2.0,6,,,,0,,0,False,False
1287711016779917885,Lindo apartamento em Meia Praia - 3 suítes,Meia Praia,apartamento,3,1.0,10,,,,0,,0,False,False
1044027740398185907,Apartamento Fantástico em Itapema SC,Meia Praia,apartamento,2,2.0,6,,,,2,5.0,5,False,False
27201205,"PE NA AREIA Prédio frente mar,  1 quadra koch sup.",Meia Praia,apartamento,3,2.0,10,605.0,697.6355546666666,75.0,56,4.880000114440918,4,True,False
51301217,APARTAMENTO NO CORAÇÃO DA MEIA PRAIA - 3 QUARTOS,Meia Praia,apartamento,3,2.0,8,399.0,523.5373134328358,67.0,29,4.789999961853027,4,False,False
1061599547963993327,Quarto frente ao mar,Não identificado,outros,1,1.0,2,,,,1,5.0,5,False,False
969590132322286465,Apto próximo à praia e comércio,Não identificado,apartamento,3,2.0,8,,,,2,4.5,4,False,False
1260870179197912734,recanto do gaúcho,Não identificado,casa,2,2.0,10,,,,0,,0,False,False
16644316,Apto com vista para o mar. A 10 metros da praia,Não identificado,apartamento,3,2.0,8,770.0,818.2388059701492,67.0,12,5.0,5,False,False
1217329665915906267,#053 Apto Meia Praia Itapema,Meia Praia,apartamento,3,2.0,9,,,,0,,0,False,False
1298114543513431789,Piso 5 Edif. Florida,Meia Praia,apartamento,3,2.0,8,,,,1,2.0,2,True,True
28960506,Res Neli Passos  - Ap. de Alto Padrão Itapema/SC,Não identificado,apartamento,0,0.0,8,,,,0,,0,False,False
53105307,"Ótimo apartamento, excelente localização, ar condicionado nos quartos e sala.",Não identificado,apartamento,3,2.0,6,,,,0,,0,False,False
1288426896350517271,Apartamento aluguel temporada,Não identificado,apartamento,4,3.0,10,,,,1,5.0,5,False,False
40814978,"Locaçao verão 1 suite +2D, em Meia Praia, itapema",Meia Praia,apartamento,3,2.0,6,,,,3,4.670000076293945,4,False,False
783430732452533853,"Itapema Meia Praia 236, frente para 1ªav",Meia Praia,apartamento,3,3.0,8,,,,0,,0,False,False
50795879,"Aconchegante, limpo apenas 250 metros do mar.",Não identificado,apartamento,2,2.0,5,,,,21,4.670000076293945,4,False,False
936216057908307884,Sobrado aconchegante 2 suítes 2 garagens 3 banheir,Não identificado,casa,2,2.0,8,392.0,382.29171318435755,179.0,12,4.920000076293945,4,True,False
29870406,Cobertura com wifi próxima ao mar e shopping Russi,Não identificado,apartamento,3,3.0,11,980.0,818.7767587155963,218.0,25,4.960000038146973,4,True,False
756343553290237088,Quarto Casal em Condomínio perto Praia Itapema/SC,Não identificado,outros,1,1.0,2,,,,12,5.0,5,False,False
22031263,Ótimo Apartamento 3 qtos Prédio de frente pro mar,Não identificado,apartamento,3,2.0,10,,,,10,4.599999904632568,4,False,False
54067586,Confortável e tranquilo,Não identificado,apartamento,3,3.0,6,,,,1,5.0,5,False,False
53133732,Prédio Frente Mar top até 6 hóspedes Rua 291,Não identificado,apartamento,2,2.0,6,673.0,793.5741626794259,209.0,10,5.0,5,False,True
1054383289433926274,Casa pra 12 pessoas Meia Praia,Meia Praia,casa,5,3.0,12,,,,0,,0,False,False
892662939259281401,Apartamento em itapema com 4 suítes!,Não identificado,apartamento,4,0.0,10,1500.0,1500.0,13.0,14,4.789999961853027,4,False,False
807898347637042057,Apartamento Pé na Areia FRENTe mar em Itapema/meia,Meia Praia,apartamento,3,2.0,7,430.0,395.0,16.0,11,5.0,5,True,False
802357806571870530,Koeche Family,Não identificado,apartamento,3,3.0,6,680.0,667.9078947368421,114.0,23,4.909999847412109,4,True,False
54068640,Alto Padrão em Meia Praia - Itapema!,Meia Praia,apartamento,2,2.0,6,,,,6,4.829999923706055,4,False,False
47332563,Morada Andorinha no Bairro Ilhota em Itapema SC,Andorinha,apartamento,1,1.0,4,,,,42,4.980000019073486,4,True,False
1251590675610309191,Apartamento próximo ao mar,Não identificado,apartamento,3,2.0,8,,,,0,,0,False,False
1034687416607074951,Apartamento Garden piscina exclusiva e varanda,Não identificado,apartamento,3,3.0,6,,,,2,5.0,5,False,False
710148129777546948,"Apto a 50mts do mar
Mobiliado/ meia praia!",Meia Praia,apartamento,2,1.0,5,,,,0,,0,False,False
1311034965460525209,Apt itapema,Não identificado,apartamento,3,2.0,7,,,,0,,0,False,False
1306603752778852557,Quadra  mar  Meia Praia/ Itapema,Meia Praia,apartamento,3,2.0,8,,,,0,,0,False,False
982683513469295024,"Apto 403 Itapema, Cobertura beira mar",Não identificado,apartamento,2,2.0,6,,,,4,5.0,5,True,False
746451645715267085,Apartamento novo e encantador com vista para o mar,Centro,apartamento,3,3.0,9,900.0,991.4077868852459,244.0,7,5.0,5,False,False
1273217497778761783,Apartamento com 3 dormitórios 40m na quadra do mar,Não identificado,apartamento,3,2.0,8,,,,1,4.0,4,False,False
31481283,Apartamento em Prédio Frente Mar- Meia Praia,Meia Praia,apartamento,2,2.0,6,,,,48,4.809999942779541,4,True,False
47783121,Apenas 80m do mar! Imóvel perfeito para famílias.,Não identificado,apartamento,2,2.0,6,450.0,458.4162568852459,122.0,9,4.889999866485596,4,False,False
46918524,Apto Alto Padrão finamente decorado estilo Luís XV,Não identificado,apartamento,3,4.0,6,,,,0,,0,False,False
765288498172786471,Lindo apto em itapema,Morretes,apartamento,2,2.0,5,,,,2,5.0,5,True,True
1201692203719874406,Renove as energias - apto lindo!,Meia Praia,apartamento,3,4.0,4,,,,0,,0,False,False
1048753098917846841,Apartamento pé na praia,Não identificado,apartamento,2,2.0,6,,,,0,,0,False,False
841215998174695163,Apto Frente Mar em Itapema,Meia Praia,apartamento,5,5.0,10,,,,24,4.829999923706055,4,False,False
913632017573912703,Flat Alto Padrão em Meia Praia/ SC,Meia Praia,hotel,1,1.0,4,,,,3,5.0,5,False,False
15754075,"Apartamento espaçoso, arejado e bem localizado",Não identificado,apartamento,3,3.0,9,600.0,682.1801783783784,111.0,36,4.920000076293945,4,True,False
1319602504096489356,"Ap Alto Padrão
70m do mar",Não identificado,apartamento,3,4.0,6,,,,0,,0,False,False
809618994803892975,Apartamento 2 Suites Meia Praia,Meia Praia,apartamento,2,2.0,6,,,,0,,0,False,False
1274893831604199444,Casa para família aproveitar.,Não identificado,casa,2,1.0,6,,,,6,4.829999923706055,4,True,False
1318301175494168704,Itapema 313B,Não identificado,apartamento,3,2.0,8,,,,0,,0,True,False
1286265881818788094,Casa bem localizada em itapema,Não identificado,casa,2,1.0,7,,,,0,,0,False,False
1229942592150628971,Apartamento 2 quartos 6 minutos à pé da praia,Não identificado,apartamento,2,1.0,6,220.0,342.34,25.0,13,4.920000076293945,4,True,False
742505084037069302,"Apartamento na Meia Praia, 1 quadra do mar!",Meia Praia,apartamento,2,2.0,4,,,,10,4.800000190734863,4,False,False
1237182629065742198,"Apto Meia Praia, 3 quartos c/ar",Meia Praia,apartamento,3,1.0,8,,,,2,4.0,4,False,False
908830571966859122,Belo Apto Meia Praia - 80mts Mar,Meia Praia,apartamento,2,2.0,6,,,,0,,0,False,False
1294455678599538877,Apartamento em Itapema/SC,Não identificado,apartamento,2,1.0,6,,,,0,,0,False,False
1322058610737864863,Itapema 129E2 - Venha viver uma experiência única,Não identificado,apartamento,3,2.0,7,,,,0,,0,True,False
972445456500197200,(314) Casa simples para 8,Não identificado,casa,4,1.0,8,,,,8,4.75,4,True,True
41532894,"FRENTE MAR, lateral, 3 quartos, Meia Praia,Itapema",Meia Praia,apartamento,3,2.0,10,950.0,861.2321850574713,174.0,119,4.820000171661377,4,True,False
37091958,"120m da praia, 3 quartos Itapema Meia Praia",Meia Praia,apartamento,3,1.0,8,,,,23,4.829999923706055,4,False,False
1203140233522044896,Flat 1104 em Itapema,Não identificado,apartamento,1,1.0,4,506.0,471.458859009009,222.0,13,5.0,5,True,False
54167570,Cobertura duplex na quadra do mar,Não identificado,apartamento,3,3.0,15,1400.0,1402.4365482233502,197.0,8,5.0,5,False,False
1318358305368197236,Apto 3 Suítes Meia Praia,Meia Praia,apartamento,3,0.0,6,,,,0,,0,True,True
1041532890691006495,Vista mar 3 quartos Confortável,Não identificado,apartamento,3,2.0,9,,,,2,5.0,5,False,True
1132738916863619348,Amplo apto 3 suítes wi-fi churra,Meia Praia,apartamento,3,4.0,10,,,,0,,0,False,False
21662762,Conforto próximo ao Mar. Wi-Fi e Split,Meia Praia,apartamento,3,2.0,9,300.0,317.9222222222222,90.0,157,4.849999904632568,4,False,False
45898408,Apartamento para temporada próximo do mar,Não identificado,apartamento,0,0.0,6,,,,1,5.0,5,False,False
983188724209547131,Luxuoso AP em Meia Praia!,Meia Praia,apartamento,3,0.0,8,1000.0,905.6380471717172,198.0,13,4.849999904632568,4,True,False
30617740,Grande e Aconchegante Apartamento em Meia Praia,Meia Praia,apartamento,3,2.0,8,500.0,556.4929577464789,71.0,22,4.909999847412109,4,False,False
24561061,Apartamento em Itapema perto da praia,Não identificado,apartamento,3,2.0,7,,,,0,,0,False,
1044223371798078486,Lindo Apto Próximo a Praia!,Não identificado,apartamento,3,3.0,8,800.0,801.0714285714286,70.0,6,5.0,5,False,False
1287791655787727353,Apto de frente - 2 quartos,Não identificado,apartamento,2,1.0,6,,,,0,,0,False,False
1270235986758747345,"Disponível p/ ano novo, meia praia/ quadra mar.",Meia Praia,apartamento,2,2.0,6,,,,0,,0,False,False
1205911286628781390,Apto para família à beira-mar,Meia Praia,apartamento,2,2.0,6,,,,0,,0,False,False
47326216,"Apto pé na areia, Meia Praia, 3 dorm, 2 garagens",Meia Praia,apartamento,3,2.0,8,1100.0,1141.5223214285713,224.0,8,5.0,5,True,False
46220279,Itapema-Meia Praia 80 mts Mar 3 Suítes Decorado.,Meia Praia,apartamento,3,2.0,8,697.0,680.4665024630542,203.0,24,4.880000114440918,4,True,False
1274894241105871317,Apt° em Meia Praia 5 min de caminhada até a praia,Meia Praia,apartamento,3,2.0,6,,,,1,5.0,5,False,False
982602069236081389,Prédio Frente mar próximo Russi,Não identificado,apartamento,2,2.0,6,,,,1,5.0,5,False,True
47543180,Casa próxima a comércios e a 500 mts da praia!,Não identificado,casa,2,1.0,5,250.0,237.82894736842104,38.0,42,4.809999942779541,4,True,False
1278119768108428371,Apto temporada próximo do mar,Não identificado,apartamento,2,2.0,7,,,,0,,0,False,False
1306508535936557508,Apartamento 3 quartos em Itapema,Não identificado,apartamento,3,2.0,6,,,,0,,0,False,False
1274731480570014997,Quarto individual 50m da praia,Não identificado,outros,1,1.0,2,,,,0,,0,False,False
53309335,"Amplo apartamento com churrasqueira, 1 por andar!",Não identificado,apartamento,3,2.0,13,,,,1,5.0,5,False,False
32066948,Casa Amarela de Meia Praia,Meia Praia,casa,3,3.0,10,,,,43,4.929999828338623,4,False,False
49968308,Beira Mar,Não identificado,apartamento,3,2.0,6,700.0,717.0204081632653,49.0,26,5.0,5,False,False
1077461204066333262,Vista Mar e Aconchegante na Meia Praia,Meia Praia,apartamento,3,2.0,6,,,,7,5.0,5,False,False
1278501934376489748,Casa 200 metros do mar,Não identificado,casa,2,2.0,7,,,,0,,0,False,False
1053522951026570547,Cobertura Rooftop c/ Jacuzzi privativa vista mar,Não identificado,apartamento,2,2.0,6,659.55,670.247275,208.0,12,4.829999923706055,4,False,False
53915734,Itapema 500mts. da Praia Confortàvel-S.C. Brasil,Meia Praia,apartamento,2,3.0,4,450.0,503.88439306358384,173.0,95,4.75,4,True,True
48005532,"APTO 2 suítes, 2 vagas e vista para o mar.",Meia Praia,apartamento,2,2.0,6,,,,1,5.0,5,False,False
1268130203855497700,"AP Alto padrão, 3 suites,2 vagas",Meia Praia,apartamento,3,4.0,6,,,,0,,0,False,False
1308106513769492093,Ap. Aconchegante - Itapema - SC - 600mts da praia,Não identificado,apartamento,2,2.0,5,,,,0,,0,False,False
1208852730792445862,Férias no coração da Meia praia,Meia Praia,apartamento,2,2.0,4,,,,0,,0,False,
792083136178092817,Casa arborizada em Itapema,Meia Praia,casa,3,1.0,12,,,,5,4.400000095367432,4,False,False
962455307045450364,Ap 120mt da Praia,Não identificado,apartamento,3,2.0,9,,,,11,5.0,5,False,False
986230450715211958,4704 Apto grande para 10 pessoas na meia praia,Meia Praia,hotel,3,2.0,10,,,,0,,0,False,True
1281346509418142210,Apartamento em Itapema/SC,Não identificado,apartamento,2,2.0,5,,,,0,,0,False,False
714437917071118647,"Apartamento Todo a 2,5 quadras do Mar! Meia Praia",Meia Praia,apartamento,2,2.0,4,,,,0,,0,False,False
1316628348930374924,Apartamento novo em meia praia,Meia Praia,apartamento,2,2.0,6,,,,1,5.0,5,False,False
742007693361015968,Amplo e confortável apto pé na areia.,Não identificado,apartamento,3,2.0,8,,,,1,5.0,5,False,False
1248043584865153232,"Comodidade, pé na areia!",Não identificado,outros,1,1.0,2,,,,0,,0,False,False
629724091250673746,Apto pé na areia vista mar em Meia Praia EVB308,Meia Praia,apartamento,2,2.0,6,588.0,640.2770110344827,145.0,46,4.71999979019165,4,False,True
42003334,O sonho de sua Família se realizando! Meia PraiaSC,Não identificado,apartamento,3,2.0,8,500.0,655.0651145348837,172.0,30,4.929999828338623,4,True,False
1083196219974177016,itapema SC / Apartamento Mobiliado novo,Não identificado,apartamento,2,1.0,4,315.0,333.7543859649123,57.0,1,5.0,5,False,False
52365024,POUSADA BRONZE - APTO 01,Não identificado,apartamento,1,1.0,4,,,,5,4.599999904632568,4,False,False
47741162,APTO 3 DORMITÓRIOS QUADRA MAR ITAPEMA RUA 237,Não identificado,apartamento,3,2.0,8,,,,0,,0,False,False
782079961051823177,área nobre de Meia Praia,Meia Praia,apartamento,4,4.0,8,,,,0,,0,False,False
52474050,Apartamento no coração da Meia Praia,Meia Praia,apartamento,2,2.0,7,780.0,780.0,22.0,41,4.929999828338623,4,False,False
1271860126061296273,Apartamento - Coração Itapema,Não identificado,apartamento,3,1.0,8,,,,0,,0,False,False
1304316374891505715,Apartamento 1 suíte + 1,Não identificado,apartamento,2,2.0,6,,,,0,,0,True,False
1177436051570848691,Ap 3 Dorm. em Meia Praia!,Meia Praia,apartamento,3,2.0,6,,,,3,5.0,5,True,False
1287101738390870837,Apto no coração da Meia Praia,Meia Praia,apartamento,2,1.0,5,,,,1,5.0,5,False,False
1272538144359194105,6 quartos -Meia Praia l,Meia Praia,casa,6,2.0,16,,,,0,,0,False,False
762281119140381406,Apto Família em Itapema/SC direto prop desconto,Não identificado,apartamento,3,2.0,9,,,,0,,0,False,False
1046547202929220520,Loft em Itapema 50 metros do Mar,Meia Praia,apartamento,1,1.0,2,412.5,415.1524942857143,147.0,15,4.869999885559082,4,True,False
991163210244349085,Apartamento em Meia Praia.,Meia Praia,apartamento,3,2.0,7,,,,0,,0,False,
52669723,APT. COM MESA DE SINUCA NA SALA,Meia Praia,apartamento,2,2.0,8,,,,1,5.0,5,False,False
1262371850958835888,Cobertura com vista para o Mar,Não identificado,apartamento,4,6.0,8,,,,0,,0,False,False
15632254,Duplex pé na areia vista para o mar,Centro,apartamento,3,3.0,8,,,,8,5.0,5,False,False
762193482933523977,Itapema SC Praia Com Muito Lazer,Não identificado,apartamento,2,2.0,6,,,,0,,0,False,False
1224783765392086252,Apto bem localizado perto dpraia,Não identificado,apartamento,2,3.0,7,,,,0,,0,False,False
944343023898914960,Frente Mar Top aconchegante!,Não identificado,apartamento,2,2.0,6,,,,1,5.0,5,False,True
39455639,Apto amplo em Meia Praia,Meia Praia,apartamento,3,2.0,6,,,,1,5.0,5,False,False
1005958896607152946,Ar Cond. - Apartamento Itapema - 5 min Meia Praia,Meia Praia,apartamento,2,1.0,5,240.0,249.7826086956522,161.0,37,4.809999942779541,4,True,False
634097694532962487,"Apto 2 suítes climatizadas,  pertinho do mar!",Meia Praia,apartamento,2,1.0,6,,,,0,,0,False,False
1132470928224766315,Férias a 2 minutos a pé da orla,Não identificado,apartamento,3,2.0,10,,,,3,5.0,5,False,False
1211518555449567763,102 - Quarto privativo em Meia Praia - Itapema/SC,Meia Praia,apartamento,1,1.0,4,,,,0,,0,False,False
45699948,Meia Praia 30 mts do mar e excelente localização,Meia Praia,apartamento,2,2.0,6,,,,26,4.650000095367432,4,False,False
1035498654598693145,Excelente Apartamento,Não identificado,apartamento,2,2.0,6,,,,1,5.0,5,False,False
1068143091756551281,"Quarto privativo, pé na areia! 60m do mar.",Meia Praia,outros,1,1.0,3,,,,0,,0,False,False
30085847,"Ótimo apto 2 suítes, 50 m do mar, WiFi, 2ar split",Não identificado,apartamento,2,2.0,5,490.0,541.6046514418605,215.0,34,4.880000114440918,4,False,False
1237089275859798305,As férias dos sonhos está em Meia Praia -  Itapema,Meia Praia,apartamento,3,4.0,9,,,,2,5.0,5,False,False
751508894634281743,"apto lindo a 40mts da praia, com ar condicionado",Não identificado,apartamento,2,2.0,5,,,,4,5.0,5,False,False
9658725,Lindo Apartamento Quadra Mar!,Não identificado,apartamento,2,2.0,6,300.0,282.1,10.0,165,4.639999866485596,4,False,False
573122310094338767,Amplo apto c/ vista p/ mar e duas vagas de garagem,Meia Praia,apartamento,3,2.0,6,550.0,601.2988,111.0,15,4.929999828338623,4,False,False
1219485375936020945,"Apto bem localizado, vista mar",Não identificado,apartamento,3,4.0,6,,,,0,,0,False,False
763897237534221173,apto 4suítes p/ famílias,Meia Praia,apartamento,4,4.0,10,,,,8,5.0,5,True,False
1316280246615307193,Cama quarto 6 hóspedes hostel,Não identificado,outros,0,2.0,4,,,,0,,0,False,False
892721989592935461,"Itapema Centro, 100m  do mar com garagem e sacada",Centro,apartamento,2,2.0,6,350.0,378.7420634920635,126.0,26,5.0,5,False,False
971842566313878284,"Apartamento Meia Praia, SC",Meia Praia,apartamento,3,1.0,6,,,,6,5.0,5,False,False
1295027232705287514,Apartamento na meia praia,Meia Praia,apartamento,2,2.0,4,,,,2,5.0,5,False,False
780376166619260652,Apartamento centro de Meia Praia,Meia Praia,apartamento,3,3.0,6,429.0,529.4545454545455,44.0,5,5.0,5,False,False
1316195905735253523,Apartamento frente ao mar,Não identificado,apartamento,3,2.0,8,,,,0,,0,False,False
41110950,Lindo apto para locação em Itapema,Meia Praia,apartamento,3,2.0,5,,,,0,,0,False,False
759487100003663236,Apartamento completo a 100 m do mar.,Não identificado,apartamento,3,2.0,8,,,,4,5.0,5,False,False
41731856,Casa 4 suítes Com piscina na praia de meia praia,Meia Praia,casa,4,5.0,16,,,,6,4.0,4,False,False
53492577,apartamento rua 234. dois minutos de caminhada,Não identificado,apartamento,3,2.0,8,300.0,292.5,28.0,15,4.929999828338623,4,False,False
978410400232267791,Quadra Mar em Itapema,Não identificado,apartamento,2,2.0,6,400.0,396.317204516129,31.0,5,5.0,5,False,False
828604972098195646,"Apto novo, lindo, 5min da praia!",Andorinha,apartamento,2,2.0,6,,,,2,5.0,5,False,False
1276119476031269336,Hotel Blue Sea - Itapema/SC,Não identificado,hotel,1,1.0,2,,,,0,,0,False,False
763580356087428942,Apart moderno 1/2 quadra do mar.,Meia Praia,apartamento,3,3.0,6,,,,0,,0,False,False
53472952,APARTAMENTO  ENCANTADOR 3 suítes e 3 VAGAS,Não identificado,apartamento,3,3.0,8,,,,1,5.0,5,False,False
790006111813482352,Apt bem localizado na Meia Praia,Meia Praia,apartamento,2,2.0,6,405.0,427.0147058823529,68.0,8,5.0,5,False,False
29302246,APTO1 COM 2 QUARTOS (AR COND. TV SMART E WI-FI).,Não identificado,apartamento,2,1.0,5,400.0,394.7241379310345,58.0,56,4.909999847412109,4,False,True
1060214707285139869,Apartamento Frente Mar Itapema,Não identificado,apartamento,3,3.0,6,,,,0,,0,False,False
1070321901292245151,Rua 282,Não identificado,apartamento,2,1.0,5,,,,1,5.0,5,True,False
40191152,Apto novo vista mar em meia praia alto padrão,Meia Praia,apartamento,4,5.0,10,1068.0,1350.4242424242425,33.0,6,5.0,5,False,False
1270636967067286722,"Ap 1 suíte + 1 quarto, ar, churrasqueira, garagem.",Não identificado,apartamento,2,2.0,6,,,,2,5.0,5,False,False
1163078563965434837,Férias Merecida Praia,Não identificado,apartamento,3,2.0,6,,,,0,,0,False,False
1274124307205895648,"Itapema 254 - 801  , 4 suítes",Não identificado,apartamento,4,4.0,14,,,,0,,0,True,False
1290748904415576815,Luxuoso apto vista mar decorado.,Não identificado,apartamento,1,1.0,4,,,,1,5.0,5,False,False
1029597585777872278,Apartamento vista mar 4 suítes,Não identificado,outros,1,1.0,8,,,,0,,0,False,False
1273591253351586030,Flat Infinity,Centro,hotel,2,2.0,4,,,,0,,0,False,False
1316959290447974699,"Apartamento 250,00 m do mar",Meia Praia,apartamento,3,3.0,6,,,,0,,0,False,False
1311811615123455309,Apart novíssimo 150 m do mar,Meia Praia,apartamento,3,3.0,6,,,,0,,0,False,False
15484946,"01 suíte + 02 quartos, próximo ao Russi e Russi",Meia Praia,apartamento,3,2.0,6,,,,7,4.860000133514404,4,False,False
953787921083237020,Vista mar sacada churrasqueira,Não identificado,apartamento,2,2.0,6,,,,1,3.0,3,False,True
1225552757674965717,"Apartamento Rua 250, 180 mt do mar da Meia Praia",Meia Praia,apartamento,0,3.0,7,,,,0,,0,False,False
1295584527100605957,Itapema para casal Completo- melhor preço,Não identificado,apartamento,1,1.0,2,,,,1,5.0,5,False,False
767460583685499400,Apartamento 100 metros do mar,Meia Praia,apartamento,4,5.0,8,,,,0,,0,False,False
1135613574739937290,"Departamento en Meia Praia -""media cuadra del MAR""",Meia Praia,apartamento,4,4.0,8,,,,2,5.0,5,False,False
1264084742447517566,Sacada Ampla Vista Mar Rua 277,Não identificado,apartamento,4,3.0,10,,,,2,5.0,5,False,True
1278291694238862649,Cabana elegante com piscina e banheira de hidro,Não identificado,apartamento,1,1.0,2,,,,0,,0,False,True
51683537,Extensão da sua casa na praia,Não identificado,apartamento,2,2.0,5,400.0,441.6506849315069,73.0,22,5.0,5,True,False
51998239,Lindo apartamento com vista para o mar!,Não identificado,apartamento,2,2.0,6,,,,4,4.75,4,False,False
670854595604806968,"Cobertura duplex Penthouse Itapema-SC, Meia Praia",Meia Praia,apartamento,7,5.0,16,,,,8,4.130000114440918,4,False,False
1218889785346856352,Waves Apartment - Apartamento a 3min da praia,Meia Praia,apartamento,2,2.0,7,505.0,574.7,30.0,10,4.699999809265137,4,False,True
720454649154858775,Apartamento 3 quartos a 400mts da praia,Meia Praia,apartamento,3,1.0,5,,,,2,5.0,5,False,False
1055009941446428480,Apartamento na quadra do mar,Não identificado,apartamento,2,3.0,5,,,,0,,0,False,
47816646,Frente para o mar!🌴🏄🏻‍♂️🏊🏼‍♀️🧘🏼‍♂️,Não identificado,apartamento,2,2.0,4,590.0,528.2465753424658,73.0,19,4.840000152587891,4,True,False
685180289283119897,Coração da Meia Praia! Rua 264! Desconto 7 diárias,Meia Praia,apartamento,3,3.0,10,,,,3,5.0,5,False,False
1268126365088141700,casa com piscina perto da praia,Não identificado,casa,5,3.0,10,,,,1,5.0,5,False,False
16570256,"AP 3 quartos, c/ ar em todos os quartos e internet",Não identificado,apartamento,3,3.0,10,523.0,497.8892123404255,47.0,13,4.769999980926514,4,False,False
1282062740450789673,Perto do mar e c lazer incrível!,Meia Praia,apartamento,1,1.0,4,,,,7,4.860000133514404,4,False,False
1290814486929381558,Apartamento em meia praia,Meia Praia,apartamento,3,4.0,8,,,,1,5.0,5,False,False
1085691112267776871,Apartamento Praia Centro Itapema,Centro,apartamento,3,2.0,8,,,,0,,0,False,False
553003292946748499,Apartamento com ampla sacada-Itapema-Meia praia-SC,Meia Praia,apartamento,2,2.0,8,,,,2,4.5,4,False,False
1204248347415248238,Apartamento frente mar,Não identificado,apartamento,3,2.0,8,,,,0,,0,False,False
1081079396935173040,Apartamento em Itapema,Não identificado,apartamento,2,1.0,4,,,,0,,0,False,False
1218841454732809540,"Toronto: 4 Dorms, 80m da Praia",Meia Praia,apartamento,4,3.0,8,,,,0,,0,False,True
42138941,Vista para o mar no melhor lugar de Meia Praia!,Meia Praia,apartamento,2,2.0,4,1200.0,1182.608695652174,69.0,19,4.949999809265137,4,False,False
674910076938335548,Lindo Apartamento com 3 suítes e jacuzzi,Não identificado,apartamento,3,0.0,8,,,,0,,0,False,False
41189223,SUÍTE AMPLA E CONFORTÁVEL-Meia Praia a 550m do mar,Meia Praia,outros,1,1.0,5,,,,3,5.0,5,True,False
1319790591329298676,Casa de praia para temporada,Meia Praia,casa,3,1.0,10,,,,1,4.0,4,False,False
51869457,Apartamento pé na areia :),Não identificado,apartamento,2,2.0,6,,,,2,4.0,4,False,False
1033307362565448159,"Amplo apartamento, 100m da praia",Não identificado,apartamento,3,2.0,8,,,,8,5.0,5,False,False
1312462472768874352,Veneza meia praia,Meia Praia,apartamento,3,4.0,6,,,,0,,0,False,False
21295667,Aluguel Temporada - Apartamento Amplo,Não identificado,apartamento,3,4.0,9,517.0,679.2234837878788,132.0,31,4.869999885559082,4,False,False
1280516098114627587,Vivenda Paraiso,Não identificado,apartamento,2,2.0,4,,,,0,,0,False,False
41420865,"Excelente imoveldecorado,venha curtir suas férias",Não identificado,apartamento,3,2.0,8,,,,9,4.889999866485596,4,False,False
12916558,Um espaço no centro de Meia Praia( Garagem  média),Meia Praia,apartamento,2,2.0,6,,,,118,4.96999979019165,4,True,False
1309361779453704730,Venha se hospedar com a Marcia,Não identificado,outros,1,1.0,3,,,,0,,0,False,False
1270200031368317954,Apartamento c/ ótima localização,Meia Praia,apartamento,2,2.0,6,,,,0,,0,False,False
46710652,250 m do mar Ap. amplo e confortável em Meia Praia,Meia Praia,apartamento,3,3.0,9,550.0,595.7307692307693,182.0,16,4.940000057220459,4,False,False
42625075,"Apto com ótima localização, centro de Meia Praia",Meia Praia,apartamento,3,2.0,8,1000.0,1072.702302631579,152.0,31,4.769999980926514,4,False,False
1250588718856817262,Apto 3 quartos com garagem,Não identificado,apartamento,3,2.0,6,,,,2,5.0,5,False,False
40209404,Nilmare Apart Hotel - Suite Privativa c/ Cozinha 3,Não identificado,apartamento,1,1.0,4,311.0,347.0298913043478,184.0,373,4.860000133514404,4,True,True
1263661422266747978,Amplo Frente Mar em Itapema/SC,Não identificado,apartamento,3,2.0,10,,,,0,,0,False,False
52758042,"Altíssimo padrão! Novo, e com fino acabamento",Não identificado,apartamento,4,4.0,8,,,,1,5.0,5,False,True
837646263953285868,Apartamento com vista para o mar,Não identificado,apartamento,2,2.0,7,460.0,482.03105178571434,168.0,24,5.0,5,True,False
1248668269359700392,"03 suítes, prox mar.",Não identificado,apartamento,3,3.0,7,,,,0,,0,False,False
46724379,"Prox Bokas a 190mt mar, Ar em tudo, gar camionete",Não identificado,apartamento,2,1.0,7,481.0,474.3774512605042,238.0,55,4.909999847412109,4,True,False
1202808115752579073,Flat Meia Praia - Infinity Tower 705,Meia Praia,apartamento,0,1.0,4,,,,1,4.0,4,True,False
721635424816164605,Apartamento de luxo. Novo. Alto Padrão. Quadra mar,Meia Praia,apartamento,3,4.0,8,740.0,751.664334965035,143.0,14,5.0,5,True,False
986217694270946924,Apartamento beira-mar/Meia Praia,Meia Praia,apartamento,1,2.0,8,,,,5,5.0,5,False,False
40438783,"Casa com piscina, em itapema",Não identificado,casa,3,2.0,8,,,,0,,0,False,False
31284638,Vista mar com hidromassagem em Itapema,Centro,apartamento,3,0.0,8,990.0,932.0689655172414,87.0,21,5.0,5,True,True
1254225649735122492,Apto Itapema a 100m da Praia,Não identificado,apartamento,2,1.0,6,,,,1,5.0,5,False,False
1182694533857824250,Apto para 7 pessoas em Itapema,Meia Praia,apartamento,3,3.0,7,,,,0,,0,True,False
53717416,Lindo apto 1 quadra do mar Meia Praia EIS305,Meia Praia,apartamento,3,2.0,6,644.0,687.8403550561798,178.0,34,4.5,4,False,True
46036384,Apto luxo ampla vista mar de Itapema-200m da praia,Canto da Praia,apartamento,2,2.0,6,330.0,341.0257352941176,136.0,51,4.920000076293945,4,True,False
21324331,⚡Apto CENTRAL a 40m da PRAIA #TUDO PERTO #Ar+WiFi,Meia Praia,apartamento,2,1.0,6,802.0,797.9677419354839,93.0,195,4.900000095367432,4,True,False
1005318923013871091,"Apto 3 dormitórios, Meia Praia Itapema/SC.",Meia Praia,apartamento,3,2.0,8,,,,0,,0,False,False
1317427472349939673,Casa na beira da praia,Não identificado,casa,3,2.0,9,1000.0,1000.0,91.0,0,,0,False,False
1310198838605428702,Apto confortável a 150 m da praia (201),Meia Praia,apartamento,3,2.0,8,,,,1,5.0,5,False,False
1053008149558341270,E) quadra Mar Meia Praia Itapema/SC,Meia Praia,apartamento,2,1.0,6,,,,3,4.329999923706055,4,False,False
1049326819777203032,cobertura 240metros praia,Não identificado,apartamento,1,1.0,4,,,,3,4.0,4,True,False
1285210356898297607,Quarto (n° 3) até 6 hóspedes com ar,Meia Praia,outros,1,2.0,6,,,,2,4.5,4,True,False
27022969,"Apartamento cobertura 4 quartos , 3 vagas garagem",Não identificado,apartamento,4,4.0,8,1808.0,1726.4677773333333,150.0,2,5.0,5,False,False
1041406659315540390,Cuadra Mar Vista mar,Não identificado,apartamento,3,3.0,7,,,,0,,0,False,False
782548209247570691,03 suítes Meia Praia Vista Mar! ÓTIMA Localização!,Meia Praia,apartamento,3,3.0,8,700.0,699.9406568181819,132.0,32,4.940000057220459,4,True,False
980310639590708922,Apto aconchegante e próx a praia em Itapema RGO702,Não identificado,apartamento,2,2.0,4,594.0,664.452167264574,223.0,21,4.860000133514404,4,False,True
709346217026755868,Apartamento frente para Av Nereu Ramos,Não identificado,apartamento,3,2.0,6,,,,13,4.690000057220459,4,False,False
32035183,Casa - 3 pessoas  Itapema/SC,Não identificado,casa,1,1.0,3,,,,11,4.820000171661377,4,False,False
21471023,APARTAMENTO MEIA PRAIA (Excelente Custo Beneficio),Meia Praia,apartamento,3,3.0,10,,,,0,,0,False,False
1307990731854726273,Apartamento Quadra Mar,Meia Praia,apartamento,3,1.0,7,,,,0,,0,True,False
841394344184198064,Piscina Privativa & Vista P/ Praia | 3 Suítes,Centro,apartamento,3,4.0,8,600.0,662.8202247191011,89.0,39,4.900000095367432,4,False,False
1186108413179366346,Cabana privativa com garagem,Não identificado,casa,1,1.0,3,,,,4,3.75,3,True,False
12931525,Amplo apto e ótima localização Meia Praia Itapema,Meia Praia,apartamento,3,1.0,6,400.0,417.57272672727277,110.0,20,4.849999904632568,4,False,True
1042891359278676628,Perto do Shopping Russi & Russi,Meia Praia,apartamento,3,3.0,8,,,,0,,0,False,False
16192299,"Apto a 50 metros do Mar, com 3 suítes.",Centro,apartamento,3,3.0,6,,,,24,4.920000076293945,4,False,False
855593191687560480,Apto. Rua 248. Próx. AO MAR e Shop. RUSSI,Não identificado,apartamento,3,2.0,8,,,,9,4.889999866485596,4,True,False
16661542,DK4 Casa 3dorm 2vagas Churr Piscina Sinuta,Meia Praia,casa,3,1.0,12,,,,7,4.289999961853027,4,False,False
42602544,Próximo ao centro de Meia-Praia.,Centro,apartamento,2,2.0,4,,,,7,4.710000038146973,4,True,False
1283982403734255309,Charmoso apto vista mar 280m da Praia MHF1907,Centro,apartamento,1,1.0,4,586.6667,593.4635112426035,169.0,11,4.909999847412109,4,False,True
559902123122561436,302-Ap no centro de Itapema c/ vaga de garagem,Centro,apartamento,2,2.0,6,,,,3,5.0,5,False,False
815250550195229821,Apt bem localizado na Meia Praia,Meia Praia,apartamento,1,2.0,6,,,,1,5.0,5,False,False
784714566938065959,AP vista mar pra família toda,Não identificado,apartamento,4,4.0,12,,,,0,,0,False,False
1290672259081353958,Quarto 2 Pessoas Itapema temporada,Não identificado,outros,1,1.0,2,,,,1,5.0,5,False,False
765352987934363967,Apto Meia Praia 3 Suítes,Meia Praia,apartamento,3,3.0,8,,,,2,5.0,5,False,False
46812114,Lindo Apartamento de frente pro mar com 3 garagens,Não identificado,apartamento,3,3.0,8,,,,3,5.0,5,False,False
974676828545143124,5268 Apartamento 3 quartos no Centro de Itapema,Centro,hotel,3,3.0,6,,,,0,,0,False,True
979807633052942844,"Excelente e Confortável, 3 Suítes, 280m Meia Praia",Meia Praia,apartamento,3,3.0,6,,,,1,5.0,5,False,False
760805979001764233,Casa  Aconchegante e Familiar em Meia Praia,Meia Praia,casa,3,1.0,9,650.0,650.0,3.0,9,4.78000020980835,4,False,False
1320326783400396215,Apto aconchegante em Meia Praia.,Meia Praia,apartamento,2,2.0,5,,,,0,,0,False,False
739015384619300207,(220) Vista para o mar com 4 amplas suítes,Não identificado,apartamento,4,5.0,12,1604.0,1605.9092505747126,174.0,45,4.869999885559082,4,True,True
1168127800153462670,Apto Meia Praia - 60m Mar - 4 quartos,Meia Praia,apartamento,4,3.0,13,,,,5,5.0,5,False,False
11008083,"Ap. Meia-Praia, 50m do Mar / próx. ao Russi&Russi",Não identificado,apartamento,3,2.0,8,,,,3,5.0,5,False,False
1238321506456103932,Apto a apenas 280m da Praia em Itapema MHF1609,Não identificado,apartamento,2,2.0,6,770.0,760.2575757575758,198.0,9,4.670000076293945,4,False,True
45935232,"Apartamento quadra mar, mobiliado para temporada !",Não identificado,apartamento,2,1.0,6,,,,0,,0,False,False
52582961,"Requinte e conforto de um frente mar, pé na areia.",Centro,apartamento,2,2.0,4,,,,3,4.670000076293945,4,False,False
1259534245145609058,Studio Sofisticado Vista Mar e Lazer! MHFA1607,Centro,apartamento,1,1.0,2,384.0,444.06282027972026,143.0,10,5.0,5,False,True
22367379,"Apartamento,ótima localização,conforto e segurança",Meia Praia,apartamento,2,2.0,5,,,,213,4.949999809265137,4,False,False
1226369560634486253,Excelente Apartamento Central,Meia Praia,apartamento,3,3.0,6,,,,0,,0,False,False
1279733743094620459,Apto a poucos metros do mar!,Meia Praia,apartamento,3,3.0,8,,,,1,1.0,1,False,False
604521043281534642,"Amplo apartamento, vista maravilhosa frente Mar.",Não identificado,apartamento,4,3.0,7,1080.0,927.4074074074074,27.0,40,4.949999809265137,4,True,False
894985131313802009,Amplo apto 7 min do mar na Meia Praia EIO203,Meia Praia,apartamento,3,2.0,8,627.0,679.443641618497,173.0,6,4.329999923706055,4,False,True
1072545209824901036,"Itapema frente mar 
pé na Areia",Não identificado,apartamento,3,2.0,7,,,,0,,0,False,False
53337464,Apartamento pertíssimo da praia!,Não identificado,apartamento,2,2.0,6,550.0,656.4424242424243,165.0,14,5.0,5,False,False
46222390,"Lindo apartamento, Itapema, SC, 200 mt da praia",Não identificado,apartamento,2,1.0,6,500.0,483.32876712328766,73.0,6,4.829999923706055,4,False,False
976945230870631103,Apto. Luxo Edifício Frente Mar 4 Suítes (1 Master),Não identificado,apartamento,4,4.0,8,,,,5,4.800000190734863,4,False,False
1018009430361037830,Apto ótimo pertinho do mar!,Não identificado,apartamento,2,2.0,8,,,,0,,0,False,False
572368704250611987,Apartamento Quadra Mar no coração da Meia Praia SC,Meia Praia,apartamento,2,2.0,5,550.0,506.6388888888889,36.0,35,4.860000133514404,4,True,False
30922946,"SUÍTE:frigobar, ar cond, wi-fi, smart TV Ed Muniqu",Não identificado,outros,1,1.0,2,150.0,199.6056338028169,71.0,92,4.980000019073486,4,True,False
761791400447949684,Duplex com churrasqueira em Itapema SC,Não identificado,apartamento,3,2.0,7,,,,0,,0,False,False
1056582819102883602,Tropical Home,Meia Praia,apartamento,2,1.0,6,,,,0,,0,False,False
40920962,LINDO APARTAMENTO 2 DORMITÓRIOS A 120MTS DO MAR,Meia Praia,apartamento,2,2.0,6,,,,0,,0,False,False
38980085,Apt a 150m do mar com 3 suítes e 3 garagens,Não identificado,apartamento,3,3.0,8,930.0,995.0176991150443,226.0,13,5.0,5,False,False
1314789151621799910,Tranquilidade para casal Itapema,Não identificado,outros,1,2.0,2,,,,1,5.0,5,False,False
48042920,"Casa pé na areia, de frente ao mar em Itapema",Não identificado,casa,3,2.0,8,,,,0,,0,False,False
1320556897418384859,Fique no coração da Meia Praia a 30mts do mar,Meia Praia,apartamento,2,2.0,6,,,,0,,0,False,False
16804726,Apto NOVO- 3 Suítes 2 Vagas Garagem,Não identificado,apartamento,3,4.0,10,,,,0,,0,False,False
824716714835061158,Cobertura zona 1 meia praia.,Meia Praia,apartamento,3,2.0,7,,,,2,5.0,5,False,False
1313144034274766322,Apartamento em Meia Praia,Meia Praia,apartamento,3,4.0,8,,,,0,,0,False,False
1237872426515152443,apto quadra mar em meia praia,Meia Praia,apartamento,3,2.0,6,,,,0,,0,False,False
1040784559215923309,Casa para Locação 150 mt do Mar,Não identificado,casa,3,1.0,6,,,,4,4.5,4,False,False
35251479,Frente mar maravilhoso !!!   acomoda 8 4 quartos,Não identificado,apartamento,4,3.0,8,,,,13,4.690000057220459,4,False,True
734707774394612996,"Frente mar, pé na areia",Meia Praia,apartamento,3,2.0,9,1400.0,1417.877358490566,53.0,36,5.0,5,True,False
1320244297875951003,"Ótimo apartamento, com lazer.",Não identificado,apartamento,2,1.0,5,,,,0,,0,False,False
776868780194110778,Meia Praia 2 suítes Res. Anita,Meia Praia,apartamento,2,2.0,8,,,,0,,0,False,False
1056714372479342999,Quadra mar com linda vista,Não identificado,apartamento,3,2.0,8,,,,0,,0,False,False
1313034607802481095,Alugue Seu Apê em Meia Praia!,Meia Praia,apartamento,3,4.0,10,,,,1,5.0,5,False,False
36632832,O melhor lugar para curtir suas férias.,Não identificado,apartamento,3,2.0,8,450.0,576.9188481675393,191.0,41,4.849999904632568,4,False,False
40576710,Casa para aluguel de verão - 250 metros do mar,Meia Praia,casa,4,2.0,10,500.0,541.5254237288135,59.0,10,4.800000190734863,4,False,False
1258552591163936031,recanto do gaúcho,Não identificado,casa,2,2.0,10,,,,0,,0,False,False
834645644371228115,"Suíte Mar, privativa com vista deslumbrante do mar",Centro,outros,1,1.0,2,300.0,300.0,38.0,14,4.929999828338623,4,False,False
17434239,"Verde e Mar. Frente para o mar Meia Praia, Itapema",Meia Praia,apartamento,3,2.0,8,,,,128,4.909999847412109,4,True,False
1053078341808957766,Apartamento praia Itapema-sc,Não identificado,apartamento,2,2.0,5,,,,0,,0,False,False
53599319,Lindo apartamento em condomínio familiar,Não identificado,casa,3,2.0,8,,,,1,5.0,5,False,False
53133078,Apto na melhor localização de Itapema - Meia Praia,Meia Praia,apartamento,3,3.0,6,,,,4,4.75,4,False,False
31103520,Apto com 4 suítes  recém mobiliado a 60 m da praia,Não identificado,apartamento,4,4.0,8,,,,0,,0,False,False
1199587121851873718,kitnet Container 6,Não identificado,outros,0,0.0,2,,,,0,,0,False,True
44153810,Apartamento Lindo.Você vai se apaixonar ❤️🌄🏖️🏝️,Não identificado,apartamento,2,1.0,4,199.0,188.375,48.0,35,4.909999847412109,4,False,False
1314387592587159598,Apartamento Vô Pedro em Itapema Sc,Não identificado,apartamento,2,2.0,6,,,,0,,0,False,False
37183669,"Apart. Novo c/ Wi-Fi, Netflix, Ar-condicionado",Centro,apartamento,2,1.0,6,,,,114,4.820000171661377,4,True,True
53448627,Apartamento na Quadra Mar em Meia Praia - Itapema,Meia Praia,apartamento,3,2.0,12,475.0,525.9509817647058,68.0,6,5.0,5,False,False
1281374746325498940,Apartamento em  meia praia,Meia Praia,apartamento,3,4.0,8,,,,0,,0,False,False
766788707373767791,Apartamento ao lado da Praia,Não identificado,apartamento,3,3.0,8,520.0,490.71079545454546,88.0,23,4.909999847412109,4,True,False
580407424598756855,Condomínio Natália,Não identificado,apartamento,3,2.0,10,365.0,471.82768305084744,59.0,11,5.0,5,True,False
1284184965610419280,Apartamento de luxo,Não identificado,apartamento,3,3.0,7,,,,1,5.0,5,False,False
569254356071404463,Apartamento  frente p Mar Itapema centro 4 quartos,Centro,apartamento,4,3.0,8,,,,0,,0,False,
1078261284424187966,Apartamento próximo/vista mar,Não identificado,apartamento,3,2.0,6,,,,0,,0,False,False
11044577,Zona segura e central a 30 metros do mar,Centro,apartamento,1,1.0,4,378.0,384.6154545454545,55.0,26,4.380000114440918,4,False,False
39629644,Apto Sob Medida (AR+WIFI+TVs+2v GARAGEM)Meia Praia,Meia Praia,apartamento,3,2.0,6,350.0,433.64319267605634,71.0,84,4.949999809265137,4,True,False
36136004,90m da praia Apartamento grande Meia Praia Itapema,Meia Praia,apartamento,3,2.0,7,,,,45,5.0,5,True,False
787195284335262595,APT bem localizado quadra mar,Meia Praia,apartamento,3,2.0,7,550.0,576.7590233121019,157.0,11,5.0,5,True,False
1249371220066552412,Apto moderno vista mar a 280m da Praia MHF2105,Não identificado,apartamento,1,1.0,4,599.0,598.2648155555556,180.0,12,4.920000076293945,4,False,True
1242981323241444070,Apartamento frente mar Itapema,Não identificado,apartamento,3,2.0,8,,,,0,,0,False,False
35520112,Refúgio Malbec,Não identificado,apartamento,2,2.0,6,,,,4,4.25,4,False,False
46970731,APARTAMENTO ALTO PADRÃO tela de prot. nos quartos,Meia Praia,apartamento,3,3.0,8,,,,0,,0,False,
1189331897618015345,Apto Charmoso a Poucos Passos do Mar - MHF0609,Centro,apartamento,2,2.0,6,693.0,719.632447826087,207.0,17,4.820000171661377,4,False,True
1249211268837274869,Apartamento novo.,Não identificado,apartamento,3,3.0,6,,,,0,,0,False,False
1073771138941507010,Apto de Beth,Não identificado,apartamento,2,2.0,6,,,,1,5.0,5,False,False
1097203193949693989,Quarto privado com Ar,Não identificado,outros,1,1.0,2,,,,5,5.0,5,True,False
1299141322658958069,"Apart quadra mar, 5 minutos da praia",Não identificado,apartamento,3,3.0,6,,,,1,5.0,5,False,False
1303037995885447859,(318) Perto quadra do mar,Não identificado,apartamento,2,1.0,7,,,,2,4.5,4,True,True
43601494,Aluguel temporada ou períodos na temporada,Não identificado,outros,3,2.0,6,,,,7,5.0,5,False,False
1045157338035795486,Apto 400 metros da praia,Meia Praia,apartamento,2,2.0,5,,,,4,4.5,4,False,False
36452039,Apartamento alto padrão frente mar em Meia Praia,Meia Praia,apartamento,4,4.0,10,,,,4,5.0,5,False,False
760947613603556887,Apartamento aconchegante com estacionamento,Não identificado,apartamento,2,1.0,6,,,,4,5.0,5,False,False
798475021925579344,"Um apartamento novo! Morretes, itapema",Morretes,apartamento,2,2.0,5,300.0,330.8125,120.0,20,4.900000095367432,4,True,False
1310761836598013860,Chalé Girassol,Não identificado,casa,1,1.0,6,,,,0,,0,False,False
1316053057404845789,"casa para alugar
com 1 quarto de casal",Não identificado,casa,1,1.0,4,,,,1,5.0,5,False,False
1258908908552806926,Apto de luxo quadra do mar,Não identificado,apartamento,3,4.0,8,,,,0,,0,False,False
1241431920371635947,Requinte para seu descanso.,Não identificado,apartamento,2,1.0,6,,,,2,5.0,5,False,False
46119574,Seu verão de frente p/ o mar e com 4 suítes amplas,Não identificado,apartamento,4,6.0,9,,,,0,,0,False,False
694063005500099848,"Apto cobertura, finamente mobiliado, pé na areia.",Meia Praia,apartamento,3,3.0,8,,,,0,,0,False,False
1284017614218114612,Casa com piscina de férias em Itapema/SC,Não identificado,casa,4,3.0,15,,,,0,,0,False,False
836836653828097445,Conforto pertinho do mar!,Meia Praia,apartamento,3,2.0,8,,,,7,4.860000133514404,4,False,False
1298060332962663411,Conforto e aconchego a poucos passos do MAR!,Centro,apartamento,1,1.0,4,,,,2,5.0,5,False,False
1054265461023254222,Infinity Tower Flat - 1403,Meia Praia,apartamento,1,1.0,4,500.0,534.0240963855422,166.0,5,5.0,5,False,False
38191694,⭐️Apartamento do Guilherme,Meia Praia,apartamento,2,2.0,6,,,,113,4.840000152587891,4,True,False
1285226211884391167,Quarto (n° 3) até 4 hóspedes com ar,Meia Praia,outros,1,2.0,4,,,,7,5.0,5,True,False
42452666,Apto em Itapema/SC à 100 Metros do Mar.,Não identificado,apartamento,3,2.0,8,,,,5,5.0,5,False,False
985042369672942275,Apartamento inteiro,Não identificado,apartamento,3,2.0,5,,,,0,,0,False,
46107837,"AP 2 quartos praia da ilhota Itapema, 420 mts mar.",Ilhota,apartamento,2,1.0,4,,,,1,5.0,5,False,False
1310891711408211450,Apartamento RP - Litoral,Meia Praia,apartamento,3,2.0,8,,,,2,5.0,5,False,False
1050436179639408484,"Ap amplo, vista e 2º quadras do mar, ar, Tv e wifi",Não identificado,apartamento,3,2.0,8,,,,0,,0,False,
1268188605720765255,Ap quadra mar Itapema 3/4 suíte ar-condicionado,Não identificado,apartamento,3,2.0,8,,,,1,5.0,5,False,False
22428369,01 Suíte + 02 Dormitórios (Frente Mar) [401],Meia Praia,apartamento,3,2.0,7,,,,1,5.0,5,False,False
39810748,Apartamento Meia Praia,Meia Praia,apartamento,3,3.0,7,,,,0,,0,False,False
1046281051880780245,Apartamento aconchegante,Não identificado,apartamento,2,3.0,6,,,,0,,0,False,False
38998610,Kitnet Aconchegante na Praia,Não identificado,casa,1,1.0,3,195.0,195.0,68.0,13,4.849999904632568,4,False,False
1244216647299197138,"Apt Espaçoso 3Q com Suíte, Wi-Fi",Não identificado,apartamento,3,2.0,6,,,,0,,0,False,True
1294573808914208053,Frente Mar Confortável - Rua 263 -501,Não identificado,apartamento,3,3.0,10,,,,0,,0,False,True
1194289561715207569,Apto em Itapema 300mts da praia,Centro,apartamento,2,2.0,4,,,,12,4.920000076293945,4,True,False
21078841,LINDO APTO 3 DORMITORIOS OTIMA LOCALIZAÇÃO!,Não identificado,apartamento,3,2.0,8,,,,0,,0,False,False
1321022086036905023,Apartamento c/ Piscina e Academia MHF1202,Centro,apartamento,2,1.0,5,858.0,899.7364675213676,234.0,0,,0,False,True
1321969665885525873,Apartamento Meia Praia Perto do Mar,Meia Praia,apartamento,3,4.0,7,,,,1,5.0,5,False,False
1303573690157181526,Cobertura Em Meia Praia-SC,Meia Praia,apartamento,3,3.0,9,,,,0,,0,False,False
1037004838842410100,Clube do Mar-Rua 224 Itapema Meia Praia Apto 104 B,Meia Praia,apartamento,1,1.0,3,330.0,310.7857142857143,35.0,12,4.579999923706055,4,True,False
1312957646658225653,Ap  Canto da Praia Itapema,Centro,apartamento,2,2.0,6,,,,0,,0,False,False
1305069739006468111,Achei Itapema 3 suítes e terraço • Ville de Lyon,Não identificado,apartamento,3,3.0,7,,,,0,,0,True,True
51403736,Suite linda para hospede com estacionamento inclui,Não identificado,outros,1,1.0,2,160.0,165.8909090909091,55.0,26,5.0,5,False,False
1242885282115776239,"Rosa 901B, conforto e beira mar",Meia Praia,apartamento,3,3.0,6,,,,0,,0,False,True
53841961,Ap 1 quadra da praia 120 m totalmente climatizado,Não identificado,apartamento,3,2.0,10,,,,1,5.0,5,False,False
1014418701938150991,Apto Bela Vista do Mar a  60 mt da Praia- Centro.,Centro,apartamento,3,3.0,8,,,,0,,0,False,False
1063105649097848850,Casa R.262 - Meia Praia,Meia Praia,casa,3,2.0,10,,,,0,,0,False,False
1299279663008925083,"Apartamento 3 suítes, 2 vagas",Meia Praia,apartamento,3,3.0,6,,,,1,5.0,5,False,False
783879004243392314,apartamento praia,Não identificado,apartamento,3,2.0,6,650.0,710.9958696601942,206.0,30,4.670000076293945,4,True,False
46604700,"Morada Gralha Azul, conforto em Itapema-SC",Não identificado,apartamento,1,1.0,4,350.0,350.73754781609193,87.0,33,5.0,5,True,False
1305843824199247411,Apto de alto padrão - 3 Suítes,Não identificado,apartamento,3,4.0,7,,,,1,5.0,5,False,False
797261187302809924,Apartamento em Itapema.,Não identificado,apartamento,2,2.0,5,500.0,551.2338570680629,191.0,15,5.0,5,True,False
764692834916104045,Apartamento em Itapema SC,Morretes,apartamento,2,2.0,6,,,,1,4.0,4,False,False
536767025073932298,Apto Novo! IMPECÁVEL! Fácil acesso a toda região.,Meia Praia,apartamento,2,2.0,4,,,,3,4.329999923706055,4,False,False
53643568,Uma Quadra e Meia do MAR - 3 Ar / Wi-Fi / SmartTV,Não identificado,apartamento,3,2.0,7,769.0,711.2868852459017,61.0,19,5.0,5,True,True
810817897123849056,SuíteConfort-Itapema,Não identificado,outros,1,1.0,2,,,,1,5.0,5,False,False
1004910078575857573,Sintam-se em casa com vista mar!,Meia Praia,apartamento,3,2.0,7,750.0,765.4794520547945,73.0,12,5.0,5,True,False
1278402651447247510,"Conforto para Família, 3 Suítes, A/C, Wifi 1 giga",Meia Praia,apartamento,3,3.0,6,,,,2,5.0,5,True,True
1053030252161966865,Apartamento aconchegante,Não identificado,apartamento,2,1.0,6,280.0,276.72289156626505,83.0,5,5.0,5,False,False
1309957278392046161,Apartamento NOVO decorado,Não identificado,apartamento,3,3.0,7,,,,0,,0,False,False
1296486250925136982,"Apartamento em itapema, quadra mar",Não identificado,apartamento,3,3.0,7,,,,0,,0,False,False
1043599286749467076,MO Novinho ap completo e climatizado,Meia Praia,apartamento,2,1.0,4,402.25,501.05645161290323,62.0,20,5.0,5,True,True
892626164290483045,Na quadra do mar 03 dormitórios,Meia Praia,apartamento,3,2.0,9,,,,2,4.0,4,False,False
1279886461171365732,Lindo e equipado apto em itapema,Não identificado,apartamento,2,2.0,4,,,,3,5.0,5,False,False
1002785860497857801,Alto padrão pé na areia 8,Meia Praia,apartamento,3,2.0,6,600.0,600.1641414141415,198.0,12,5.0,5,True,
21608050,Apartamento em Itapema proximo ao Mar.,Não identificado,apartamento,3,2.0,7,,,,5,4.599999904632568,4,False,False
1297798923844211366,Piscina uso exclusivo!,Não identificado,apartamento,2,1.0,6,,,,2,5.0,5,False,False
1310298092659359080,Apartamento na praia em itapema,Centro,apartamento,3,3.0,8,,,,1,5.0,5,False,False
694313018923554703,Apartamento Frente Mar Meia Praia,Meia Praia,apartamento,3,2.0,7,650.0,1005.663520754717,53.0,5,5.0,5,True,True
1090096975026452849,Apartamento Confortável Shopping Russi ao seu lado,Não identificado,apartamento,2,2.0,6,,,,1,5.0,5,False,False
1202150668882366518,Apartamento quadra mar,Meia Praia,apartamento,4,3.0,10,,,,0,,0,False,False
1311201273743600960,Apartamento até 12 hóspedes,Meia Praia,apartamento,3,3.0,12,,,,1,5.0,5,True,False
1188323084225041810,Apartamento Charmoso c/ Vista para o Mar - MHF1803,Centro,apartamento,1,1.0,4,599.5,601.8693691891892,185.0,14,4.860000133514404,4,False,True
41634696,Casa a 800 metros da Praia,Não identificado,casa,3,2.0,8,500.0,502.6666666666667,84.0,22,4.590000152587891,4,False,False
1288295676440566087,Amplo e confortável apto 190metros da Praia!,Não identificado,apartamento,3,2.0,6,,,,3,5.0,5,False,False
1036329392471661752,A2- Apto Itapema 150 M da praia,Centro,apartamento,2,1.0,6,,,,2,5.0,5,True,False
869504505210568410,Frente Mar em Itapema,Não identificado,apartamento,2,2.0,5,1250.0,1162.5,80.0,6,5.0,5,False,False
1310100237992945017,Vista Mar para 7 pessoas,Não identificado,apartamento,3,4.0,7,,,,1,5.0,5,False,False
42788291,"90m praia, apartamento espaçoso itapema Meia Praia",Meia Praia,apartamento,3,2.0,7,700.0,632.5925925925926,54.0,43,4.880000114440918,4,True,False
53402429,Apartamento lindo com 2 vagas de garagem  vistsmar,Não identificado,apartamento,4,3.0,8,,,,0,,0,False,False
1085348408933830146,Apartamento Meia praia,Meia Praia,apartamento,2,1.0,6,,,,0,,0,False,False
1058009712463559090,Apartamento Próximo Mar 3 Suítes - AL005,Meia Praia,apartamento,3,3.0,8,,,,2,5.0,5,True,False
40989500,"Ap. 1 quadra do mar,  no coração de meia praia",Meia Praia,apartamento,2,2.0,6,,,,7,4.570000171661377,4,False,False
1048747479672054315,Loft - Próximo da praia,Não identificado,casa,1,1.0,2,,,,1,5.0,5,False,False
1085437829031467755,Apartamento Frente mar em Itapema Ref.1486,Não identificado,apartamento,2,2.0,6,600.0,690.3572514285714,77.0,1,5.0,5,False,False
1242896115291721538,"Apartamento Novíssimo, 2 quartos , 2 banheiros",Não identificado,apartamento,2,2.0,6,,,,1,5.0,5,False,False
39664483,CONFORTO E ÓTIMA LOCALIZAÇÃO,Não identificado,apartamento,3,2.0,7,,,,3,5.0,5,False,False
40224344,Apto para temporada em Meia Praia ed. frente mar,Meia Praia,apartamento,3,2.0,9,,,,10,4.900000095367432,4,False,False
1008683031872853246,Residencial Styllus.,Morretes,apartamento,1,2.0,5,,,,0,,0,False,False
747912914608461204,S3 - Encantadora kitnet a 150 metros praia central,Centro,apartamento,1,1.0,3,,,,45,4.889999866485596,4,True,False
41003097,Apartamento completo com amplo terraço,Não identificado,apartamento,3,2.0,6,,,,10,4.800000190734863,4,False,False
1252125533407651217,"Prático, preço justo, Itapema.",Meia Praia,apartamento,1,1.0,3,,,,9,4.440000057220459,4,False,False
36522641,"SUÍTE ACONCHEGANTE em Meia Praia, a 550m do mar.",Meia Praia,outros,1,1.0,4,,,,3,5.0,5,True,False
809367412763646767,três suítes com vista para o mar,Não identificado,apartamento,3,3.0,6,,,,1,5.0,5,True,False
1271708243637328092,"2min da praia, vista do Shopping",Não identificado,apartamento,2,2.0,7,,,,0,,0,False,True
1059514414382062471,Casa em Itapema próximo a praia.,Não identificado,casa,2,1.0,6,,,,0,,0,False,False
914342944500490787,Apartamento de Luxo / AL045,Meia Praia,apartamento,3,4.0,8,583.0,694.1150785714285,42.0,5,5.0,5,True,False
971928731932576105,Apto de alto padrão Meia Praia,Meia Praia,apartamento,3,0.0,10,,,,2,5.0,5,False,False
40154354,Casa para temporada - ótima localização em Itapema,Centro,casa,4,3.0,14,,,,57,5.0,5,True,False
54005716,"Casa da Vista. Mata Atlântica, vista para o mar.",Não identificado,casa,1,1.0,4,800.0,800.0,43.0,43,4.860000133514404,4,False,False
566707730118397749,Pé na Areia Meia Praia,Meia Praia,apartamento,3,2.0,8,,,,3,5.0,5,True,True
812231708820863156,O +barato 2º prédio do mar Vista mar Meia praia 4Q,Meia Praia,apartamento,4,3.0,8,500.0,677.4065674242424,132.0,19,4.789999961853027,4,True,False
1236367599770739400,Frente Mar: Sua melhor escolha!,Não identificado,apartamento,1,1.0,4,600.0,579.1864406779661,59.0,15,4.730000019073486,4,True,False
1308003456066797841,Apto 2 suítes 300 m Praia,Não identificado,apartamento,2,2.0,6,,,,0,,0,True,False
31278015,Meia praia 300m do mar Wi-fi próximo de tudo,Meia Praia,apartamento,3,2.0,8,430.0,504.2857142857143,56.0,14,4.429999828338623,4,False,False
1031191506375669051,Amplo apartamento com terraço.,Não identificado,apartamento,3,1.0,6,,,,2,5.0,5,False,False
737760644809418314,Apartamento Itapema Meia Praia ótima localização,Meia Praia,apartamento,3,2.0,8,,,,19,5.0,5,True,False
1063936355834013905,Apartamento  meia praia,Meia Praia,apartamento,2,2.0,4,,,,1,5.0,5,False,False
53607249,Casa Agradável em Itapema,Não identificado,casa,2,1.0,1,,,,0,,0,False,False
1163772289534164479,Casa Frente Mar em Itapema,Centro,casa,4,3.0,12,1700.0,1704.6862068965518,145.0,0,,0,True,False
1279731808250758754,"Apartamento 3Q, mobiliado",Não identificado,apartamento,3,2.0,6,,,,1,5.0,5,False,False
1305082121510545689,Ap Águas do Atlântico 40 metros do mar,Não identificado,apartamento,3,3.0,7,,,,0,,0,False,False
1005970354089765680,Rua 420 500 mts da Havan,Não identificado,apartamento,2,1.0,6,,,,4,4.75,4,True,False
578087513685013480,Frente para o mar excelente localização.,Centro,apartamento,3,3.0,7,,,,3,4.329999923706055,4,True,False
52938019,Excelente Ap no canto da praia!,Canto da Praia,apartamento,2,3.0,4,,,,0,,0,False,False
52596621,"Ap Novo pé na areia,2.vagas garagem.
Rua 323B.",Meia Praia,apartamento,3,3.0,6,1186.6666,1074.6828287878786,264.0,11,5.0,5,False,False
1054996940106707859,Quarto suíte,Não identificado,outros,1,0.0,2,,,,2,5.0,5,True,False
1297766503358555668,4suites pé na areia vista linda,Não identificado,apartamento,4,4.0,10,,,,0,,0,False,False
1084894176510731700,Apto 3 suítes 200 m do mar,Não identificado,apartamento,3,3.0,8,,,,0,,0,True,False
1180542460797069093,Apartamento Quadra Mar,Não identificado,apartamento,3,2.0,6,,,,0,,0,False,False
1079155643925534801,Apartamento,Não identificado,apartamento,2,3.0,4,,,,2,5.0,5,False,False
978095320445301654,"Meia Praia, 3 suítes, conforto a 140 metros do mar",Meia Praia,apartamento,3,3.0,8,900.0,908.1928580952382,210.0,17,4.880000114440918,4,True,False
1321186521312194375,Sobrados Frente Mar na praia Grossa,Não identificado,casa,4,3.0,14,,,,0,,0,False,False
975582815327685318,Apartamento 2 suítes Itapema Centro temporada,Centro,apartamento,2,3.0,5,,,,2,5.0,5,False,False
39420557,Apartamento   aconchegante com 3 suítes.,Não identificado,apartamento,3,3.0,8,800.0,799.2590909090909,99.0,7,5.0,5,False,False
45382246,Cobertura (403) enorme c/ 4 dorm. na Beira Mar,Não identificado,apartamento,5,4.0,12,850.0,648.5394736842105,38.0,32,4.630000114440918,4,False,False
1057917779583184658,"Casa charmosa a 5 min da Praia, Itapema-SC",Não identificado,casa,2,1.0,5,,,,4,4.5,4,False,True
1257997974424903579,Melhor localização de Meia Praia,Meia Praia,apartamento,3,2.0,6,,,,1,5.0,5,False,False
1207383031689344642,Flat ao lado da praia em Itapema!,Centro,apartamento,1,1.0,4,800.0,674.9166666666666,192.0,8,4.880000114440918,4,False,False
1036119511987614049,Apto moderno e aconchegante,Meia Praia,apartamento,2,2.0,4,,,,7,5.0,5,True,False
21734892,3 quartos junto à praia,Centro,apartamento,3,2.0,8,800.0,792.4940476190476,168.0,37,4.920000076293945,4,True,False
18356021,Lindo Apartamento-Melhor localização de Meia Praia,Meia Praia,apartamento,2,2.0,5,,,,2,5.0,5,False,False
52884842,Lindo Apartamento 4 Suítes com Vista para o Mar,Meia Praia,apartamento,4,4.0,10,1900.0,1900.0,89.0,5,5.0,5,False,False
38852725,Relaxe! Vista para o mar no coração da Meia Praia,Meia Praia,apartamento,3,2.0,8,450.0,516.3962264150944,159.0,44,4.980000019073486,4,True,False
1274231902997199249,Novo e privilegiado!,Centro,apartamento,2,2.0,6,,,,1,5.0,5,False,False
40885488,Carinho e lazer.,Não identificado,apartamento,2,2.0,6,,,,21,4.860000133514404,4,False,False
1079736098275808115,Apto Meia Praia com 3 suítes,Meia Praia,apartamento,3,3.0,6,,,,0,,0,True,False
985716714802993034,Cobertura Bela Vista,Não identificado,apartamento,2,2.0,4,500.0,425.144927826087,115.0,12,5.0,5,False,False
1230592260568390825,Cobertura duplex frente mar,Não identificado,apartamento,4,3.0,8,,,,7,5.0,5,False,False
52488813,"APARTAMENTO IMPECAVEL, PROXIMO AO MAR!",Não identificado,apartamento,2,1.0,7,,,,0,,0,False,False
894058910721203586,Edifício Garden Park,Não identificado,apartamento,2,2.0,5,,,,0,,0,False,False
1300621791729361500,Sol  na Meia Praia,Meia Praia,apartamento,2,1.0,4,,,,0,,0,False,False
1277671971539993475,"Studio vista mar em Itapema, 200m da praia",Não identificado,apartamento,1,1.0,2,273.5,281.9166666666667,30.0,13,5.0,5,True,False
53921179,Apto completo no Coração da Meia Praia / Rua 252,Meia Praia,apartamento,2,3.0,7,,,,1,5.0,5,False,False
1264422313924262574,Locação-temporada Meia Praia,Meia Praia,apartamento,3,2.0,8,,,,0,,0,False,False
1260289196704371121,No coração de Meia Praia a 70 metros do mar,Meia Praia,apartamento,2,2.0,6,,,,0,,0,False,False
22231120,Morada Colibri na Praia de Ilhota em Itapema SC,Ilhota,apartamento,1,1.0,4,341.0,334.46041675000004,80.0,62,4.96999979019165,4,True,False
1234840430009435266,Melhor vista de Itapema,Não identificado,apartamento,3,4.0,7,,,,0,,0,False,False
742262889162653132,Mini casa na praia,Canto da Praia,casa,1,1.0,2,180.0,177.01785714285714,56.0,14,4.710000038146973,4,False,False
802883982943734959,"Ap c/ Terraço, 2 quadras da Praia em Itapema P1771",Tabuleiro,apartamento,2,2.0,6,,,,13,4.539999961853027,4,False,True
1288267680714721244,"Ap. MEIA PRAIA -Itapema  3 suítes, a 90 m.  do mar",Meia Praia,apartamento,3,3.0,10,,,,1,5.0,5,True,False
1303950296514105598,Casa na Meia Praia,Meia Praia,casa,3,2.0,10,,,,1,5.0,5,False,False
907860020131847972,Ap 3 Quartos 150m do mar no Coração da Meia Praia,Meia Praia,apartamento,3,2.0,10,,,,3,5.0,5,True,False
45480718,"Apartamento com 3 quartos climatizados, Rua 242.",Não identificado,apartamento,3,2.0,8,450.0,343.5925925925926,27.0,34,4.760000228881836,4,True,False
1313743611935861864,"Apartamento 350m da praia,vista lateral para o mar",Não identificado,apartamento,3,3.0,8,,,,0,,0,False,False
984679583983478210,Lindo apartamento em Itapema,Centro,apartamento,3,3.0,8,,,,3,4.0,4,False,False
1160156338263528718,Apto inteiro : Praia e Shopping a Poucos Passos,Não identificado,apartamento,2,2.0,6,,,,7,4.860000133514404,4,True,False
21632405,Aluguel temporada com 3 quartos - Meia Praia *006,Meia Praia,apartamento,3,2.0,8,408.0,505.2117655462185,119.0,11,4.820000171661377,4,True,False
1055195186250667088,Casa com piscina,Não identificado,casa,3,2.0,8,,,,0,,0,False,False
1310412582994767869,"AP de Alto Padrão 
Meia Praia",Meia Praia,apartamento,3,4.0,8,,,,0,,0,False,False
1285561344532150278,Apartamento em Meia praia férias,Meia Praia,apartamento,3,3.0,8,,,,0,,0,False,False
1284981847089242773,Quarto (n° 1) até 8 hóspedes com ar,Meia Praia,outros,1,2.0,8,,,,1,5.0,5,True,False
773292563863688188,Itapema 262,Não identificado,apartamento,3,2.0,7,,,,4,5.0,5,True,False
1202917826991157371,Flat Meia Praia Infinity 1209,Meia Praia,apartamento,1,1.0,4,,,,0,,0,True,False
730553947980169722,Itapema - Frente mar com 2 vagas de garagem,Não identificado,apartamento,3,2.0,8,900.0,850.2008620903955,177.0,7,5.0,5,False,False
1008731134339437868,Apartamento em Itapema a 1 kilometro da praia,Não identificado,apartamento,2,2.0,4,,,,1,5.0,5,False,False
1252773634193081756,Suíte King,Não identificado,outros,1,1.0,2,,,,0,,0,False,False
618943952389206201,"Prédio frente p/ mar, apt lateral com vista p/ mar",Meia Praia,apartamento,2,2.0,6,400.0,525.4240196078431,204.0,13,4.849999904632568,4,False,False
47173935,Apartamento Itapema bem localizado 4 quartos,Não identificado,apartamento,4,2.0,10,,,,8,4.380000114440918,4,False,False
1312563450729289364,Apartamento arejado confortável,Não identificado,apartamento,2,2.0,6,,,,0,,0,False,False
766164030583614114,Ótimo apartamento em meia praia,Meia Praia,apartamento,3,2.0,8,,,,3,5.0,5,False,False
18395333,Cobertura a 50 metros do mar!,Não identificado,apartamento,3,3.0,8,600.0,611.8915662650602,166.0,63,4.980000019073486,4,True,False
1281987799901691070,Residencial Joia do Oceano,Não identificado,apartamento,4,5.0,12,,,,0,,0,False,False
1261524695736463590,Cobertura duplex beira-mar,Não identificado,apartamento,4,3.0,12,,,,3,5.0,5,False,False
1164552650830621688,Apartamento itapema fino acabamento,Não identificado,apartamento,2,1.0,4,,,,0,,0,False,False
742766346462755065,Aluguel verão 4 quartos pé na areia Meia Praia *11,Meia Praia,apartamento,4,3.0,10,,,,4,5.0,5,True,False
1274876170500024261,"500m da praia, 2 suítes, 1 garagem e pet friendly",Meia Praia,apartamento,2,3.0,4,,,,2,3.0,3,False,False
1044774243475398494,3 Suítes Exclusivas a Passos da Praia,Não identificado,apartamento,3,0.0,8,,,,0,,0,False,False
38957661,190 mts do mar no coração da meia praia 3 ar WIFI,Meia Praia,apartamento,3,3.0,8,400.0,546.8852459016393,122.0,23,4.829999923706055,4,False,False
1308037006040980456,Apto 3 suítes 200 m da Praia,Não identificado,apartamento,3,3.0,8,,,,0,,0,True,False
756694136313805463,"Apto excelente  localização, 250 mts da praia.",Não identificado,apartamento,2,2.0,6,,,,7,5.0,5,False,False
906701409648697471,Apartamento Meia Praia - Pé na areia!,Meia Praia,apartamento,2,2.0,6,598.0,577.4722222222222,144.0,26,4.960000038146973,4,False,False
46430300,Apartamento temporada 3 quartos  – Meia Praia *095,Meia Praia,apartamento,3,2.0,8,,,,8,4.630000114440918,4,True,False
31925849,Apartamento Itapema SC 600m² da praia,Não identificado,apartamento,2,2.0,4,,,,4,5.0,5,False,False
21688662,"My casa, su casa! Conforto com os pés na areia …",Meia Praia,apartamento,3,2.0,8,,,,6,4.829999923706055,4,False,False
645112019862188003,APTO3 COM  WI-FI E TV SMART,Não identificado,apartamento,1,1.0,4,,,,8,5.0,5,False,True
1012914270479739624,Apto grande com terraço a 5min da praia à pé.,Não identificado,apartamento,4,2.0,10,,,,1,5.0,5,False,False
1048767660487985763,Casa para temporada,Não identificado,casa,4,3.0,8,,,,11,4.820000171661377,4,False,False
46678933,"Apt MEIA PRAIA,  3 SUÍTES  1 quadra e meia do mar",Meia Praia,apartamento,3,3.0,7,750.0,760.2484472049689,161.0,8,5.0,5,False,False
35896017,Belo Apartamento proximo da praia em,Não identificado,apartamento,3,2.0,8,,,,5,4.599999904632568,4,False,False
31945494,"Confortável apartamento, Meia Praia Mobiliado, 3ar",Meia Praia,apartamento,3,2.0,8,630.0,575.6151509090909,165.0,32,4.78000020980835,4,False,False
1045592510645908121,Apartamento proximo do Mar,Não identificado,apartamento,2,1.0,7,500.0,502.9846153846154,65.0,20,5.0,5,True,False
41590719,"Apart Meia Praia c/ Wi-fi, Ar e Rede de proteção",Meia Praia,apartamento,2,1.0,6,400.0,420.3419540229885,174.0,58,4.929999828338623,4,True,False
1059689073308729902,Ap em meia praia rua 238,Meia Praia,apartamento,3,3.0,8,,,,5,5.0,5,True,False
1263803469330656434,sinta-se em casa.,Não identificado,casa,1,1.0,6,,,,0,,0,False,False
46120204,Apto equipado e decorado em frente ao mar!,Não identificado,apartamento,3,4.0,6,,,,0,,0,False,False
1137698308528017474,Apto confortável beira mar em Meia Praia CEO0104,Meia Praia,apartamento,3,2.0,6,650.25,707.5915401515151,132.0,7,5.0,5,False,True
1278219253454093437,Casa 4 dormitórios em Itapema/SC,Não identificado,casa,4,2.0,10,,,,0,,0,False,
762112217871324562,"Apto VISTA MAR,3quartos com ar, Meia Praia rua 256",Meia Praia,apartamento,3,1.0,7,600.0,567.9632360294117,136.0,40,4.929999828338623,4,True,False
48624860,Apartamento  suíte+1 MEIA  PRAIA  Itapema  SC,Meia Praia,apartamento,2,2.0,7,250.0,350.0,29.0,13,4.920000076293945,4,False,False
993784190944885340,Apartamento disponivel temporada,Não identificado,apartamento,2,2.0,6,,,,3,4.329999923706055,4,False,False
771187443060599954,A uma quadra e meia do mar!,Não identificado,apartamento,2,2.0,5,,,,0,,0,False,False
1309282730638851817,"Itapema, 130m do mar, c/roupa de cama e toalhas",Não identificado,apartamento,3,2.0,8,,,,0,,0,False,False
1262263525005341905,Apto Aconchegante/Bem localizado,Meia Praia,apartamento,2,2.0,7,,,,4,5.0,5,False,False
29702211,ALUGO SUITE A 50 M DO MAR  EU FICO MORANDO JUNTO.,Não identificado,apartamento,1,2.0,2,,,,0,,0,False,False
578367085112487086,"Apartamento 3 suítes, na Meia Praia, ampla varanda",Meia Praia,apartamento,3,4.0,8,,,,3,5.0,5,False,False
1238305351064076526,Apartamento 3 minutos da praia,Não identificado,apartamento,3,2.0,8,,,,0,,0,False,False
47089646,Lindo apartamento! 20 metros da Praia.  301,Centro,apartamento,2,2.0,7,472.0,526.0039215686274,51.0,15,5.0,5,False,False
1320358322541383975,Lindo apartamento com vista mar,Não identificado,apartamento,4,4.0,8,,,,0,,0,False,False
1275438702868996889,Apto Meia Praia Frente Mar,Meia Praia,apartamento,4,3.0,10,,,,0,,0,False,False
1258179878686783837,Apartamento Visu Frente mar 263,Não identificado,apartamento,3,3.0,8,,,,0,,0,False,False
1074031328011239995,Casa com Piscina à 650m da Praia para 15 Hóspedes,Centro,casa,5,1.0,15,2000.0,1804.9079754601228,163.0,4,5.0,5,False,False
546588792290672978,Quarto 1 à 20 metros da Praia,Não identificado,casa,1,1.0,1,,,,2,4.5,4,True,False
1291246324616435136,Apartamento TOP quadra mar,Não identificado,apartamento,2,3.0,5,,,,0,,0,False,False
52893238,"Lindo apto, 2 quartos com ar 600m / mar,Meia Praia",Meia Praia,apartamento,2,2.0,4,,,,6,4.170000076293945,4,False,False
1281078930772888849,Apartamento a 350 metros do mar,Não identificado,apartamento,2,2.0,6,,,,2,5.0,5,False,False
1302987753650132309,Apartamento lindamente decorado,Não identificado,apartamento,1,2.0,4,,,,0,,0,True,False
1309599527866264203,Aconchegante apartamento,Meia Praia,apartamento,2,2.0,5,,,,0,,0,False,False
22421421,DS1 Casa pátio e piscina privativa meia praia,Meia Praia,casa,2,1.0,11,347.0,434.98854961832063,131.0,4,4.5,4,False,False
1308748861818243743,Lindo Apto Meia Praia,Meia Praia,apartamento,2,3.0,5,,,,1,5.0,5,True,True
47078621,Melhor localização e preço com vista para o mar!,Não identificado,apartamento,2,2.0,7,,,,3,1.3300000429153442,1,False,False
716036257834809292,Apartamento Itapema - 2 Quartos,Não identificado,apartamento,2,1.0,6,,,,0,,0,False,False
1318274454490112599,Apartamento meia praia,Meia Praia,apartamento,2,2.0,6,,,,0,,0,False,False
994403341096621133,Acomodação C para 2 pessoas,Não identificado,casa,1,1.0,2,,,,5,5.0,5,False,False
549806805550927013,Apto 3 quartos/próximo shopping/80 m praia/wi fi,Não identificado,apartamento,3,2.0,6,,,,1,5.0,5,False,False
53151612,Apartamento completo a 60 m do mar,Não identificado,apartamento,2,1.0,6,,,,9,4.559999942779541,4,False,False
51959579,Amplo e Completo Apartamento em Meia Praia,Meia Praia,apartamento,3,2.0,8,,,,8,5.0,5,False,False
1115435634327773140,Meia Praia com Piscina Privativa,Meia Praia,apartamento,4,5.0,11,,,,0,,0,False,False
1030478175785283980,"Marga
4 quartos
10 pessoas",Não identificado,apartamento,4,5.0,10,,,,1,5.0,5,True,False
959414535343481656,Conforto a 2 quadras do Mar em Meia Praia MM9040,Meia Praia,apartamento,2,2.0,4,,,,3,4.670000076293945,4,False,True
38319706,Apto Meia Praia 170 metros do mar…5 min a pé,Meia Praia,apartamento,3,2.0,7,590.0,571.2604163461539,208.0,40,5.0,5,False,False
1311500882675820182,Apto Meia Praia frente mar,Meia Praia,apartamento,4,3.0,8,,,,0,,0,False,False
39007372,Apartamento 3 suítes próximo ao mar. Meia praia,Meia Praia,apartamento,3,3.0,6,1100.0,1101.19203187251,251.0,9,5.0,5,False,False
1023389334658101005,Apartamento 3 suítes quadra do mar,Não identificado,apartamento,3,4.0,8,,,,4,5.0,5,False,False
1321984354394968630,Locação apartamento Itapema,Não identificado,apartamento,2,1.0,4,,,,0,,0,False,False
1049994013491721443,Seu lar na temporada em SC Meia Praia,Meia Praia,apartamento,3,4.0,10,,,,0,,0,False,False
38447436,"Pé na areia, com conforto!",Não identificado,apartamento,3,2.0,7,1127.0,1048.0977443609022,266.0,19,4.840000152587891,4,False,True
1237848486830587998,Lindo refúgio próximo do mar,Não identificado,apartamento,3,3.0,8,,,,9,4.889999866485596,4,False,True
44075219,Frente Mar 1ºandar - Suporte 24HS (moro no prédio),Não identificado,apartamento,3,3.0,8,1887.5,1900.03332,5.0,17,4.880000114440918,4,True,
1260034133844415711,Casa em Itapema/SC,Não identificado,casa,3,2.0,6,,,,2,5.0,5,False,False
833555693958083782,Chalé Nature -sítio,Não identificado,casa,1,1.0,3,,,,8,4.880000114440918,4,False,False
1224816621661733725,Apto completo em Meia Praia a 300 mts do mar,Meia Praia,apartamento,2,2.0,5,,,,1,4.0,4,False,False
1037603943717340020,Apartamento com 03 dormitórios!,Meia Praia,apartamento,3,2.0,6,,,,0,,0,False,False
1262950464625817477,"A 60 Metros MAR, Centro. Itapema",Centro,apartamento,1,2.0,5,,,,0,,0,False,False
1314129346848396866,"Apto luxo, 3 suítes, quadra mar",Não identificado,apartamento,3,3.0,6,,,,2,5.0,5,False,False
951500285874726128,apartamento rua 264. fica a 150 metros da praia.,Não identificado,apartamento,3,2.0,8,,,,2,5.0,5,False,False
45985027,Centro de Meia-Praia com ótima vista.,Centro,apartamento,3,3.0,8,,,,1,5.0,5,True,False
1050319937205410300,AP 2 Suítes  promoção  21  a 27/fev,Não identificado,apartamento,2,3.0,6,,,,5,4.599999904632568,4,False,True
1283582813995831992,"Marga Rizzon
2 quartos 
6 hósp.",Não identificado,apartamento,2,2.0,6,,,,2,4.5,4,True,False
1305943843384035211,3 Suítes amplas e confortáveis na Meia Praia.,Meia Praia,apartamento,3,3.0,7,,,,0,,0,False,False
1052135057955092005,Lindo apartamento aconchegante na quadra do mar,Não identificado,apartamento,3,2.0,8,,,,5,4.800000190734863,4,True,False
1011515351892447552,Rua 250  shopping Russi Russi,Não identificado,apartamento,3,2.0,8,,,,0,,0,True,False
1220498947080181196,Casa de Praia perto do Centro,Centro,casa,3,2.0,7,,,,0,,0,False,False
37109286,Centro itapema sc,Centro,outros,1,1.0,2,,,,0,,0,False,False
1056367666644991307,Apartamento em Itapema SC,Não identificado,apartamento,2,1.0,6,,,,8,4.880000114440918,4,False,False
1065466433141149820,Apto Grande 1 Qto  praia central,Não identificado,apartamento,1,1.0,4,,,,0,,0,False,False
1289104514358781087,"Casa da colina
Itapema SC",Não identificado,casa,5,3.0,15,,,,0,,0,False,False
50395648,"Apto para 6 pessoas, 3 suítes e garagens.",Não identificado,apartamento,3,1.0,6,,,,1,4.0,4,False,False
22191680,Apartamento a 50m do mar Meia Praia/Itapema,Meia Praia,apartamento,2,1.0,6,400.0,460.52884615384613,208.0,94,4.769999980926514,4,True,False
47031355,Apartamento apenas 22 metros do Mar,Meia Praia,apartamento,3,3.0,8,,,,5,4.599999904632568,4,False,False
1287641742874074839,Casa para locação de verão,Não identificado,casa,5,3.0,10,,,,0,,0,False,False
22374889,"apartamento,ampla,confortável, ótima localização",Meia Praia,apartamento,2,2.0,5,,,,334,4.829999923706055,4,False,False
41285546,"Quadra do mar - Meia Praia, Itapema",Meia Praia,apartamento,3,2.0,8,850.0,647.6923076923077,234.0,37,4.96999979019165,4,False,False
31682871,"Apto novo/mobiliado, 2 suítes, elevador-Itapema SC",Centro,apartamento,2,2.0,5,290.0,320.59999983333336,120.0,59,4.679999828338623,4,True,False
726285598642878609,"Apto familiar, alto padrão e perto da praia.",Não identificado,apartamento,3,3.0,8,,,,1,5.0,5,False,False
52172003,Apartamento 102-,Centro,apartamento,2,2.0,6,317.0,317.0,99.0,25,5.0,5,False,False
22243318,"Apto redecorado,150mts mar, coração de Meia-Praia.",Não identificado,apartamento,2,1.0,6,580.0,550.6666666666666,111.0,32,4.840000152587891,4,True,False
1309669918316280944,Apto 3 suítes MeiaPraia Itapema,Meia Praia,apartamento,3,3.0,8,,,,0,,0,False,False
1274814006875329246,Viva perto da praia com conforto,Não identificado,apartamento,3,2.0,6,,,,1,5.0,5,False,False
981894459445949979,"Apartamento 
Quadra Mar",Não identificado,apartamento,2,1.0,4,,,,0,,0,False,False
985062338754381715,Vista Mar ao lado Shopping Russi,Não identificado,apartamento,3,2.0,8,,,,1,5.0,5,False,True
1302878563652161367,Apartamento Meia Praia Itapema,Meia Praia,apartamento,2,2.0,4,,,,0,,0,False,False
1315412494959257515,Bem localizado,Não identificado,apartamento,3,2.0,8,,,,0,,0,False,False
1101416269475235433,Vista al mar nuevo,Não identificado,apartamento,3,2.0,7,,,,7,4.710000038146973,4,False,False
769461318721075633,casa c/ piscina na meia praia,Meia Praia,casa,2,3.0,10,500.0,569.4444444444445,36.0,9,5.0,5,True,False
1285792216253194031,Natal Glúten Free em Itapema,Meia Praia,apartamento,2,2.0,8,,,,0,,0,False,False
1068273464594567255,Apartamento ótima localização,Meia Praia,apartamento,2,2.0,5,,,,2,5.0,5,False,False
1227440041647986685,"Frente mar 3 quartos, pé na areia.",Não identificado,apartamento,3,2.0,9,,,,1,5.0,5,False,True
1279069971631577452,MS1002B Luxo e Conforto na Praia,Não identificado,apartamento,4,4.0,8,,,,0,,0,False,False
1298119593659415664,duplex frente mar,Não identificado,apartamento,5,4.0,16,,,,0,,0,False,False
915332897455058900,Lindo apto beira mar em Meia Praia AMA204,Meia Praia,apartamento,3,3.0,6,928.0,1075.0036764705883,68.0,32,4.71999979019165,4,False,True
711032530664362412,Espaço inteiro a 7 min da praia,Não identificado,casa,1,1.0,2,149.0,171.9857142857143,35.0,13,5.0,5,True,False
1320637026365387734,Quarto em Apartamento perto da Praia,Não identificado,outros,1,1.0,3,,,,0,,0,False,False
1282165291618985724,Praia,Não identificado,outros,1,1.0,4,,,,0,,0,False,
771881587965840951,Apartamento em Itapema,Não identificado,apartamento,3,2.0,6,,,,5,4.599999904632568,4,False,False
1269042919844042025,Lar da Praia,Não identificado,apartamento,3,2.0,6,,,,3,5.0,5,False,False
1298568311925401424,Vista Espetacular! Frente mar em Itapema,Meia Praia,apartamento,3,2.0,7,,,,1,5.0,5,False,False
1289906058578499330,Ótimo apto para sua hospedagem!,Não identificado,apartamento,2,2.0,5,,,,0,,0,False,False
21695053,"3 suítes, 4 Ar Split, Wi-Fi privado na Meia Praia.",Meia Praia,apartamento,3,3.0,8,720.0,757.6960093896714,213.0,78,4.880000114440918,4,True,False
1021587725727377074,Apartamento Ilha de Sumatra,Não identificado,apartamento,3,3.0,8,,,,0,,0,False,
39050046,Apartamento de frente para o mar - Itapema S C,Não identificado,apartamento,3,2.0,7,,,,1,5.0,5,False,False
1307603230219075204,Apartamento Itapema,Não identificado,apartamento,2,3.0,4,,,,0,,0,False,
31702785,Casa para temporada em Itapema,Não identificado,casa,2,1.0,7,,,,0,,0,False,False
1056033191024087899,Casa aconchegante bem localizada,Não identificado,casa,4,5.0,12,,,,0,,0,False,False
1182188163181410725,Vista mar 2 quartos Manhattan,Não identificado,apartamento,2,1.0,5,850.0,934.5365853658536,82.0,12,4.920000076293945,4,True,False
754375397775403281,Apartamento completo a 300m de Meia Praia,Meia Praia,apartamento,3,2.0,6,890.0,838.5926076612902,248.0,8,5.0,5,False,False
47269826,"Quadra mar maravilhoso! 
10 andar.",Não identificado,apartamento,3,3.0,7,702.0,670.8520833333333,36.0,28,5.0,5,True,False
1072015156382793000,Curtir a praia e descansar,Não identificado,casa,1,1.0,4,,,,0,,0,False,False
47729401,Cobertura duplex vista para o mar,Não identificado,apartamento,4,3.0,7,,,,0,,0,False,False
39972515,Excelente localização! 250 m do mar. (Ar+ Wi-Fi),Meia Praia,apartamento,2,1.0,6,323.0,341.34066666666666,150.0,140,4.829999923706055,4,True,False
1036477378135768805,Casa bem localizada: 150mt praia,Não identificado,casa,3,2.0,8,,,,0,,0,False,
1292909799334927222,Grand Castelli 3 suítes 2 vagas,Não identificado,apartamento,1,1.0,8,,,,0,,0,False,False
39197724,NP01- 3 Quartos | Churrasqueira | Garagem,Meia Praia,apartamento,3,2.0,8,,,,50,4.900000095367432,4,True,True
1242114642313213767,"Aconchegante, bem localizado.",Centro,apartamento,2,1.0,4,,,,2,5.0,5,False,False
1284878849418731692,Apto Quadra do Mar em Meia Praia,Meia Praia,casa,2,2.0,4,,,,0,,0,False,
1012336445612155115,Apartamento 03 dormitórios com vista mar!,Meia Praia,apartamento,3,2.0,6,,,,0,,0,False,False
30711160,Aluguel Temporada em Itapema - Centro,Centro,apartamento,3,2.0,7,,,,1,5.0,5,False,False
1203075817950465589,Cobertura à Beira-Mar em Itapema- SC Ref. 1229,Centro,apartamento,3,2.0,6,1400.0,1411.3793103448277,87.0,0,,0,False,False
46298558,"Vista do Mar, a 180 mt da praia. Aconchegante Apt.",Não identificado,apartamento,2,2.0,4,490.0,588.592,125.0,6,5.0,5,False,False
47195870,Apto completo para acordar bem ao lado da praia!,Não identificado,apartamento,2,2.0,5,,,,0,,0,False,False
1268959934613271899,Apto em Meia Praia com 2 suítes,Meia Praia,apartamento,2,0.0,4,,,,0,,0,False,False
769616108652112172,"Apartamento a100 m do mar. Rua 224, n° 45",Meia Praia,apartamento,2,2.0,6,350.0,363.3333333333333,33.0,14,5.0,5,True,False
780872235421635957,Novo Lar 3 Perola do Atlântico,Meia Praia,apartamento,2,2.0,7,499.0,515.2386363636364,44.0,7,5.0,5,False,False
958573890829458760,Melhor localização em Itapema,Não identificado,apartamento,2,1.0,6,,,,1,5.0,5,False,False
41266951,502D Para amar! Ap  com vista mar,Não identificado,apartamento,3,3.0,9,,,,4,5.0,5,False,False
53722008,"Apartamento vista mar, zona 1, 50mts do calçadão.",Não identificado,apartamento,2,2.0,6,,,,2,5.0,5,False,False
1117463021543380307,Apartamento Bem Localizado,Não identificado,apartamento,2,2.0,4,,,,1,4.0,4,False,False
1100720037663116812,Apto 3 suítes próximo ao mar Itapema-SC VGA1002,Centro,apartamento,3,3.0,6,980.0,1099.7048387096775,155.0,15,4.869999885559082,4,False,True
1195858349379362032,Apartamento Alto Padrão Centro,Centro,apartamento,3,3.0,8,945.0,864.7156862745098,153.0,17,4.710000038146973,4,True,False
52772728,Apto para locação de temporada em Meia Praia - SC,Meia Praia,apartamento,3,3.0,6,,,,0,,0,False,False
766477433167060017,Apto perto da praia,Não identificado,apartamento,2,2.0,6,,,,3,5.0,5,False,False
20014261,Amplio apartamento en ubicación ideal,Meia Praia,outros,3,3.0,8,,,,7,4.289999961853027,4,False,False
52530322,"Excelente apto próximo ao mar, 2 quartos  ar cond.",Não identificado,apartamento,2,2.0,6,450.0,480.521582733813,139.0,11,4.909999847412109,4,False,False
45002455,"Ótimo apartamento, bem localizado, 30m da praia!!",Não identificado,apartamento,2,2.0,5,250.0,432.5438596491228,57.0,52,4.650000095367432,4,False,False
37487828,Meia Praia-Itapema/SC Ap 3 Dormitórios Completo,Meia Praia,apartamento,3,2.0,8,380.0,467.359649122807,114.0,96,4.980000019073486,4,True,False
560128678283668498,ARTAMENTO DE 3 SUITES COM 2 VAGAS DE GARAGEM,Meia Praia,apartamento,3,4.0,8,,,,14,5.0,5,False,False
1121118876733525321,Apartamento 4 Suítes Vista Mar Itapema,Não identificado,apartamento,4,4.0,15,,,,1,5.0,5,False,False
52214716,Vista Mar encantador até 11 hóspedes 204 Tela,Não identificado,apartamento,4,3.0,11,1657.0,1532.8308190954774,199.0,7,5.0,5,False,True
996293079045974004,(SC) Apartamento em Meia Praia,Meia Praia,apartamento,3,3.0,8,,,,5,5.0,5,False,False
977653453697214511,Apartamento em Itapema!,Não identificado,apartamento,3,2.0,6,,,,1,5.0,5,False,False
53904296,Apartamento Itapema 2 quartos com 2 vagas e 3 Ar,Morretes,apartamento,2,2.0,6,,,,14,5.0,5,False,False
552771331403575384,Férias no coração de Meia Praia,Meia Praia,apartamento,2,2.0,5,,,,11,4.639999866485596,4,False,False
1125970477826966385,"Apto confortável a 5 min da praia, Itapema JZZ702",Meia Praia,apartamento,2,2.0,4,575.0,634.6628350574713,174.0,10,4.599999904632568,4,False,True
799207818293090675,Itapema sc Fevereiro Mês Ideal para curtir a praia,Não identificado,apartamento,2,2.0,6,,,,0,,0,False,False
1283530072752672965,Conexão com a natureza,Não identificado,casa,2,1.0,4,,,,0,,0,False,False
48145255,Amplo apartamento no coração de Meia Praia,Meia Praia,apartamento,4,3.0,8,,,,8,4.75,4,False,False
1053425333694349352,Casa Sol e Mar,Não identificado,casa,1,1.0,4,185.0,195.72916666666666,48.0,22,5.0,5,True,False
1312442053889876195,Sobrado em Itapema,Não identificado,apartamento,2,1.0,5,,,,0,,0,False,False
1024067179174522246,Loft Container Praiamar 01,Meia Praia,casa,1,1.0,2,200.0,215.5504762857143,70.0,14,5.0,5,True,False
1134157206541148942,Apartamento Meia Praia,Meia Praia,apartamento,3,2.0,6,,,,1,5.0,5,False,False
51023939,Apartamento a 200 metros do mar,Não identificado,apartamento,2,2.0,5,,,,5,4.800000190734863,4,False,False
22901902,"Lindo apto à 30m do mar, em Meia Praia",Meia Praia,apartamento,3,2.0,6,700.0,721.0091042016807,238.0,29,4.929999828338623,4,False,False
1321642761318234538,180m da Praia | Vista para o Mar | Itapema,Meia Praia,apartamento,3,3.0,6,,,,1,5.0,5,False,True
986245345084467584,"Apto p ate 8 pessoas Meia Praia, 2 garagens, wi fi",Meia Praia,apartamento,3,3.0,8,800.0,866.7727272727273,231.0,8,5.0,5,True,False
1161796266594364332,"Stúdio B - VIP c/cozinha Vista Mar, 1 min Pé Areia",Centro,apartamento,1,1.0,2,450.0,460.5263157894737,38.0,21,5.0,5,True,False
1056026073236053549,"casa com piscina, 5 min da praia",Centro,casa,2,1.0,6,,,,2,5.0,5,False,False
1282728206199802019,Apartamento em Meia - Praia,Não identificado,apartamento,2,2.0,8,,,,0,,0,False,False
1220219125770707254,"Rosa 801B, Conforto e vista mar!",Meia Praia,apartamento,3,2.0,6,,,,1,5.0,5,False,True
1311544699481300377,Apartamento 250 metros do mar,Não identificado,apartamento,3,2.0,8,,,,0,,0,False,False
1182028381058524086,Apto aconchegante c/ vista mar em Itapema MHF1303,Centro,apartamento,1,1.0,4,598.75,608.5751176056339,142.0,12,5.0,5,False,True
16177778,APARTAMENTO LUXUOSO com 3 Suítes,Meia Praia,apartamento,3,3.0,8,810.0,757.701724137931,232.0,9,5.0,5,True,False
1234084273027568746,Stúdio Charmoso com Vista Mar! - MHFA1306,Centro,apartamento,1,1.0,3,376.0,399.98726875,144.0,13,4.769999980926514,4,False,True
22322959,Melhor localização de Meia-praia SC,Não identificado,apartamento,3,3.0,8,,,,12,5.0,5,False,False
15523493,Apartamento Vista Mar - 1 minuto da praia,Não identificado,apartamento,3,2.0,8,800.0,671.5625,148.0,96,4.960000038146973,4,True,False
41790103,"Suíte de casal com Vista Mar, em Meia Praia/SC",Meia Praia,outros,1,1.0,2,,,,3,5.0,5,False,False
1305305832378400323,Apto para Temporada – Meia Praia,Meia Praia,apartamento,2,2.0,5,,,,1,4.0,4,False,False
1039107969139777241,La Belle 204B - Apto no centro Ref 1127,Centro,apartamento,2,2.0,6,,,,0,,0,False,False
716703779507124462,Apartamento quadra mar com vista maravilhosa,Meia Praia,apartamento,2,2.0,6,790.0,766.8055555555555,72.0,10,4.800000190734863,4,True,True
674574208902012105,Santa Maria no Russi Russi Meia Praia 2 garagens,Meia Praia,apartamento,2,2.0,6,,,,5,4.599999904632568,4,True,False
1320237323905564772,Casa em Itapema a 500 m da praia,Não identificado,casa,2,2.0,6,,,,0,,0,False,False
760638778072787581,800m da praia/2 suítes ar condicionado/8 hóspedes,Não identificado,apartamento,2,3.0,8,,,,1,4.0,4,False,False
47534961,Apartamento meia praia ótima localização,Meia Praia,apartamento,2,2.0,5,,,,2,5.0,5,False,False
676042169948059761,"Duplex 03 quartos, pé na areia e reformado!",Centro,apartamento,3,2.0,8,,,,5,5.0,5,False,False
38730549,Meia Praia Apto Refinado 3 suítes e 2 garagens,Meia Praia,apartamento,3,3.0,8,767.0,807.6088088082902,193.0,37,4.96999979019165,4,False,True
46327705,3 Suítes na quadra do mar!,Não identificado,apartamento,3,3.0,7,950.0,1014.2027783333334,120.0,6,5.0,5,False,False
45260461,Apartamento veraneio e  temporada Meia Praia-SC,Meia Praia,apartamento,3,0.0,8,,,,2,5.0,5,False,False
1048785577617228176,"3 suítes, conforto beira mar",Meia Praia,apartamento,3,3.0,6,,,,0,,0,False,False
1226856286781952840,Apto charmoso vista mar em Itapema MHF1402,Centro,apartamento,2,1.0,5,729.5,720.3633177570093,214.0,12,4.579999923706055,4,False,True
1307358878486156704,Apartamento Rua 268,Não identificado,apartamento,2,2.0,4,,,,0,,0,False,False
730437501239201082,"Apartamento em Itapema SC, meia praia",Meia Praia,apartamento,3,2.0,8,774.0,686.4514432,225.0,11,4.820000171661377,4,True,False
48150450,CASA PARA TEMPORADA,Não identificado,casa,3,0.0,11,,,,0,,0,False,False
1035628196408986358,Apto lindo Beira-Mar e com Churrasqueira RSL0502,Centro,apartamento,3,2.0,6,941.0,1025.3398686274509,102.0,4,5.0,5,False,True
35506843,Apartamento Frente Mar em Itapema-SC REF 430,Não identificado,apartamento,2,1.0,6,,,,0,,0,False,False
957349094500016515,lindo e espaçoso apto itapema,Não identificado,apartamento,2,2.0,6,699.0,677.6940639269407,219.0,11,4.909999847412109,4,True,False
1104976765484255707,Apartamento a 25 metros da praia,Meia Praia,apartamento,3,2.0,8,,,,6,5.0,5,False,False
53914255,Apartamento 2 suítes Meia Praia,Meia Praia,apartamento,2,2.0,5,390.0,574.5467833333333,114.0,8,5.0,5,True,True
1055163452693752832,Vista Privilegiada da Queima de Fogos,Não identificado,apartamento,2,2.0,4,500.0,557.5115606936416,173.0,16,4.940000057220459,4,True,False
981794745903466594,Alto Padrão/ 2 quadras da Praia,Meia Praia,apartamento,3,3.0,6,,,,0,,0,False,False
1317704079987487935,Kitnet Meia praia,Meia Praia,casa,1,1.0,3,,,,0,,0,False,False
576683946972734575,Apartamento amplo e completo pertinho do mar.,Não identificado,apartamento,3,2.0,8,,,,1,5.0,5,False,False
45435621,Cobertura duplex com SPA - vista privilegiada,Não identificado,apartamento,5,5.0,10,,,,5,4.400000095367432,4,False,False
1303841272149852162,Apartamento amplo próximo ao mar,Não identificado,apartamento,3,3.0,8,,,,0,,0,False,False
1274725970776707713,Quarto individual 50m da praia,Não identificado,outros,0,1.0,2,,,,1,5.0,5,False,False
1237787505353689867,Apartamento Meia Praia,Meia Praia,outros,2,3.0,4,,,,0,,0,False,False
53188113,"Duplex c/Piscina Cobert.Retrátil,Spa, 4suit.3vagas",Meia Praia,apartamento,4,3.0,8,,,,4,5.0,5,False,False
1122097984724843177,Apto 200 metros do mar em Meia Praia,Meia Praia,apartamento,3,2.0,8,,,,1,5.0,5,False,False
1294083265290183087,Charmoso Apt há 150mts da praia.,Não identificado,apartamento,2,2.0,6,,,,1,5.0,5,True,False
1046947641852323449,Excelente Apto Para Temporada!,Centro,apartamento,2,2.0,5,,,,0,,0,False,False
1290655314948554194,Apto 3 suítes 50 metros do mar,Não identificado,apartamento,3,3.0,10,,,,0,,0,True,False
31454750,Apto  50 m da praia de Itapema,Centro,apartamento,2,2.0,4,479.0,544.4661016949152,59.0,38,4.949999809265137,4,True,False
1297930390704189766,Lindo Estúdio c/ Piscina em Itapema IFT1405,Não identificado,apartamento,1,1.0,2,545.0,596.7044717073171,205.0,6,5.0,5,False,True
798366093737390500,"Quadra Mar na Rua 251, com 2 vagas de garagem!",Não identificado,apartamento,3,2.0,8,,,,3,4.670000076293945,4,True,False
675242237586865339,Dom Basílio perto do Mar Meia Praia Aconchegante,Meia Praia,apartamento,2,2.0,6,465.0,482.55752964467,197.0,6,5.0,5,True,False
31971404,Casa para 10 pessoas na quadra do mar.,Não identificado,casa,4,2.0,10,,,,7,5.0,5,False,False
985757801553012255,Apartamento novo em Meia Praia,Meia Praia,apartamento,3,4.0,9,,,,3,5.0,5,False,False
39024482,"5 Suítes, Centro Meia Praia, Rua McDonalds 20m Mar",Meia Praia,apartamento,5,5.0,12,,,,0,,0,False,False
40583828,Belíssimo apartamento em meia praia,Meia Praia,apartamento,0,2.0,5,,,,5,5.0,5,False,False
558719049557411759,Apartamento Itapema,Não identificado,apartamento,3,2.0,7,,,,0,,0,False,False
1083633025910461931,Apartamento aconchegante & funcional,Meia Praia,apartamento,0,1.0,4,310.0,314.1304347826087,46.0,13,4.849999904632568,4,True,False
1057222458172567781,Apartamento em meia praia- hotel,Meia Praia,hotel,1,1.0,3,,,,0,,0,False,False
1248621643570122645,Apê 3 quartos próx. ao Russi/Mar,Não identificado,apartamento,3,2.0,9,,,,0,,0,False,False
1289077469312907283,Cabana rústica em Itapema,Não identificado,outros,2,1.0,2,,,,1,5.0,5,False,False
1310090738538206669,Conforto e Praticidade Ref.1420,Não identificado,apartamento,2,1.0,6,,,,0,,0,False,False
1284893098577004696,Casa (inteira) até 30 hóspedes ar todos os quartos,Meia Praia,casa,5,2.0,16,,,,2,5.0,5,True,
41082289,Aconchego e tranquilidade para seu laser.,Meia Praia,casa,3,3.0,12,,,,28,4.960000038146973,4,False,False
1048469765267504827,Casa Itapema Meia Praia Morretes,Meia Praia,casa,3,1.0,7,,,,0,,0,False,False
783176147049485295,Excelente Apartamento no Centro!,Centro,apartamento,4,3.0,11,,,,0,,0,False,True
1305978523883110707,Apartamento 3 Suítes Vista Mar,Não identificado,apartamento,3,3.0,6,,,,0,,0,True,True
22682127,PISCINA * 14 PESSOAS * AR * WIFI (agata),Não identificado,casa,3,2.0,16,,,,7,4.429999828338623,4,False,False
22810332,Loft 1 quarto beira mar,Não identificado,apartamento,1,1.0,2,480.0,480.0464285714286,168.0,31,4.769999980926514,4,False,False
1322703402005159802,Apto Meia Praia,Meia Praia,apartamento,2,1.0,5,,,,0,,0,False,
31169655,"Apto 902 meia praia, localização e limpeza TOP",Meia Praia,apartamento,2,2.0,6,375.0,404.71923076923076,65.0,27,5.0,5,False,False
35934720,Ótimo apartamento de 2 quartos no Canto da Praia,Centro,apartamento,2,1.0,4,500.0,500.0,10.0,14,4.929999828338623,4,False,False
1231082100384078450,"Alto padrão, 3 suites, 3 vagas, sacada c/ churrasq",Não identificado,apartamento,3,3.0,8,,,,5,5.0,5,True,False
1289225384262190911,Quarto hotel Red 2 frente mar 3 pessoas,Não identificado,hotel,1,1.0,3,,,,0,,0,False,False
48941838,Quadra Mar Itapema,Não identificado,apartamento,2,2.0,6,370.0,410.51724137931035,116.0,25,4.480000019073486,4,False,False
40429589,3 Dormitórios Frente Mar - Meia Praia - Itapema/SC,Meia Praia,apartamento,3,2.0,8,,,,0,,0,False,False
565022702671968934,Casa na Meia Praia próximo a praia e shoppings,Meia Praia,casa,3,2.0,13,,,,3,5.0,5,True,False
51583825,Apartamento 102,Não identificado,apartamento,3,2.0,8,,,,0,,0,False,False
997720726898572990,Lindo apartamento em Meia Praia,Meia Praia,apartamento,3,2.0,8,,,,6,5.0,5,False,False
44554623,"Apartamento central perto do mar, meia praia",Meia Praia,apartamento,2,2.0,5,,,,0,,0,False,False
46598066,"Apto. Frente Mar Itapema, Praia Central!",Não identificado,apartamento,2,2.0,6,1000.0,1052.6912442396313,217.0,18,5.0,5,True,False
990551042161332765,Ótima casa para final do ano!,Não identificado,casa,3,3.0,10,,,,0,,0,False,False
664454396350780979,Apartamento aconchegante e bem localizado.,Não identificado,apartamento,3,2.0,8,,,,2,5.0,5,False,False
50493874,"Lindo, luxuoso e amplo apartamento a 200m da praia",Tabuleiro,apartamento,4,4.0,9,,,,3,5.0,5,False,False
1167553427166603926,Apto 3 quartos sendo uma suíte com churasqueira,Não identificado,apartamento,3,2.0,6,,,,0,,0,False,False
1074770986427430541,Alugo Apartamento Meia Praia. Natal e Ano Novo.,Meia Praia,apartamento,3,4.0,6,,,,0,,0,False,
45923984,Apartamento completo no centro de Itapema,Centro,apartamento,3,3.0,8,300.0,344.44202898550725,69.0,35,4.940000057220459,4,False,False
956604432039220915,Belo apartamento em Meia Praia,Meia Praia,apartamento,3,3.0,7,,,,1,5.0,5,False,False
995676380390590060,"Vila dos pássaros, Quarto 04",Não identificado,outros,1,2.0,6,,,,0,,0,False,False
27338000,Apartamento Alto Padrão Próximo a Praia,Não identificado,apartamento,5,6.0,10,,,,2,5.0,5,False,False
47712788,Apartamento à 100 mts do mar,Meia Praia,apartamento,3,2.0,9,,,,3,4.670000076293945,4,False,False
1051607598322255002,Casa Frente Temporada com 3 quartos,Meia Praia,casa,3,2.0,5,,,,3,4.329999923706055,4,False,False
1267962646968311018,Apartamento em Meia Praia 10 pessoas,Meia Praia,apartamento,3,1.0,10,,,,6,5.0,5,False,False
1310775099463005440,Kit 3 pessoas Itapema Beach,Não identificado,casa,1,1.0,3,,,,0,,0,False,False
46372862,"Aconchego pé na areia  
PierHardRock
Area nobre",Não identificado,apartamento,2,1.0,8,518.0,425.2925675675676,74.0,10,4.900000095367432,4,False,False
29484679,"Itapema Centro
40m do mar
Sacada c/ Churrasq
Wi-fi",Centro,apartamento,3,2.0,9,,,,2,3.5,3,False,False
1111132089439811745,"Alto Padrão Novo, Frente Avenida Nereu",Não identificado,apartamento,3,2.0,10,,,,0,,0,False,True
40112253,Meia Praia.Finamente Mobiliado,Meia Praia,apartamento,3,3.0,10,,,,22,5.0,5,False,False
1051619621188294429,2 Suítes Ótima Localização - Meia Praia,Meia Praia,apartamento,2,2.0,7,,,,3,5.0,5,False,False
813114083905510288,Apartamento Centro Meia Praia,Meia Praia,apartamento,3,2.0,8,,,,0,,0,False,False
1061436825270212073,"Vista Mar na R.303 em Itapema, Garagem&Wifi HU1718",Meia Praia,apartamento,3,2.0,6,,,,12,4.920000076293945,4,False,True
1303160184992468256,Casa a 700 m do mar em Meia Praia - Itapema-SC,Meia Praia,casa,3,2.0,10,,,,0,,0,False,
52358821,Sobrado novo 3 quartos a 120 metros da praia.,Canto da Praia,casa,3,2.0,6,600.0,690.8214285714286,84.0,35,5.0,5,True,False
27718978,"Cobertura duplex na rua 261, excelente localização",Meia Praia,apartamento,4,4.0,9,500.0,530.7317073170732,41.0,11,4.820000171661377,4,False,False
1245758147203199538,Sua casa na praia,Não identificado,casa,2,2.0,4,,,,2,5.0,5,False,False
1258166269614896715,Apartamento a pasos del mar.,Não identificado,apartamento,2,2.0,5,,,,1,5.0,5,False,False
1306722429222577526,Meia praia • 2°quadra mar • 3 suítes •Vista mar,Meia Praia,apartamento,3,3.0,12,,,,0,,0,True,False
1049228438693811811,"Mar azul cobertura 3 suítes, poucos passos do mar",Meia Praia,apartamento,3,4.0,7,,,,0,,0,False,False
1297423528519458578,Apartamento Beira Mar de Itapema,Não identificado,apartamento,2,1.0,6,,,,2,5.0,5,False,False
1313701095515926984,Apto Charmoso Próx. à Praia de Itapema ZF4014,Meia Praia,apartamento,2,2.0,4,,,,1,5.0,5,False,True
1074026483494102863,Confortável apto frente mar !,Não identificado,apartamento,4,3.0,10,,,,0,,0,False,False
987151159217066177,"Apartamento Na Meia Praia Alto Padrão
Novo.",Meia Praia,apartamento,3,3.0,9,,,,0,,0,False,False
790752171303746450,2 quadras do Mar c/ Ar em todos ambientes,Meia Praia,apartamento,2,2.0,6,750.0,665.3333333333334,222.0,10,5.0,5,False,False
1028459735528308500,Apartamento Pertinho do Mar,Não identificado,apartamento,2,2.0,4,,,,5,4.599999904632568,4,False,False
1030670260579878428,Apartamento quadra mar.,Não identificado,apartamento,3,2.0,8,,,,0,,0,False,False
721143022842232721,"Apartamento 3 quartos com ar-cond., 200 m da praia",Não identificado,apartamento,3,2.0,8,500.0,501.94350338983054,59.0,13,4.460000038146973,4,False,False
47441628,Apto temporada Meia Praia /Itapema SC,Meia Praia,apartamento,2,1.0,5,,,,6,4.670000076293945,4,False,False
53863922,Bela e aconchegante casa em Itapema!,Meia Praia,casa,2,1.0,6,,,,2,4.5,4,True,False
1106810253351847214,Sua casa fora de Casa,Meia Praia,apartamento,3,1.0,6,,,,2,5.0,5,False,False
40246675,Otima localiz a 50 mts da praia gar p 2 carros peq,Meia Praia,apartamento,2,1.0,7,350.0,357.18095238095236,105.0,38,4.820000171661377,4,False,False
724766767716860996,Apartamento de luxo com vista mar!,Não identificado,apartamento,4,3.0,8,,,,0,,0,False,False
31308787,"Pé na Areia , Duas Suítes Melhor",Não identificado,apartamento,2,2.0,4,,,,5,4.800000190734863,4,False,False
859653300578357102,(406) Itapema em grande estilo,Não identificado,apartamento,2,4.0,4,702.0,702.0,171.0,26,5.0,5,True,True
1096326559739134649,"Visite Itapema, Meia praia linda",Meia Praia,apartamento,2,1.0,4,,,,1,5.0,5,False,True
673826204715344716,Lindo 3 suítes quadra mar temporada Meia Praia!137,Meia Praia,apartamento,3,4.0,8,1058.0,947.6054717557251,131.0,7,5.0,5,True,False
760907484373197006,"Apartamento todo mobiliado, vista para o mar.",Não identificado,apartamento,3,4.0,10,,,,0,,0,False,False
1192836728602105901,Apto moderno a 280m da Praia em Itapema MHF1601,Centro,apartamento,1,1.0,4,600.0,594.9351857142857,189.0,22,4.949999809265137,4,False,True
1226143239624076857,Apartamento uma quadra do mar,Não identificado,apartamento,2,2.0,4,,,,0,,0,False,
1298470822445005971,Quarto Privativo c/ Banheiro,Não identificado,outros,1,2.0,5,,,,1,5.0,5,False,False
33801856,Apto 5 quadra mar em Meia Praia - Itapema- SC,Meia Praia,apartamento,3,2.0,6,,,,1,5.0,5,False,False
9985986,"Apto para locação Meia Praia/SC, uma quadra do mar",Meia Praia,apartamento,2,2.0,6,,,,3,5.0,5,False,False
53899162,Apartamento a 150m da praia,Meia Praia,apartamento,2,1.0,7,290.0,298.2083333333333,72.0,20,4.900000095367432,4,True,False
773080154193323911,Pousada de excursão 49 pessoas.,Não identificado,outros,12,14.0,16,,,,0,,0,False,False
37568514,"Praia familiar com Sol, luar e lazer",Meia Praia,apartamento,3,2.0,6,,,,36,4.940000057220459,4,False,False
47330953,Apto 104 160 metros do mar 01 dormitório,Não identificado,apartamento,1,1.0,4,,,,16,4.440000057220459,4,False,False
986229867966040844,3430 apto 3 quartos na meia praia,Meia Praia,hotel,3,2.0,8,,,,0,,0,False,True
30771626,Aluguel de temporada em Meia Praia - Itapema -SC,Meia Praia,apartamento,3,2.0,8,,,,0,,0,False,False
1285235358681702483,Quarto (n° 4) até 4 hóspedes com ar,Meia Praia,outros,1,2.0,4,,,,6,4.829999923706055,4,True,False
1206687841875201841,Apartamento em Meia Praia 3 suítes,Meia Praia,apartamento,3,2.0,7,,,,1,5.0,5,False,False
41409542,Ap Bem Localizado a 250m da Praia,Não identificado,apartamento,2,1.0,5,,,,6,4.829999923706055,4,False,False
24755374,Apartamento com Vista Mar,Andorinha,apartamento,3,2.0,8,,,,73,5.0,5,False,False
38327538,Chalé Casal Campo/Praia Itapema,Não identificado,casa,1,1.0,2,,,,70,4.989999771118164,4,True,True
8838629,3 Quartos beira Mar com Wifi e ar condicionado,Não identificado,apartamento,3,2.0,15,650.0,781.0525248484848,165.0,88,4.699999809265137,4,True,True
1313119053126491902,Flat no Infinity Tower,Não identificado,apartamento,1,1.0,4,,,,1,4.0,4,False,False
1315033876195918218,"Apto 2 suítes, 2 vagas garagem",Não identificado,apartamento,2,3.0,6,,,,0,,0,False,False
813090046454458015,"Reserva Embauva 
Cabana Jacaterão",Não identificado,casa,1,1.0,2,390.0,388.45238095238096,84.0,47,5.0,5,True,False
1026595190867060935,Kitnet c/2 quartos 120 mts praia,Não identificado,apartamento,2,1.0,4,,,,6,4.5,4,False,False
873260132509992833,Apto. Aconchegante e Confortável,Não identificado,apartamento,2,2.0,6,400.0,402.7307692307692,26.0,13,4.849999904632568,4,True,False
1320948683801077576,Apto 3 quartos sendo 2 suítes 150 metros do mar,Não identificado,apartamento,3,3.0,6,,,,0,,0,False,False
845839014903182951,suite tranquila em itapema. Avaliação 5 estrelas!,Meia Praia,outros,1,1.0,2,,,,2,5.0,5,False,False
794991238720374410,Apto Meia Praia,Meia Praia,apartamento,3,2.0,8,,,,0,,0,False,
1236318558548844431,Excelente Apartamento em Meia Praia a 150 m do mar,Meia Praia,apartamento,3,2.0,8,,,,0,,0,False,False
552215309820921425,Lindo Apartamento frente mar,Não identificado,apartamento,3,3.0,6,,,,0,,0,False,False
1307555899919242332,Casa em Itapema/SC,Não identificado,casa,2,1.0,4,,,,1,5.0,5,False,False
1059678777841332955,casa itapema 2 q morretes,Morretes,casa,1,1.0,6,,,,1,5.0,5,False,False
986229069752783413,2408 Apto 3 quartos quadra mar em Meia Praia,Meia Praia,apartamento,3,2.0,9,,,,0,,0,False,True
1304430172341094678,Confortável apartamento 2 quarto - AL048,Não identificado,apartamento,2,2.0,6,,,,0,,0,True,False
1211530236998935415,105 - Quarto privativo em Meia Praia - Itapema/SC,Meia Praia,apartamento,1,1.0,4,,,,0,,0,False,False
1268778966288823537,5 quartos. Sacada com churrasqueira Vista Mar,Não identificado,apartamento,5,3.0,12,,,,0,,0,False,True
29365238,APTO2 COM 2 QUARTOS (AR COND. TV SMART E WI-FI).,Não identificado,apartamento,2,1.0,5,,,,26,4.769999980926514,4,False,True
787606557854537606,Samurai - Recém Reformado | Melhor Localização,Meia Praia,apartamento,2,2.0,6,584.6667,626.1051307692308,65.0,11,4.639999866485596,4,True,False
753566944813003124,Apartamento charmoso a 30 metros do mar,Não identificado,apartamento,1,2.0,3,550.0,571.0572864321608,199.0,15,4.929999828338623,4,True,False
32592683,Linda casa frente Mar pé na areia Itapema SC,Centro,casa,4,3.0,12,1000.0,1105.638211382114,123.0,10,5.0,5,False,False
721932162870590418,Apartamento na Meia Praia,Meia Praia,apartamento,2,2.0,5,,,,5,5.0,5,False,False
24353133,"Apto no miolo de Meia Praia, próximo a avenida.",Meia Praia,apartamento,2,2.0,5,,,,43,4.949999809265137,4,False,False
1308053812320540684,Apartamento aconchegante - praia,Não identificado,apartamento,2,2.0,6,,,,0,,0,False,False
1260060540672540465,Apartamento confortável com 3 suítes,Meia Praia,apartamento,3,3.0,8,,,,1,5.0,5,False,False
760964672507631048,Cobertura quadra mar em Meia Praia,Meia Praia,apartamento,3,1.0,10,,,,0,,0,False,False
47891397,Ótimo apartamento no centro de Meia Praia,Meia Praia,apartamento,3,2.0,6,548.7857,514.9623020138889,144.0,8,5.0,5,False,False
1152837678284548308,Quarto - Hotel Blue Sea  Itapema,Centro,hotel,1,1.0,4,,,,0,,0,False,False
19789678,Casa 3 suítes e 2 quartos perto do mar.,Não identificado,casa,5,4.0,15,,,,21,4.809999942779541,4,False,True
1288682883041408249,sobrado,Não identificado,casa,1,1.0,4,,,,1,5.0,5,False,False
988333738103213635,Vista Mar Estilo,Meia Praia,apartamento,2,2.0,6,,,,0,,0,False,False
1316769837283910391,Ap amplo a poucos passos do mar,Não identificado,apartamento,2,2.0,6,,,,1,5.0,5,False,False
20432864,Suíte com ar em apto compartilhado 100 m da praia,Não identificado,outros,1,1.0,3,,,,13,5.0,5,False,False
1231120871509362920,Frente Mar - Rua 245 Meia Praia,Meia Praia,apartamento,3,2.0,9,,,,0,,0,False,False
1267369332645574239,Locação Apê por temporada.,Não identificado,apartamento,2,2.0,7,,,,0,,0,False,False
991884110410981530,Cobertura Duplex Meia Praia,Meia Praia,apartamento,3,2.0,10,,,,0,,0,False,False
848423588447759206,Casa simples e aconchegante.,Não identificado,casa,2,1.0,5,,,,1,5.0,5,False,False
2951220,"Lindo apt em Itapema! Vista do mar! 3 Q, 2 G, BBQ",Não identificado,apartamento,3,2.0,5,670.0,789.6676470588235,85.0,236,4.880000114440918,4,True,False
705946468067026302,Aconchegante apto 350 m da praia,Não identificado,apartamento,2,2.0,6,430.0,486.41509433962267,159.0,22,5.0,5,True,False
45988760,ALUGO CASA DE EXCURÇÃO EM ITAPEMA SC,Não identificado,casa,12,8.0,16,,,,0,,0,False,False
1046631065184778556,Apto 60 metros da praia - Itapema,Não identificado,apartamento,3,2.0,7,,,,2,4.5,4,False,False
1313642429435228003,"Meia Praia, Novo 3 Suítes",Meia Praia,apartamento,3,3.0,10,,,,1,5.0,5,True,False
869545552419189156,Dom Basílio Residencial,Meia Praia,apartamento,2,2.0,7,,,,0,,0,False,False
1279094794706661796,Casa a 500 metros do mar,Não identificado,casa,3,2.0,10,,,,0,,0,False,
1290732349260769308,Sua casa fora do seu lar,Não identificado,outros,2,1.0,6,,,,1,5.0,5,False,False
23023313,Apto 2 dorm climatizado beira mar em itapema/sc,Não identificado,apartamento,2,1.0,6,650.0,549.1101694915254,177.0,11,4.820000171661377,4,False,False
1044302629857332421,Apart. amplo 90mts do mar Meia Praia/Itapema/SC,Meia Praia,apartamento,3,2.0,10,,,,0,,0,False,False
1183418487997408853,Apto a 280m da praia c/ vista mar! - MHF0704,Centro,apartamento,1,1.0,4,575.0,597.14895875,160.0,20,4.75,4,False,True
50113452,Apartamento à 30 metros do Shoping  Russi Russi,Não identificado,apartamento,2,2.0,6,,,,0,,0,False,False
1053625763515857065,Apto quadra mar completo,Meia Praia,apartamento,2,2.0,5,450.0,494.7997694444445,72.0,11,4.820000171661377,4,True,False
1318010396571352908,Apartamento perto da Praia em Itapema!,Meia Praia,apartamento,2,2.0,6,,,,0,,0,False,False
1276929799418519035,Apartamento Pé na areia,Não identificado,apartamento,3,2.0,7,,,,1,5.0,5,False,False
975513700167378294,Apartamento pé na areia,Não identificado,apartamento,3,2.0,6,,,,0,,0,False,False
46690986,Lindo Apartamento região central da Meia praia,Meia Praia,apartamento,3,2.0,8,1299.0,1315.2637362637363,91.0,9,5.0,5,False,False
1044284479378168960,Apto Quadra Mar Meia Praia,Meia Praia,apartamento,3,4.0,6,,,,2,5.0,5,False,False
22307401,"Apto amplo e climatizado, 130m da praia!",Meia Praia,apartamento,2,2.0,6,400.0,405.18518518518516,27.0,57,4.880000114440918,4,False,False
1295724966320075965,Apto 3 dormitórios Sky Bridge Residence Itapema,Não identificado,apartamento,3,2.0,6,,,,1,5.0,5,True,True
1059271401855678406,Apartamento 4 suítes. Meia Praia,Meia Praia,apartamento,4,1.0,10,,,,0,,0,False,False
1034210399986340352,Apto Frente segunda Avenida em Itapema,Não identificado,apartamento,3,2.0,10,,,,0,,0,False,False
52757508,Apartamento  com VISTA ESPETACULAR p/ mar Itapema,Canto da Praia,apartamento,2,3.0,4,,,,1,5.0,5,False,False
1302366739912091646,Porto Cali 1402,Não identificado,apartamento,3,4.0,8,,,,1,5.0,5,False,False
1297971406994937553,Apartamento em Itapema,Não identificado,apartamento,2,2.0,4,,,,0,,0,False,False
1203715541918813976,Rés. Doralina Férias a passos do Mar,Meia Praia,apartamento,2,2.0,6,,,,1,4.0,4,False,False
1202791616864975880,Frente Mar Meia Praia Pé Na Areia,Meia Praia,apartamento,4,4.0,10,,,,5,4.800000190734863,4,True,False
1320244674220704469,residência da praia,Não identificado,casa,2,1.0,6,,,,3,4.0,4,False,False
796481545034280714,Mar e sol,Não identificado,apartamento,2,2.0,4,580.0,667.9336734693877,196.0,9,5.0,5,False,False
1058615618692011551,"100mts da areia, sacada e suíte",Não identificado,apartamento,3,2.0,8,,,,1,5.0,5,False,False
1319027999133085311,Ed Duran a 200mts da praia,Não identificado,apartamento,3,2.0,6,,,,0,,0,True,False
1094478094459566805,Apartamento somente 30mt. do Mar,Meia Praia,apartamento,2,2.0,6,,,,0,,0,False,False
46329896,Residencial Brasil Centro de Meia Praia 3 suítes,Meia Praia,apartamento,3,4.0,10,,,,0,,0,True,False
1318315111310867765,Apartamento Home Club Itapema BM403,Não identificado,apartamento,2,2.0,4,700.0,752.7510283950617,81.0,2,5.0,5,True,False
958920935969700508,Prédio Frente Mar 4 quartos!,Não identificado,apartamento,4,3.0,9,,,,1,5.0,5,False,True
955055671222076395,Apartamento 4 dormitórios,Meia Praia,apartamento,1,1.0,10,,,,2,5.0,5,False,False
1048559390878502236,"Apto Quadra Mar
Meia Praia",Meia Praia,apartamento,3,2.0,6,,,,1,4.0,4,False,False
1121034481241380853,"4 suítes, 45mts do mar.",Centro,apartamento,2,2.0,12,,,,0,,0,True,False
22223346,Apartamento confortável com vista para  o mar,Meia Praia,apartamento,2,2.0,6,590.0,592.25,28.0,21,5.0,5,False,False
1287895051782414068,Casa para temporada - Itapema-SC,Não identificado,casa,1,1.0,4,,,,0,,0,False,False
54033938,Apartamento Estrela Dalva. Aconchego e bom gosto.,Não identificado,apartamento,3,2.0,8,,,,29,4.860000133514404,4,True,False
1282585098065467787,Estúdio elegante vista mar 280m da Praia MHFB0903,Centro,apartamento,1,1.0,2,382.0,399.4261479041916,167.0,7,5.0,5,False,True
1045238168872550971,Apto com vista para o mar- 2 suítes - 2 vagas,Não identificado,apartamento,2,2.0,6,,,,2,5.0,5,False,False
1190799156046065792,Casa completa em Itapema SC,Não identificado,casa,4,4.0,15,,,,0,,0,False,False
798609957167332367,Apto moderno e aconchegante,Não identificado,apartamento,2,2.0,6,700.0,676.3888888888889,72.0,5,5.0,5,False,False
963771154258225093,Apartamento rua 262,Meia Praia,apartamento,2,2.0,7,,,,6,5.0,5,False,False
1311955859629341439,Quarto Casal - Quadra Mar,Não identificado,outros,0,0.0,2,,,,3,4.670000076293945,4,False,False
1066297179791641849,Apartamento a 100m da praia,Não identificado,apartamento,2,2.0,6,,,,4,5.0,5,False,False
779826083156013709,Apto Meia Praia com excelente localização,Meia Praia,apartamento,2,2.0,4,,,,10,4.900000095367432,4,False,False
39610744,Alugo apto lindo de 111m² a 300m da praia,Não identificado,apartamento,3,2.0,6,,,,7,4.429999828338623,4,False,False
1044515710705238828,Apartamento frente mar,Não identificado,apartamento,3,2.0,6,,,,1,5.0,5,False,False
16105751,Apartamento em Itapema  pertinho de tudo!,Centro,apartamento,2,2.0,4,250.0,273.2916666666667,72.0,138,4.860000133514404,4,True,False
53474976,Apartamento Meia Praia- Lateral Mar- 3 dormitórios,Meia Praia,apartamento,3,2.0,6,,,,2,4.5,4,False,False
48088712,Apartamento Pé na areia Meia Praia - Itapema/SC,Meia Praia,apartamento,3,2.0,7,,,,2,4.5,4,False,False
1252195463712989125,Chateux apartamento a 150 metros do mar,Não identificado,apartamento,2,3.0,5,,,,0,,0,False,False
1083301106167776779,Apartamento de luxo,Não identificado,apartamento,3,2.0,8,477.0,481.6901408450704,71.0,16,5.0,5,True,False
930375721985185754,Apartamento com vista Montanhas,Não identificado,apartamento,1,2.0,4,,,,3,3.670000076293945,3,False,False
31543199,"Ótimo apto 3 suites, 2 garagens, 75 m da praia, ar",Meia Praia,apartamento,3,3.0,7,700.0,772.5166666666667,105.0,27,5.0,5,False,False
47000276,"Apartamento de Cobertura, Frente mar c/ 02 suítes",Meia Praia,apartamento,3,3.0,8,500.0,630.6464646464647,99.0,28,4.820000171661377,4,False,False
46990438,"Apto 200m do mar, com terraço no Centro de Itapema",Centro,apartamento,2,3.0,6,600.0,531.5413793103448,174.0,17,5.0,5,False,False
1300301067010145368,Apartamento novo próximo ao mar,Não identificado,apartamento,2,2.0,5,,,,1,5.0,5,False,False
1277103969415516416,Alugo apartamento em Itapema,Meia Praia,apartamento,2,2.0,8,470.0,454.006172962963,54.0,8,5.0,5,True,False
1274055523929375490,Estúdio com Piscina a 350m da Praia IFT1802,Não identificado,apartamento,1,1.0,2,545.0,606.8991816964286,224.0,4,5.0,5,False,True
540415335028124722,apartamento aconchegante e em ótima localização,Meia Praia,apartamento,2,2.0,9,,,,3,5.0,5,False,False
1075961351792144902,Cobertura perto da praia,Não identificado,apartamento,1,1.0,4,,,,2,5.0,5,False,False
1247028916537033972,Casa c/ Piscina ao lado da praia,Centro,casa,4,6.0,12,1700.0,1756.7567567567567,74.0,0,,0,False,False
1294874891674328454,Casa em Itapema,Não identificado,casa,2,2.0,4,,,,0,,0,False,False
780281674162046667,Verão 2023,Meia Praia,apartamento,2,2.0,8,,,,7,4.570000171661377,4,False,False
768031350632379804,AP Sob medida - 02 Suítes/Garagem/Sacada ampla,Meia Praia,apartamento,2,2.0,7,,,,2,4.5,4,False,False
1236170846157658865,Quarto em itapema,Não identificado,outros,1,1.0,4,,,,0,,0,False,False
48169521,"Apto a 100 m. do mar, climatizado, Wifi",Meia Praia,apartamento,2,2.0,4,,,,1,5.0,5,False,False
53738511,(318) Melhor custo-benefício,Não identificado,apartamento,2,1.0,5,466.0,466.0,192.0,81,4.829999923706055,4,True,True
24404503,Cobertura Frente Mar em Meia Praia!,Meia Praia,apartamento,3,2.0,6,,,,24,4.960000038146973,4,False,False
1302959540649428885,Estrela do Mar Studio,Meia Praia,casa,1,1.0,4,,,,0,,0,False,False
1304963809687964618,Aluga-se casa Para  temporada,Não identificado,casa,2,2.0,6,,,,0,,0,False,False
1023988647911895243,Vivenda Paraíso,Não identificado,apartamento,2,2.0,4,,,,0,,0,False,False
52841443,Apto espaçoso bonito seguro a 50m do mar c/garagem,Centro,apartamento,2,2.0,4,,,,4,4.75,4,False,False
753076868199108828,"Apartamento com churrasqueira 
Meia Praia SC",Meia Praia,apartamento,2,2.0,6,,,,0,,0,False,False
963916345061155113,"3 Suítes Amplas, 4 Vagas, Vista mar, 2min da Praia",Não identificado,apartamento,3,3.0,13,1460.0,1297.8469707070706,99.0,18,5.0,5,True,True
47068610,Apartamento aconchegante de frente pro Mar,Centro,apartamento,2,2.0,5,,,,0,,0,False,False
1270377015190277716,Seus dias em um ap. pé na areia!,Meia Praia,apartamento,2,2.0,6,,,,1,5.0,5,False,False
1207992119242235910,Estúdio Equipado com Vista Mar em Itapema MHFB0506,Centro,apartamento,1,1.0,2,374.5,390.0867271493213,221.0,3,5.0,5,False,True
1071056510814014044,Ótimo Ap na Meia Praia.,Meia Praia,apartamento,2,0.0,6,,,,0,,0,False,False
1093543433835743780,Apto Novo e espaçoso Meia-Praia Itapema-Sc,Não identificado,apartamento,3,2.0,6,,,,5,5.0,5,False,False
39990143,Casa de verão,Não identificado,casa,1,1.0,6,,,,6,4.829999923706055,4,False,False
46011731,Apartamento com vista pro mar Meia Praia,Meia Praia,apartamento,3,2.0,8,590.0,607.3809523809524,21.0,19,4.889999866485596,4,True,False
51623204,Cobertura vista mar Itapema - 30 metros da praia,Não identificado,apartamento,4,3.0,10,,,,12,5.0,5,False,False
51453135,Apto amplo e aconchegante perto do mar.,Meia Praia,apartamento,3,2.0,8,680.0,659.2433862433862,189.0,13,4.849999904632568,4,True,False
581631443102244426,Casa Meia Praia - dois quartos  próximo praia,Meia Praia,casa,2,2.0,4,,,,3,5.0,5,False,False
42427771,Apartamento no Centro de Itapema,Centro,apartamento,2,1.0,7,,,,10,4.900000095367432,4,False,False
52929834,"Apartamento 2 quartos Meia Praia, 100m da praia com garagem privativa",Meia Praia,apartamento,2,2.0,6,,,,4,5.0,5,False,False
1046481075180202571,quarto na meia praia,Meia Praia,outros,1,1.0,2,,,,0,,0,False,False
41227471,Apartamento a 400m da praia com 3 dormitórios,Meia Praia,apartamento,3,2.0,7,610.0,685.1521739130435,207.0,34,5.0,5,True,False
1225979956577609938,(318) A uma quadra do mar,Não identificado,apartamento,2,1.0,5,,,,6,4.329999923706055,4,True,True
1295718964285991991,Apartamento meia praia Itapema,Meia Praia,apartamento,3,2.0,6,,,,4,5.0,5,False,False
32270068,Apartamento incrível! Vista única! 50 mts praia.,Não identificado,apartamento,4,4.0,10,,,,0,,0,False,False
1218952451555408044,Luxo  e Conforto próximo ao mar com 3 suítes,Meia Praia,apartamento,1,3.0,9,,,,0,,0,False,True
893568015283925281,Apartamento Itapema Meia Praia,Meia Praia,apartamento,4,4.0,9,,,,2,5.0,5,False,False
873255393900331818,Amplo Apartamento Central! c/ Churrasqueira,Meia Praia,apartamento,3,2.0,6,584.33335,735.7227722772277,202.0,20,4.75,4,True,True
1283145087738297626,Lindo APTO meia praia,Meia Praia,apartamento,4,5.0,10,,,,0,,0,False,False
1306033116658241534,Um refúgio próximo ao centro,Centro,outros,1,1.0,4,,,,5,5.0,5,False,False
763760555124711556,Casa no coração da meia praia,Meia Praia,casa,3,1.0,10,,,,0,,0,False,False
1304403734260231676,Apartamento Charmoso a 750m da Praia - RVN2003,Centro,apartamento,2,2.0,4,641.625,643.0599173553719,242.0,1,4.0,4,False,True
1052942227246615615,Alugo apartamento inteiro,Não identificado,apartamento,3,3.0,6,,,,0,,0,False,False
1182018398755268829,Apto novo c/ Churrasq/ e Vista para o Mar MHF0908,Centro,apartamento,2,1.0,6,644.0,711.1587078651686,178.0,13,5.0,5,False,True
1313125057162293363,Apartamento 3 Suítes,Meia Praia,apartamento,3,4.0,7,,,,0,,0,False,False
1264430504073638439,Apartamento 2 suítes  Meia Praia,Meia Praia,apartamento,2,2.0,4,,,,1,5.0,5,False,False
47921866,Itapema Centro/Camboriú SC,Centro,apartamento,2,2.0,7,,,,1,5.0,5,False,False
1300181335701342835,linda casa 500 metros praia,Não identificado,casa,1,1.0,7,,,,1,5.0,5,False,False
1219440451890811691,Golden Home: Conforto e estilo!,Não identificado,apartamento,3,3.0,10,,,,0,,0,False,True
1230676911873998807,Temporada Espetacular,Não identificado,apartamento,3,1.0,8,,,,0,,0,False,False
37394362,Camping Sitio Madre Terra,Não identificado,outros,1,1.0,4,,,,0,,0,False,False
1295160701752430552,Apartamento em Centro/ 2 quartos/garagem rotativa,Centro,apartamento,2,1.0,6,,,,5,4.0,4,False,False
1303875579914032798,Apartamento NOVO 2 quartos+ 2BWC,Não identificado,apartamento,2,2.0,5,,,,0,,0,False,False
1011115904222911872,"NOVO e aconchegante, 400metros do mar! MEIA PRAIA!",Meia Praia,apartamento,3,2.0,6,700.0,747.9819025252525,198.0,15,5.0,5,True,False
1310863651304083661,Quadra - Mar Rua 263 - Itapema,Não identificado,apartamento,3,3.0,8,,,,0,,0,False,False
1298678967964045507,Espaçoso e a 450m da praia,Não identificado,apartamento,3,0.0,7,,,,3,5.0,5,False,False
1042620911141302538,Aluguel de verão 2024,Não identificado,apartamento,3,3.0,8,,,,0,,0,False,False
1150663639430720811,Sítio novo amanhecer!,Não identificado,casa,3,3.0,12,,,,1,5.0,5,False,False
1254232203932052126,"Apartamento Meia Praia, 50m mar!",Meia Praia,apartamento,3,2.0,6,,,,6,5.0,5,False,False
1094357489158599823,Apartamento temporada,Não identificado,apartamento,4,2.0,6,,,,0,,0,False,False
775408609937031728,Casa com piscina em Itapema SC.,Não identificado,casa,3,3.0,12,,,,3,5.0,5,False,False
1068324036682185254,"Itapema 299/201, quadra mar",Não identificado,apartamento,3,2.0,7,,,,1,5.0,5,True,False
1264562560195071226,Apartamento Moderno e Prático ref 1404,Meia Praia,apartamento,2,1.0,6,,,,0,,0,False,False
22421606,DS2 Casa com Piscina Privativa,Não identificado,casa,2,1.0,11,361.0,440.8,120.0,27,4.849999904632568,4,False,False
913929715874853789,Apartamento Luxo Itapema-Meia Praia,Meia Praia,apartamento,4,3.0,9,899.0,974.0258795031056,161.0,27,4.889999866485596,4,True,False
1306097236294644480,Apartamento quadra mar,Não identificado,apartamento,3,3.0,8,,,,0,,0,False,False
1241963775870811556,Apartamento- Meia Praia- Itapema,Meia Praia,apartamento,2,1.0,6,,,,0,,0,False,False
601592861131264636,Condomínio Novo Alto Padrão,Não identificado,apartamento,3,4.0,8,,,,2,4.5,4,False,False
50480389,Apartamento amplo com churrasqueira na Meia  Praia,Meia Praia,casa,3,2.0,8,,,,1,5.0,5,False,False
39721922,Aluguel de casa em Itapema - Santa Catarina,Não identificado,casa,2,2.0,6,,,,0,,0,False,False
53113087,Apto amplo no coração da meia praia,Meia Praia,apartamento,3,2.0,8,650.0,553.0013241269842,126.0,12,5.0,5,False,False
1197121947398131654,Stúdio vista mar em cond com piscina MHFA1204,Centro,apartamento,1,1.0,2,383.0,398.0967261904762,168.0,21,4.670000076293945,4,False,True
53030717,Apartamento alto padrão  - Meia praia - 4  garagem,Meia Praia,apartamento,3,3.0,4,,,,0,,0,False,False
828036946101813387,"Apartamento com vista mar, 2 dormitórios, garagem.",Não identificado,apartamento,2,2.0,6,270.0,360.77185786885246,61.0,12,5.0,5,True,False
628897724940732017,Bello Spazio,Meia Praia,apartamento,4,3.0,10,975.0,969.0,25.0,21,4.949999809265137,4,False,False
1059563894852615252,Lindo apartamento quadra mar com 3 suítes,Meia Praia,apartamento,3,3.0,9,,,,0,,0,False,False
53325047,Apto a 80m do mar na melhor região da Meia Praia,Meia Praia,apartamento,2,2.0,6,450.0,478.9624060150376,133.0,20,4.900000095367432,4,True,False
1297982613778280118,Ap Meia Praia Temporada,Meia Praia,apartamento,2,2.0,4,,,,0,,0,False,False
53815397,Stúdio inteiro em casa familiar-ar cond próx praia,Não identificado,apartamento,1,1.0,2,180.0,246.11111111111111,72.0,86,4.929999828338623,4,True,False
52350730,"Apartamento amplo
Para Réveillon mínimo 10dias",Não identificado,apartamento,3,2.0,6,,,,0,,0,False,False
821920276390293366,Apartamento em Meia Praia,Meia Praia,apartamento,3,4.0,8,650.0,671.812,125.0,19,5.0,5,True,False
1043253170481639692,Ap. Meia Praia a 30m do mar,Meia Praia,apartamento,3,1.0,8,,,,0,,0,False,False
42335961,Apartamento quadra do mar em meia praia SC,Meia Praia,apartamento,3,2.0,8,500.0,612.3823529411765,204.0,17,4.940000057220459,4,False,False
1047178848339451053,"Frente para o mar, ótima vista",Não identificado,apartamento,3,2.0,7,,,,2,5.0,5,True,False
47179602,Apto a 120 MT da praia (quadra mar) Rua 295,Não identificado,apartamento,3,2.0,7,,,,8,4.880000114440918,4,False,False
1065385331423061988,Lindo apto. Pé na areia.,Não identificado,apartamento,3,3.0,8,,,,0,,0,False,False
46866680,Apto a poucos metros da praia em Meia Praia,Meia Praia,apartamento,3,3.0,6,450.0,504.5903614457831,166.0,9,5.0,5,False,False
820853852181749006,Proximo ao Mar 3 Suítes 2 Vagas,Não identificado,apartamento,3,4.0,6,,,,0,,0,False,False
750175589738501274,A1 - Ótimo apto no centro de itapema. 150 M do mar,Centro,apartamento,2,1.0,6,,,,21,4.760000228881836,4,True,False
1313863643918666408,Casa com 16 suítes,Não identificado,casa,16,16.0,16,,,,0,,0,False,False
1034834401690359958,Apartamento a 100m da Praia,Não identificado,apartamento,3,2.0,8,,,,0,,0,False,False
1283539179400796224,Suíte Master Frente Montanhas.,Não identificado,hotel,1,1.0,2,,,,0,,0,False,False
1038203116924715165,Encante-se com este magnífico apartamento,Não identificado,apartamento,3,2.0,6,,,,0,,0,False,False
1219633116101059428,¡Lujoso departamento!,Meia Praia,apartamento,3,3.0,6,,,,1,4.0,4,True,False
52845343,Apto finamente mobiliado na melhor localização,Não identificado,apartamento,3,2.0,8,,,,2,4.0,4,False,False
1161927707286622818,"Stúdio A - VIP c/cozinha Vista Mar, 1 min Pé Areia",Centro,apartamento,1,1.0,2,246.0,235.59095211764708,85.0,27,5.0,5,True,False
31530689,Apartamento verão alto padrão 30 metros da praia,Não identificado,apartamento,3,2.0,6,700.0,707.6032863849765,213.0,24,4.920000076293945,4,True,False
1241611184047961689,Apartamento Completo Pé na Areia,Não identificado,apartamento,3,2.0,8,,,,2,5.0,5,False,
777007864432486492,Apto novo no Morretes 2 quartos,Morretes,apartamento,2,2.0,4,,,,1,5.0,5,False,False
860105942454694413,Quadra Mar Meia Praia Itapema,Meia Praia,apartamento,3,2.0,9,,,,0,,0,True,False
41317188,AP Luxo 3 suítes 3 vagas portaria completo,Meia Praia,apartamento,3,3.0,7,,,,4,5.0,5,True,False
1311575286815584867,Achei Itapema AP vista mar 2dorm Mirante Oliveiras,Não identificado,apartamento,2,2.0,6,753.0,790.9603670731707,82.0,1,5.0,5,True,True
1315513068814871645,Apr meia praia,Meia Praia,apartamento,2,1.0,6,,,,0,,0,False,False
799129875640532531,ACHOU! O melhor custo-benefício de Itapema!,Não identificado,apartamento,2,2.0,5,,,,6,4.829999923706055,4,False,False
1288058186413244472,Quarto Red 1.1 Hotel frente mar para 3 pessoas,Não identificado,hotel,2,0.0,3,,,,0,,0,False,False
743224710628329962,"Apartamento Vista-Mar!

Meia Praia- Itapema,",Meia Praia,apartamento,3,2.0,6,,,,3,5.0,5,False,False
40225576,Apto para temporada na Meia Praia 4 suítes 3 vagas,Meia Praia,apartamento,4,4.0,10,,,,0,,0,False,False
1305130414883751759,Apartamento para Veraneio,Meia Praia,apartamento,2,2.0,5,,,,1,4.0,4,False,False
807362268619601978,Excelente apto! Pertinho da praia! Vista Mar.,Não identificado,apartamento,2,2.0,6,,,,2,5.0,5,True,False
970832114891296635,"Apartamento 50m do mar, central",Não identificado,apartamento,3,2.0,7,,,,6,4.670000076293945,4,False,False
1315531524716923051,Apartamento 550metros da praia.,Meia Praia,apartamento,2,2.0,8,,,,0,,0,False,False
1217995628954539177,Conforto apto 3 Dorm Meia Praia,Meia Praia,apartamento,3,3.0,8,,,,0,,0,False,True
40675590,seu apto na praia.,Meia Praia,apartamento,2,2.0,7,,,,6,4.829999923706055,4,False,False
835592468124655281,Luxo Frente Mar em Itapema!,Meia Praia,apartamento,3,3.0,7,,,,1,5.0,5,True,False
1316630486457857640,Casa na Praia,Não identificado,casa,1,1.0,6,,,,0,,0,False,False
1313285672926322461,3suites há poucos metros do mar!,Não identificado,apartamento,3,3.0,6,,,,0,,0,True,False
37148632,"Apto Meia Praia 
Próximo shopping Russi e Russi",Meia Praia,apartamento,2,2.0,4,,,,1,5.0,5,False,False
1284704260167117937,Apto Duplex a 150 metros dapraia,Não identificado,apartamento,5,3.0,10,,,,0,,0,False,False
753462768477570402,"Apartamento pé na areia, sacada para o mar!",Não identificado,apartamento,3,2.0,8,,,,2,5.0,5,False,False
31069380,"3 suítes, 2 vagas, ar cond. e sacada c/ churrasq.",Não identificado,apartamento,3,3.0,6,809.0,783.4344262295082,61.0,58,4.840000152587891,4,False,False
552083532240233859,Apartamento com churrasqueira ao lado do mar .,Não identificado,apartamento,2,2.0,8,,,,0,,0,False,False
46098049,Apartamento  em Itapema,Centro,apartamento,3,2.0,8,,,,4,5.0,5,False,False
991285268208008087,Apartamento 80m do Mar,Meia Praia,apartamento,3,2.0,6,,,,0,,0,False,False
782734966853311782,Apto 3 suítes Meia Praia Itapema,Meia Praia,apartamento,3,3.0,8,580.0,770.5404761904762,210.0,9,5.0,5,True,False
1033202997223117530,"Apartamento Frente Mar, 4 quartos, Meia Praia.",Meia Praia,apartamento,4,3.0,12,1795.0,1802.2045454545455,22.0,17,5.0,5,True,False
41926345,"Alugo apto em Meia Praia, Itapema-SC 50 Mts do Mar",Meia Praia,apartamento,3,2.0,8,,,,2,5.0,5,False,False
1301654152186584161,Custo e beneficio - Ar cond e Churras - 900m praia,Centro,apartamento,2,1.0,5,,,,4,5.0,5,True,False
30271062,Linda cobertura bem próxima da Praia,Meia Praia,apartamento,2,1.0,6,583.0,534.4868421052631,76.0,6,5.0,5,False,False
48094294,Itapema-Duplex a 250 metros do mar,Centro,apartamento,2,1.0,5,,,,31,4.96999979019165,4,True,False
1207335703563012811,Studio em Edifício com Piscina Vista Mar MHFA0504,Centro,apartamento,1,1.0,2,427.0,434.22709317535544,211.0,1,5.0,5,False,True
1088583802794691728,Lindo Apto em Itapema Frente ao Mar,Meia Praia,apartamento,3,2.0,8,,,,5,4.800000190734863,4,False,False
1275408256366937393,Apartamento 3 Quartos Mobiliado,Não identificado,apartamento,3,2.0,6,,,,0,,0,False,False
995680028058206783,"Vila dos pássaros, casa completa",Não identificado,casa,6,9.0,16,,,,2,5.0,5,False,False
1154338348449938646,Apartamento Frente Avenida Nereu  - 3 Suítes,Meia Praia,apartamento,3,3.0,8,,,,1,5.0,5,False,False
47085905,"Lindo Apart, 3 Suites , Ar cond, wi-fi, 3 garagens",Não identificado,apartamento,3,3.0,6,,,,4,5.0,5,True,False
46769078,"Apto Vista Mar, 3 suites e sacada c/ churrasqueira",Meia Praia,apartamento,3,3.0,8,988.0,906.97165907173,237.0,13,4.920000076293945,4,False,False
46415101,De frente para o mar é uma excelente escolha.,Não identificado,apartamento,3,3.0,6,,,,0,,0,False,False
1310082782435203083,Churrasqueira e Vista Panorâmica Itapema/SC,Morretes,apartamento,2,1.0,5,,,,0,,0,False,False
1008029204257210230,Casa Itapema/SC pertinho do mar!,Não identificado,casa,2,1.0,4,315.0,321.6753278651685,178.0,4,5.0,5,False,False
1302839171498608412,"Apto luxo, rua 230, 100m do mar.",Não identificado,apartamento,2,3.0,5,,,,0,,0,False,False
31511990,"2 suítes em Itapema-SC, 5 pessoas, WI-FI, TV,",Centro,casa,2,2.0,5,500.0,483.43023255813955,86.0,51,4.920000076293945,4,False,False
3263701,Apto inteiro frente praia  com 4 suites 3 garagem.,Meia Praia,apartamento,4,4.0,12,1650.0,1533.3333333333333,48.0,42,4.900000095367432,4,False,False
1061820958506073620,ag 3 dorm 2 bwc piscina ar wifi,Não identificado,casa,3,2.0,16,,,,1,3.0,3,False,False
1292799934684684325,Ed Piazza Mayor Apto 906,Não identificado,apartamento,2,2.0,5,,,,2,4.5,4,True,False
1091935794941863945,Apartamento Aconchegante,Meia Praia,apartamento,2,2.0,4,,,,4,4.5,4,False,False
1036973657081137421,Casa térrea - bem localizada,Não identificado,casa,3,2.0,8,,,,11,5.0,5,True,False
1029680548639860402,Apto primeiro andar vista mar,Não identificado,apartamento,2,2.0,5,,,,1,5.0,5,False,False
1310804213962211160,Suíte Privativa 1 quadra do mar,Meia Praia,outros,1,0.0,2,,,,1,5.0,5,False,False
1306477586777971034,Apartamento em itapema independente,Não identificado,apartamento,1,1.0,3,,,,4,1.5,1,False,False
1315912442862954203,Golden Garden Residence Ap 702,Não identificado,apartamento,3,2.0,8,,,,0,,0,False,False
1297930815921503919,Apto vista mar c/ 3 Quartos a 50m da Praia ATT0602,Meia Praia,apartamento,3,2.0,6,871.0,930.051088442211,199.0,3,5.0,5,False,True
784671558918539992,Apto alugar Praia de Ilhota 302,Ilhota,apartamento,2,1.0,6,,,,4,5.0,5,False,False
808211827218517461,100m da praia com garagem,Não identificado,casa,3,2.0,10,,,,0,,0,False,False
1194934061037707415,Apto Vista MarMeia Praia,Meia Praia,apartamento,3,2.0,6,,,,0,,0,True,False
1193496259129259761,Apto aconchegante 280m do praia em Itapema MHF0509,Centro,apartamento,2,2.0,6,723.0,720.6557312217194,221.0,13,4.769999980926514,4,False,True
1065134681003546502,Amplo Apartamento de Verão,Meia Praia,apartamento,3,2.0,7,,,,0,,0,True,False
1156649912857014385,Vista al Mar  Exlente. Departamento a estrenar,Não identificado,apartamento,2,2.0,5,,,,1,5.0,5,False,False
1051258841276296327,Casa aconchegante em Itapema com piscina,Não identificado,casa,2,2.0,6,,,,0,,0,False,False
52536443,Apartamento 201: vista mar e 20m da praia,Centro,apartamento,2,2.0,5,400.0,390.2631578947368,38.0,13,5.0,5,False,False
46878566,Lindo apartamento de cobertura na praia de Itapema,Não identificado,apartamento,3,3.0,6,500.0,507.6,210.0,20,4.800000190734863,4,False,False
983414023585763213,"Apartamento em Itapema 4 suits, com 3vagas garagem",Não identificado,apartamento,4,0.0,8,,,,1,4.0,4,True,False
639216644351145145,Cobertura 5 Suítes,Não identificado,apartamento,5,5.0,14,900.0,962.5,16.0,29,4.96999979019165,4,True,False
1263782720733351995,"Apartamento novo 2 quartos, 2 quadras do mar",Meia Praia,apartamento,2,2.0,4,,,,7,5.0,5,False,False
29381085,Apto 3 quartos c/ VISTA MAR  Meia Praia Itapema SC,Meia Praia,apartamento,3,2.0,8,,,,3,5.0,5,False,False
1311540500191796195,meia praia 150 mt da praia,Meia Praia,casa,3,2.0,8,,,,0,,0,False,False
27910707,"Top Pé na Areia, 1 por Andar",Não identificado,apartamento,3,3.0,6,1680.0,1557.274074074074,81.0,10,4.699999809265137,4,False,False
1015080872303225543,"Apartamento na Meia Praia, SC",Meia Praia,apartamento,3,3.0,8,,,,0,,0,False,False
41008210,Excelente apartamento próximo da praia,Não identificado,apartamento,3,2.0,6,,,,0,,0,False,False
1090733476410044804,Apartamento em Meia Praia,Meia Praia,apartamento,3,2.0,6,,,,0,,0,False,False
1085490619549830143,Apartamento 270m da praia,Não identificado,apartamento,2,2.0,5,,,,0,,0,True,False
999306668153709930,Sobrado no Paraiso Perdido de  Itapema,Centro,casa,3,1.0,4,,,,2,5.0,5,False,False
1287239325712001279,Casa na praia 5 minutos da praia,Não identificado,casa,2,1.0,8,,,,0,,0,False,False
769009482417170004,Apto pé na areia!,Não identificado,apartamento,1,1.0,4,480.0,590.4110429447853,163.0,17,4.940000057220459,4,True,False
1248660750160789330,Apto ideal para suas férias!,Não identificado,apartamento,2,2.0,5,,,,0,,0,False,False
1318818089883482536,Apto 3 suítes 200 m da Praia,Meia Praia,apartamento,3,3.0,8,,,,0,,0,True,False
1242871998993315064,Blue Sea Hotel - Itapema SC,Não identificado,hotel,1,1.0,3,,,,0,,0,False,False
47421617,Apto 202 - ótima localização: 20 metros da praia,Centro,apartamento,2,2.0,5,370.0,404.18981499999995,36.0,7,4.710000038146973,4,False,False
18271241,Apart. 401 Alto Padrão Vista p.  Mar -  Itapema/SC,Não identificado,apartamento,3,3.0,8,,,,2,5.0,5,False,False
1062615116593634676,Flat Alto Padrão - Meia Praia SC,Meia Praia,apartamento,1,1.0,4,400.0,441.02,150.0,11,5.0,5,True,False
772603331815027558,Apart. em Itapema com 2 quartos c/ ar condicionado,Não identificado,apartamento,2,2.0,5,,,,16,4.880000114440918,4,False,False
1299993566911510318,Apartamento em Itapema,Não identificado,apartamento,2,2.0,6,,,,0,,0,False,False
47260862,"Apartamento perto do mar. wi-fi, split, 2 garagens",Não identificado,apartamento,2,3.0,8,450.0,513.952380952381,105.0,24,5.0,5,False,False
627388721154300829,"Apartamento maravilhoso, com 3 suítes, 150m do mar",Não identificado,apartamento,3,4.0,8,550.0,446.556338028169,71.0,38,4.869999885559082,4,False,False
23299596,⚡Apto CENTRAL a 90m da PRAIA #Ar+WiFi - QUADRA MAR,Meia Praia,apartamento,2,1.0,6,553.0,612.4444444444445,36.0,214,4.920000076293945,4,True,False
39394196,Apto 40 mts da Praia 3 quartos e 2 banheiros,Não identificado,apartamento,3,2.0,8,350.0,353.80434782608694,23.0,16,4.809999942779541,4,False,False
1285199189393260516,Quarto (n° 2) até 4 hóspedes com ar,Meia Praia,outros,1,2.0,4,,,,9,5.0,5,True,False
1318901720877311421,Ap pé na areia no centro,Meia Praia,apartamento,3,3.0,10,,,,0,,0,False,False
572272775213205053,Entire condominium (condo). Itapema (Brazil). 3 BD,Não identificado,apartamento,3,3.0,6,,,,0,,0,False,False
1015304393044543814,"Rua 232, do Mar",Não identificado,apartamento,2,1.0,7,,,,3,5.0,5,True,False
51983017,Apartamento Prédio Frente Mar - Recém Reformado,Não identificado,apartamento,2,1.0,5,549.0,635.9827586206897,29.0,41,5.0,5,True,False
819381309416209650,apartamento em hotel,Centro,hotel,1,1.0,4,,,,2,5.0,5,False,False
44425260,Ape a 180 metros do mar! Great location!,Não identificado,apartamento,2,2.0,8,450.0,496.6181818181819,66.0,6,5.0,5,False,False
1318005433819873357,Apartamento itapema-SC,Não identificado,apartamento,4,5.0,8,,,,1,5.0,5,False,False
994292568172885563,"Apartamento Novo, Vista Mar",Meia Praia,apartamento,3,3.0,6,,,,5,5.0,5,False,False
48586673,Apto à beira-mar com churrasq privativa em Itapema,Meia Praia,apartamento,3,2.0,8,,,,4,4.5,4,False,True
985445004274818605,Quarto com Banheiro no  centro de Itapema,Centro,outros,1,1.0,2,150.0,165.11016949152543,59.0,19,5.0,5,True,False
1236383802418159158,Apartamento em Prédio Frente Mar,Não identificado,apartamento,3,2.0,6,,,,0,,0,False,False
844800658968351642,"304- Apartamento quadra mar Meia praia, Itapema",Meia Praia,apartamento,2,2.0,5,,,,0,,0,False,True
38352359,Apartamento em prédio com saída direto para o mar,Meia Praia,apartamento,3,2.0,8,,,,0,,0,False,False
1014245162199655907,"Prédio Frente Mar
Apto Lateral",Não identificado,apartamento,2,2.0,6,600.0,572.6712962962963,108.0,8,5.0,5,False,False
1049417084065072931,"MO Prático ap 390m praia, 2 WC, AC, Wi-Fi ultra",Não identificado,apartamento,2,2.0,4,647.25,646.25,18.0,24,4.920000076293945,4,True,True
763934971339235397,Apartamento a 200 metros do mar,Meia Praia,apartamento,3,2.0,10,,,,0,,0,False,False
28075525,Temporada 2 quartos quadra mar - Meia Praia *012,Meia Praia,apartamento,2,2.0,6,400.0,446.3397435897436,78.0,20,4.949999809265137,4,True,False
1298562926447923365,Duplex c/ piscina privativa,Não identificado,apartamento,5,5.0,10,,,,1,5.0,5,False,False
558688446887987054,Aconchegante cobertura próximo da Praia,Meia Praia,apartamento,2,1.0,6,,,,2,5.0,5,False,False
1275427906090524686,Ap 300 metros da Praia,Não identificado,apartamento,3,3.0,8,,,,0,,0,False,False
1268755217310742256,Apartamento na quadra da praia,Não identificado,apartamento,2,2.0,4,800.0,791.3513513513514,37.0,0,,0,False,False
17020512,"Casa p/ ate 10 pessoas  Meia praia, Itapema/SC",Meia Praia,casa,3,2.0,10,,,,1,4.0,4,False,False
1315360582920911882,"Meia Praia, Itapema",Meia Praia,apartamento,3,3.0,8,,,,0,,0,False,False
39051477,"4 Suítes, 3 Vagas, Lado McDonalds, M.Praia,Itapema",Meia Praia,apartamento,4,4.0,10,1500.0,1539.6935467741935,248.0,10,4.800000190734863,4,False,False
26895628,Amplo apartamento frente ao mar Meia Praia,Meia Praia,apartamento,4,3.0,12,850.0,966.360824742268,97.0,99,4.800000190734863,4,False,False
912678193847993947,Quarto casal privativo. apto compartilhado.,Não identificado,outros,1,1.0,2,300.0,300.6363636363636,77.0,30,4.800000190734863,4,False,False
1041586121627389560,Excelente apto 200 m da praia,Meia Praia,apartamento,2,2.0,6,,,,8,4.880000114440918,4,False,False
1303694953710431170,Apartamento Meia Praia 2 quartos - AL002,Meia Praia,apartamento,2,2.0,6,,,,1,5.0,5,True,False
1316845629569930348,Apartamento alto padrão Itapema,Não identificado,apartamento,3,4.0,6,,,,0,,0,False,False
1180630307742034711,Apto 3dorm alto padrão próx ao mar/Garagem dupla,Meia Praia,apartamento,3,3.0,9,,,,0,,0,False,False
52536959,Estúdio Privativo Container na Meia Praia - T3,Meia Praia,apartamento,1,1.0,2,,,,52,4.960000038146973,4,True,True
1230581509934727899,Apartamento Lindo Decorado,Meia Praia,apartamento,3,2.0,6,,,,0,,0,False,False
40814808,Apartamento novo com conforto e segurança,Não identificado,apartamento,2,2.0,6,,,,14,4.929999828338623,4,False,False
1039827290604057739,Casa Zen,Não identificado,casa,1,1.0,6,,,,0,,0,False,False
1179028133738930790,Cobertura - Quadra Mar Para Toda Galera - Itapema,Não identificado,apartamento,3,2.0,12,,,,1,5.0,5,True,True
30560948,Pé na areia em Meia Praia,Meia Praia,apartamento,3,2.0,6,700.0,881.8909528571429,210.0,10,5.0,5,False,False
1262221626757341454,Aluguel temporada,Não identificado,apartamento,3,3.0,9,,,,0,,0,False,False
1166024161283656882,Apartamento Gran Safira,Não identificado,apartamento,2,3.0,6,,,,2,4.5,4,False,False
838302443423866244,"ótima localização, vista mar.",Não identificado,apartamento,3,2.0,4,,,,2,4.5,4,True,False
41702158,Cobertura de Frente para o Mar com vista incrível,Não identificado,apartamento,4,3.0,12,1200.0,1286.1386138613861,101.0,59,4.949999809265137,4,True,False
8406738,Meia Praia - 150m do MAR -  Apto vista mar,Meia Praia,apartamento,3,3.0,6,,,,2,5.0,5,False,False
772331709357403117,Apartamento em Itapema,Não identificado,apartamento,2,2.0,6,,,,0,,0,False,False
1101468395346870820,Seu Apartamento de férias em Itapema,Não identificado,apartamento,2,1.0,4,,,,2,5.0,5,False,False
1293328099072796975,Apartamento em Itapema com 2 suítes e 2 garagens,Não identificado,apartamento,2,2.0,5,,,,0,,0,False,False
31055581,"Apto Quadra-mar, 2 banheiros, Wi-Fi 40MB, Ar Cond",Não identificado,apartamento,2,2.0,6,415.0,416.99375,160.0,66,4.789999961853027,4,False,False
1288396705105036892,Apto espaçoso 3 suítes 200m mar,Não identificado,apartamento,3,3.0,6,,,,0,,0,False,False
851583708882706195,Apto em Itapema/Meia Praia - SC,Meia Praia,apartamento,2,2.0,6,,,,1,5.0,5,False,False
51669111,Itapema 289 Cobertura,Não identificado,apartamento,3,2.0,8,800.0,733.9916162601626,246.0,8,5.0,5,True,False
43219070,"Conforto, e bem estar no centro de itapema.",Centro,apartamento,3,3.0,7,,,,0,,0,False,False
964070954867493655,Casa para finais de semana! Locação flexível,Não identificado,casa,2,1.0,6,,,,0,,0,False,False
1287091404225131475,Ótimo espaço para acomodar 10 pessoas.,Não identificado,casa,4,2.0,10,,,,2,5.0,5,False,False
49369605,Apartamento quadra mar,Não identificado,apartamento,3,2.0,8,230.0,238.34126976190475,42.0,12,4.75,4,False,False
1121119629124487182,Lindo Apartamento Com Vista Lateral Mar Meia Praia,Meia Praia,apartamento,4,4.0,12,,,,0,,0,False,False
1026215661270129106,casa de praia,Ilhota,casa,1,1.0,3,,,,0,,0,False,False
565007049956535379,Apto perto da praia com vista mar e churrasqueira,Meia Praia,apartamento,3,2.0,6,,,,0,,0,True,False
1320461234111620167,Apartamento 2 Quartos,Não identificado,apartamento,2,1.0,4,,,,0,,0,False,False
1273978346654911748,Apartamento 03 Suítes Vista Mar,Meia Praia,apartamento,3,4.0,8,,,,0,,0,False,False
1298806615338272948,Geminado para locação,Não identificado,casa,2,2.0,5,,,,0,,0,False,
1303745304497797235,Apto Vista Mar apenas 280m da Praia MHF1602,Centro,apartamento,2,1.0,4,691.0,714.5645539906103,213.0,1,5.0,5,False,True
22256769,Espaçosa e Linda Cobertura a uma Quadra da Praia,Meia Praia,apartamento,3,2.0,8,,,,4,5.0,5,False,False
1282054508163337612,Apartamento em Meia Praia-SC,Meia Praia,apartamento,3,2.0,8,,,,0,,0,False,
995736596663603880,Apartamento Vivace Meia Praia 7 pessoas,Meia Praia,apartamento,2,2.0,7,,,,0,,0,False,False
1321895804777519579,Apartamento novo a 280m do mar,Meia Praia,apartamento,2,2.0,5,,,,2,5.0,5,False,False
40206592,Apto com Jardim na praia.,Não identificado,apartamento,3,2.0,8,,,,1,5.0,5,False,False
805113011312401573,Férias inesquecíveis! Aproveite a praia!,Não identificado,apartamento,2,2.0,6,,,,5,5.0,5,False,False
23263225,Studio com promoção nas diárias* Confira!,Não identificado,casa,1,1.0,4,283.0,286.40909090909093,11.0,40,4.829999923706055,4,False,False
783872089235137848,apartamento,Não identificado,apartamento,2,1.0,6,,,,0,,0,False,False
51539313,"Apto novo,3 suítes, quadra mar, mobiliado",Não identificado,apartamento,3,3.0,6,,,,106,4.989999771118164,4,True,False
1306710539582154841,Itapema 298,Não identificado,apartamento,3,3.0,8,,,,0,,0,True,False
977781796633174473,Até 22 hóspedes à 40 mt Praia!,Não identificado,apartamento,8,6.0,16,,,,0,,0,False,True
781945545678946313,Recanto Meia Praia,Meia Praia,apartamento,2,2.0,7,,,,9,5.0,5,False,False
1269848772327595877,Quarto individual 50m da praia,Não identificado,outros,1,1.0,2,,,,0,,0,False,False
1312468821678162100,Apartamento meia praia próx  mar,Meia Praia,apartamento,4,2.0,8,,,,0,,0,False,False
28366360,3 SUITES-150 METROS MAR-PROXIMO AO RUSSl RUSSI,Não identificado,apartamento,3,4.0,8,1000.0,837.0135135135135,185.0,43,4.880000114440918,4,True,False
1036310071218777420,5371 duas suítes na Meia praia,Meia Praia,hotel,2,2.0,6,,,,0,,0,False,True
1002341236260011015,Suas férias a 100 mts da praia!,Meia Praia,apartamento,2,2.0,4,350.0,351.85185185185185,54.0,11,4.909999847412109,4,False,False
955651212281126836,Casa superior,Não identificado,casa,3,2.0,10,,,,0,,0,False,False
46675618,Alto padrão 3 suítes aluguel verão Meia Praia *045,Meia Praia,apartamento,3,3.0,6,,,,4,4.75,4,True,False
1049346394602716663,Kitnet próximo a praia,Não identificado,apartamento,0,0.0,4,,,,2,5.0,5,False,False
53694666,Lindo Apartamento com sacada a 150mts da Praia,Não identificado,apartamento,3,2.0,8,,,,0,,0,False,False
750567808069508291,Cobertura com Vista Mar a 100 metros da Praia,Meia Praia,apartamento,3,2.0,9,,,,0,,0,False,True
786307999394390316,Apartamento com 2/4 pé na areia,Meia Praia,apartamento,2,2.0,6,550.0,591.4113924050633,158.0,14,4.860000133514404,4,True,False
38933407,Acorde no último andar com vista pro mar!,Não identificado,apartamento,3,3.0,8,,,,0,,0,False,False
39414948,Amplo apartamento a 30 metros da praia com garagem,Meia Praia,apartamento,3,2.0,8,520.0,583.7777777777778,162.0,72,4.960000038146973,4,True,False
1315836942597696816,Ap 02 suítes - Meia Praia - R298,Meia Praia,apartamento,2,2.0,4,,,,0,,0,False,False
1074159710127752616,Apartamento indisponível,Não identificado,apartamento,2,2.0,4,,,,0,,0,False,False
767306306930085384,Ap 2 quartos frente mar,Não identificado,casa,3,2.0,8,,,,0,,0,False,False
1314599881514092715,Apartamento NOVO Itapema 2 quartos 2 vagas garagem,Não identificado,apartamento,2,2.0,6,,,,3,5.0,5,False,False
1271073459230858712,casa com 2 quartos.,Não identificado,casa,2,1.0,4,,,,0,,0,False,False
1011083121010008565,Apartamento quadra mar,Centro,apartamento,3,3.0,12,,,,0,,0,False,False
1025974741530499489,Apartamento pé na areia Beira Mar 3 suítes,Meia Praia,apartamento,3,3.0,8,,,,0,,0,False,False
29013812,Praia linda,Não identificado,apartamento,0,4.0,10,,,,0,,0,False,False
1208921127809919555,Apto beira-mar,Não identificado,apartamento,4,3.0,8,,,,0,,0,False,False
1286416941361791037,Quarto à Beira-Mar,Não identificado,outros,1,1.0,2,,,,0,,0,False,False
734843676958831992,"Reformado, pé na areia, excelente localização",Não identificado,apartamento,2,2.0,6,350.0,453.125,32.0,64,4.769999980926514,4,False,False
54145466,Apartamento encantador na quadro do mar.,Centro,apartamento,4,4.0,8,2000.0,2000.0,90.0,0,,0,False,False
1287226527119376780,Quarto em Apartamento Quadra Mar,Não identificado,outros,1,1.0,2,,,,0,,0,False,False
1279131214968804084,Apto 4 suítes na Meia Praia,Meia Praia,apartamento,4,0.0,8,,,,1,5.0,5,False,False
1232592685705319269,Apartamento Luxo Itapema 3 suítes,Não identificado,apartamento,3,4.0,9,,,,1,5.0,5,False,False
1320250540462789208,Apto 3 quartos a 70m da Praia,Não identificado,apartamento,3,2.0,8,,,,0,,0,True,False
1052997837078206652,casa da Nilse e Carlos.,Não identificado,outros,1,1.0,2,,,,1,5.0,5,False,False
1182804283264636293,Apartamento em meia praia - Itapema,Meia Praia,apartamento,3,2.0,6,,,,2,5.0,5,False,False
39821065,Em Meia Praia/confortável apto próximo do mar e av,Meia Praia,apartamento,2,2.0,6,,,,5,4.800000190734863,4,False,False
1032678145615950549,Amplo Apto Próx. ao Mar c/ Churrasqueira,Meia Praia,apartamento,2,2.0,8,,,,2,4.5,4,False,False
47291547,Apartamento em Meia Praia a 50 metros da praia.,Meia Praia,apartamento,3,3.0,6,,,,2,5.0,5,False,False
1063740586589206605,Vista do Paraíso Itapema,Não identificado,apartamento,2,2.0,6,,,,0,,0,False,False
796237214613896385,Vila do mar,Não identificado,apartamento,3,2.0,8,,,,0,,0,False,False
1318955803281176209,"Lugar calmo, 10 minutos da praia",Não identificado,casa,3,1.0,5,,,,1,5.0,5,False,False
670223715850712114,"Suíte 1
Casa compartilhada / conforto e qualidade",Não identificado,outros,1,1.0,4,,,,0,,0,False,False
34750953,Conforto da sua casa.,Não identificado,apartamento,3,3.0,7,,,,0,,0,False,
1060435599777553250,Partiu Praia,Não identificado,casa,2,1.0,8,,,,1,5.0,5,False,False
730503580289648392,Apartamento completo a 50 metros da praia,Não identificado,apartamento,2,2.0,6,775.0,787.5,10.0,8,4.880000114440918,4,False,False
1131113051724641680,Vista mar. Coração da Meia Praia,Meia Praia,apartamento,3,3.0,10,,,,3,5.0,5,False,False
1322763639061670902,Vista Mar,Não identificado,apartamento,3,4.0,6,,,,0,,0,False,False
16143113,"Lindo apto Meia Praia Itapema, 3 quartos, 3 ar,",Meia Praia,apartamento,3,2.0,8,,,,3,5.0,5,False,False
1048804459244346908,Apartamento pé na areia em Itapema,Não identificado,apartamento,2,2.0,6,700.0,709.6292682926829,205.0,27,4.699999809265137,4,False,False
32134287,apartamento aconchegante em meia praia Itapema sc,Meia Praia,apartamento,2,2.0,5,750.0,652.1904761904761,84.0,83,4.960000038146973,4,True,False
1308299148518372973,Suíte vista mar.,Centro,hotel,1,1.0,2,,,,1,5.0,5,False,False
988531716370611807,Apto Meia Praia 50mtrs do Mar !,Meia Praia,apartamento,3,2.0,8,,,,3,5.0,5,False,False
995125541556099782,Lindo ap luxo quadra mar,Não identificado,apartamento,3,3.0,10,,,,0,,0,False,
1298639034259987704,Ampla casa em Itapema.,Morretes,casa,3,3.0,14,,,,1,5.0,5,False,False
1228293905005296104,Apartamento em Itapema,Não identificado,apartamento,2,2.0,6,,,,0,,0,False,False
857399330666911489,Apartamento Meia praia Itapema.,Meia Praia,apartamento,2,2.0,6,,,,0,,0,False,False
1094272561864520505,apto 501 Frente Mar Itapema SC luxo,Meia Praia,apartamento,3,3.0,8,,,,0,,0,False,False
30332330,"Ap. próx mar, 2 dorm, garagem, Wi-Fi, climatizado",Meia Praia,apartamento,2,1.0,6,350.0,373.975419352518,139.0,57,4.670000076293945,4,False,False
41350901,"Apto  na praia , do litoral catarinense .",Não identificado,apartamento,2,3.0,4,,,,0,,0,False,False
1279816466116163356,Aluguel por Temporada-250mPraia,Não identificado,casa,1,1.0,8,,,,2,5.0,5,False,False
1026336457624553804,"Quarto na Meia Praia 1, Itapema",Meia Praia,outros,1,1.0,2,,,,6,5.0,5,True,False
777361963604505120,Otimo AP perto da Praia,Centro,apartamento,2,2.0,6,,,,0,,0,False,False
759946792186410316,Aluguel de casa em Itapema Sc - Temporada,Meia Praia,casa,2,1.0,8,,,,0,,0,False,False
22421937,KIT 5 - COM PISCINA 4 PESSOAS,Meia Praia,outros,1,1.0,4,,,,5,4.0,4,False,False
1124052077567202180,Casa frente mar Itapema/sc,Não identificado,casa,4,5.0,16,700.0,880.2608695652174,23.0,3,5.0,5,False,False
41143904,LINDO APARTAMENTO EM ITAPEMA SC,Não identificado,apartamento,0,2.0,8,,,,0,,0,False,False
1310776606010734623,Paradiso itapema,Não identificado,apartamento,3,2.0,6,,,,1,4.0,4,False,False
46530405,Pé na Areia / Churrasqueira Varanda / 3 Quartos SC,Canto da Praia,apartamento,3,2.0,8,984.0,1048.6708702702704,222.0,41,4.849999904632568,4,False,False
1254497855495646035,Aluguel alta e baixa temporada,Não identificado,casa,3,2.0,8,,,,0,,0,False,False
1308704983598175481,kitnet Container 3,Não identificado,outros,1,1.0,2,,,,0,,0,False,True
51405106,"Lindo apartamento quadra mar, mobiliado e decorado",Não identificado,apartamento,3,3.0,8,1000.0,894.0846153846154,195.0,32,4.880000114440918,4,True,False
54020562,Casa completa no Centro de Itapema,Centro,casa,3,2.0,7,350.0,365.51724137931035,29.0,16,4.880000114440918,4,False,False
1315419697636240888,Apartamento quadra mar,Não identificado,apartamento,1,1.0,3,,,,0,,0,False,False
1306685327731040168,"Ap. 1° andar, 150 M  mar",Não identificado,apartamento,3,2.0,8,,,,0,,0,False,False
1045916135727198441,Apartamento Pé na Areia em Itapema.,Meia Praia,apartamento,2,2.0,6,650.0,688.6816673333334,150.0,5,5.0,5,False,False
1301379564444588820,viva a praia em itapema,Meia Praia,apartamento,2,2.0,5,,,,0,,0,False,False
51602971,Ap beira-mar com quiosques churrasqueira! + Suíte,Não identificado,apartamento,2,2.0,5,,,,2,5.0,5,False,False
1088677585197194975,Apartamento em Itapema Meia Praia quadra mar,Meia Praia,apartamento,3,3.0,8,,,,0,,0,False,False
1295949026927608659,"3 suítes, apto amplo e próximo ao mar!",Não identificado,apartamento,3,4.0,9,,,,1,5.0,5,False,False
1265175646256453272,Apto Moderno Próx. à Praia em Itapema - CB5328,Meia Praia,apartamento,2,2.0,4,,,,3,5.0,5,False,True
31984654,"Quarto studio, individual, Meia Praia, Itapema, SC",Meia Praia,casa,1,1.0,2,,,,121,4.860000133514404,4,True,False
900757690500508426,Prédio Frente Mar Aconchegante!,Não identificado,apartamento,2,2.0,8,795.0,653.2857142857143,119.0,22,4.949999809265137,4,False,True
1292943434213927466,Itapema 254 - 201,Não identificado,apartamento,2,2.0,6,,,,0,,0,True,False
1019636890178600089,Apto Frente Mar Itapema Meia Praia,Meia Praia,apartamento,4,4.0,10,,,,0,,0,False,False
1084601543056055517,Apartamento Cobertura em  Itapema - Meia Praia,Meia Praia,apartamento,4,3.0,12,1400.0,1357.079365079365,63.0,7,5.0,5,True,False
1306809283526305081,Kit net. A 50 metros da praia,Não identificado,casa,1,1.0,2,,,,0,,0,False,False
47402735,Apartamento 302,Centro,apartamento,2,2.0,6,399.0,462.0257575757576,66.0,6,5.0,5,False,False
1304455775789322162,Apartamento beira mar itapema,Não identificado,apartamento,3,2.0,8,,,,0,,0,False,False
1052121945869515435,Apto 3 suítes em Meia Praia,Meia Praia,apartamento,3,4.0,8,,,,0,,0,False,False
1077492316414499084,Apto lateral mar na Rua 253,Não identificado,apartamento,3,2.0,8,,,,1,5.0,5,False,False
833867838148713852,apartamento meia praia itapema,Meia Praia,apartamento,3,2.0,7,,,,0,,0,False,False
946609581890906389,MEIA PRAIA 3 qtos Piscina lado RUSSI,Meia Praia,apartamento,3,2.0,7,396.16667,413.45833342105266,76.0,33,4.909999847412109,4,True,False
1298113105648056650,Apartamento em Itapema/ garagem rotativa,Não identificado,apartamento,1,1.0,4,,,,2,5.0,5,False,False
996665133267528543,Apartamento no coração da Meia Praia.,Meia Praia,apartamento,2,2.0,8,,,,2,5.0,5,False,False
1260256348738959140,APTO a 450 metros da praia,Meia Praia,apartamento,2,2.0,6,,,,1,5.0,5,False,False
1243536832385601423,Cobertura Duplex com Piscina Privativa,Não identificado,apartamento,5,6.0,14,,,,1,5.0,5,False,False
997133250166986381,No coração de Meia Praia,Meia Praia,apartamento,3,3.0,8,,,,1,5.0,5,False,False
845479200444650654,Apartamento em Meia praia Itapema,Meia Praia,apartamento,2,2.0,4,,,,1,3.0,3,False,False
831740758559247685,Apto lateral com Vista Mar,Não identificado,apartamento,3,2.0,5,800.0,805.1176470588235,102.0,21,5.0,5,False,False
31692474,"APTO. C/02 SUÍTES  COM AR, 02 VAGAS DE GARAGEM",Não identificado,apartamento,2,3.0,6,,,,9,4.78000020980835,4,False,False
1320242771907724121,Ap completo em região nobre,Não identificado,apartamento,2,2.0,5,,,,0,,0,False,False
1032603633256981746,Apartamento 2 quadras do mar. Com churrasqueira,Não identificado,apartamento,2,2.0,6,,,,5,5.0,5,False,False
47778811,"300 metros da praia, Itapema-SC",Centro,casa,2,1.0,4,,,,2,5.0,5,False,False
1263718185850976352,Dallas House Premium.,Não identificado,apartamento,2,2.0,5,,,,4,5.0,5,False,False
1021217453140595481,Marga Rizzon 1  - 4 pessoas,Não identificado,hotel,1,1.0,4,330.0,398.82608695652175,46.0,12,5.0,5,False,False
1301015174730972466,Rua 430B,Não identificado,apartamento,3,2.0,7,,,,3,5.0,5,True,False
1052110098791057231,Apto confortável a 5 min da praia ROT1001,Meia Praia,apartamento,2,2.0,6,575.0,673.7920792079208,101.0,8,4.630000114440918,4,False,True
983201825098689552,My costa mar,Não identificado,apartamento,2,2.0,6,,,,0,,0,False,False
1188639812430682567,"Piscina privativa, 210m da praia",Não identificado,apartamento,4,3.0,15,,,,0,,0,False,True
1321714725559830637,Casa aconchegante,Não identificado,casa,2,1.0,6,,,,0,,0,False,False
915147039928102783,Apartamento de alto padrão 3 suítes,Não identificado,apartamento,3,4.0,8,,,,2,5.0,5,False,False
40320100,"Apartamento Frente Mar,  Pé na Areia em Itapema",Não identificado,apartamento,2,2.0,5,760.8333,783.2199986666667,75.0,25,4.960000038146973,4,False,False
1257288079722843094,Apartamento aconchegante,Não identificado,apartamento,3,2.0,8,,,,4,4.75,4,False,False
1252064295819794717,Apto próximo ao mar em Itapema,Não identificado,apartamento,3,1.0,8,,,,1,5.0,5,False,False
973272705231391942,Clube do Mar- Itapema Meia Praia apto 102 A,Meia Praia,apartamento,2,1.0,4,240.0,301.1111111111111,45.0,12,4.920000076293945,4,True,False
1019790042382176128,Home Sweet Home,Não identificado,apartamento,2,1.0,4,,,,0,,0,False,False
1043521584839255151,Quarto Casal - Meia Praia a 550mt do mar,Meia Praia,outros,1,1.0,2,,,,3,5.0,5,True,False
1267324968498300527,Aconchego em Meia Praia,Meia Praia,apartamento,3,4.0,8,,,,1,5.0,5,False,False
47438974,Apartamento na Meia Praia com linda vista pro mar.,Meia Praia,apartamento,3,3.0,7,,,,12,4.670000076293945,4,False,False
53605382,Apartamento beira mar de Itapema,Centro,apartamento,4,3.0,7,700.0,712.8205128205128,39.0,66,4.920000076293945,4,False,False
1039154693965614296,Frente avenida no Russi & Russi com 03 quartos!,Meia Praia,apartamento,3,2.0,8,,,,3,5.0,5,False,False
986091250803335044,O descanso é garantido!,Não identificado,apartamento,2,2.0,7,,,,0,,0,False,False
803616124180331594,Kitnet Itapema,Meia Praia,outros,1,1.0,2,,,,3,4.0,4,False,False
1323262304813246840,House box 08,Não identificado,outros,1,1.0,2,,,,1,5.0,5,False,False
1309702240684831451,Apto 2 minutos da praia a pé,Centro,apartamento,2,2.0,6,,,,0,,0,False,False
42362968,Apartamento completo - Centro de Itapema,Centro,apartamento,2,2.0,8,,,,10,4.800000190734863,4,False,False
1288631745410289331,Quarto Blue em Hotel para 4 pessoas,Não identificado,hotel,1,1.0,4,,,,0,,0,False,False
1055301475132487378,"Itapema, Vista Mar.",Não identificado,apartamento,2,2.0,5,,,,2,5.0,5,False,False
1129240866521731428,Cobertura frente mar 2 suítes.,Não identificado,apartamento,2,2.0,6,,,,1,5.0,5,False,False
628340205412932131,Apartamento Encantador com vista para o Mar!,Não identificado,apartamento,1,1.0,4,400.0,512.5,32.0,27,4.960000038146973,4,True,False
8325723,Espetacular Frente Mar • 3 suítes • Centro,Meia Praia,apartamento,3,3.0,7,,,,197,4.909999847412109,4,False,True
784598714032826222,Amplo apartamento com 4 suítes!,Não identificado,apartamento,4,4.0,12,1200.0,1188.4113489361703,141.0,15,4.869999885559082,4,False,False
1322388174775746079,Apto. confortável-Meia Praia-SC,Meia Praia,apartamento,3,2.0,8,,,,0,,0,False,False
599368528094352718,80% Desc TOP 3 Suítes finamente decorado próx  mar,Meia Praia,apartamento,3,0.0,6,305.0,416.6938775510204,49.0,48,4.960000038146973,4,True,False
1028988415727336651,Infinity Tower Flat - 706,Não identificado,apartamento,1,1.0,4,570.0,561.97619,70.0,1,5.0,5,False,False
739119927990563923,Apartamento encantador com linda vista do mar,Não identificado,apartamento,2,2.0,5,,,,3,5.0,5,False,False
1320977847975808970,Apto completo + ótima localização!,Não identificado,apartamento,2,3.0,6,,,,0,,0,False,False
48182966,Apartamento moderno Frente mar e Vista espetacular,Centro,apartamento,3,3.0,8,,,,0,,0,False,False
1323103434074226721,Apartamento Itapema 2 suites 300m praia,Não identificado,apartamento,2,3.0,5,,,,1,5.0,5,False,False
1304420440489036276,Casa em Meia praia / Itapema,Meia Praia,casa,2,1.0,4,,,,1,5.0,5,False,False
1053019884849497334,A) quadra mar Meia Praia Itapema/SC,Meia Praia,apartamento,3,1.0,8,,,,0,,0,False,False
769638600726888512,Apartamento na Meia praia,Meia Praia,apartamento,2,2.0,6,,,,0,,0,False,False
936332699195593802,Cobertura a 200m do Mar!,Não identificado,apartamento,2,3.0,6,,,,2,5.0,5,True,False
940708826177293135,Anfitriã Rafaelle,Meia Praia,outros,1,1.0,2,,,,0,,0,False,False
768288843904248283,aluguel temporada apartamento,Centro,apartamento,2,2.0,5,,,,8,4.75,4,False,False
974459023862118567,"AP amplo (135 m²), quadra mar.",Meia Praia,apartamento,3,2.0,8,,,,0,,0,False,False
1318119519475947447,Hospede-se na 2ª Quadra do Mar!,Meia Praia,apartamento,4,4.0,8,,,,0,,0,True,False
30697520,Apartamento 5 dorm Meia Praia,Meia Praia,apartamento,5,3.0,14,,,,4,5.0,5,False,False
593271297231369439,Apartamento Alto padrão em Itapema,Não identificado,apartamento,3,4.0,6,,,,0,,0,False,False
40029462,Apartamento Meia Praia com vista total Mar .,Meia Praia,apartamento,3,4.0,8,,,,0,,0,False,False
1293504480087014303,"Suíte 2
Casa  compartilhada!",Não identificado,outros,1,1.0,2,,,,2,4.5,4,False,False
50126529,"Meia Praia, 100m McDonalds, 2 Dorm c/ar, Itapema.",Meia Praia,apartamento,2,2.0,6,,,,0,,0,False,False
1069442661178052272,"03 suítes, rua em frente Shopping, 150m do mar",Meia Praia,apartamento,3,3.0,8,,,,0,,0,False,True
1132715317119729762,Frente Mar Vista Incrível •  4 suítes 2 vagas,Meia Praia,apartamento,3,2.0,10,,,,0,,0,False,False
586021359699432850,Apartamento com vista para o mar,Meia Praia,apartamento,3,2.0,6,,,,0,,0,False,False
1036076122797230041,Apartamento novo e prático em Meia Praia/SC.,Meia Praia,apartamento,3,2.0,6,,,,2,5.0,5,False,False
21607605,"4 quartos, 2 vagas, quadra mar, 50 mts do mar",Meia Praia,apartamento,4,3.0,11,650.0,779.0921978723404,47.0,13,4.849999904632568,4,False,False
1305300195228438309,Quarto a poucos metros do mar.,Não identificado,outros,1,1.0,3,,,,4,5.0,5,False,False
54058056,Dom Basílio Itapema Pertinho do Mar 2 quartos,Meia Praia,apartamento,2,2.0,7,,,,1,5.0,5,True,False
1281343553476595754,Apartamento Itapema Meia Praia 22,Meia Praia,apartamento,4,4.0,12,,,,0,,0,True,False
41310506,Apartamento com 3 suítes 150 mts da Praia,Não identificado,apartamento,1,4.0,10,,,,0,,0,False,False
1002366861944342964,Apartamento em Meia Praia SC,Meia Praia,apartamento,4,3.0,10,,,,0,,0,False,False
1045459185575382038,Apartamento próximo ao mar em Itapema,Meia Praia,apartamento,2,2.0,5,550.0,550.9274193548387,248.0,15,5.0,5,True,False
1208704132667695539,Apto aconchegante 280m da Praia em Itapema MHF0501,Centro,apartamento,1,1.0,2,600.0,616.2873443983402,241.0,0,,0,False,True
53669499,"(248) Na Meia Praia, 200 metros do mar e do Russi",Meia Praia,apartamento,3,3.0,6,810.0,721.0,177.0,58,4.900000095367432,4,True,True
48237766,Lindo Apartamento Frente Mar,Não identificado,apartamento,3,2.0,6,,,,3,5.0,5,True,False
1023056185859448284,Apartamento em meia praia,Meia Praia,apartamento,1,1.0,4,,,,3,5.0,5,False,False
862330712753319323,Apartamento frente mar MEIA PRAIA SC,Meia Praia,apartamento,3,3.0,10,,,,0,,0,False,False
779185345285397997,Cobertura dois andares.,Não identificado,apartamento,4,3.0,7,,,,2,4.5,4,False,False
1091369081991245399,"Vista Mar 
Itapema- SC",Não identificado,apartamento,3,2.0,6,,,,1,5.0,5,False,False
41981095,"Apto 3 dorms,
em frente ao shopping  Russi Russi",Meia Praia,apartamento,3,2.0,8,,,,0,,0,False,False
1061476831992709667,Apartamento lindo 50m do mar Itapema / meia praia,Meia Praia,apartamento,4,3.0,10,,,,0,,0,False,False
1309667855765227447,Pé na areia - Frente da praia -12,Não identificado,apartamento,3,2.0,12,,,,0,,0,False,True
1314729269633513523,Sua casa na praia!,Não identificado,casa,3,2.0,8,,,,2,5.0,5,False,False
782698200172395257,Super acomodação  p/ casal. Meia Praia-Itapema-SC,Meia Praia,outros,1,1.0,2,,,,4,5.0,5,False,False
11567423,Itapema aconchegante,Não identificado,apartamento,3,2.0,6,790.0,856.9881656804733,169.0,24,4.880000114440918,4,False,False
40351988,"A melhor localização da Meia Praia, quadra mar!",Meia Praia,apartamento,3,2.0,7,333.0,364.72340425531917,141.0,35,4.909999847412109,4,True,False
1283961557256501933,Apto 250 m do mar em Itapema,Não identificado,apartamento,2,2.0,5,,,,0,,0,False,False
1323259402993093234,LOFT com Ar Condicionado - Próximo da praia,Não identificado,casa,0,1.0,3,,,,0,,0,False,False
1193347652334673191,Apartamento Próx do Mar c/ 2 Vagas e Churrasqueira,Meia Praia,apartamento,3,3.0,6,1025.0,959.2254437869823,169.0,12,5.0,5,True,True
762916089194134311,Luxo próximo a praia,Não identificado,apartamento,2,2.0,5,1000.0,1008.1481481481482,270.0,3,5.0,5,False,False
1040086591203443519,Finamente mobiliado a 50m do Mar,Não identificado,apartamento,3,2.0,6,,,,1,5.0,5,False,False
1281942401940101122,Kitnet Container 7,Não identificado,outros,1,1.0,2,,,,1,4.0,4,False,True
48413303,Apartamento pé na areia,Não identificado,apartamento,3,2.0,6,,,,2,5.0,5,False,False
978840394466382129,Apartamento Frente Mar.,Não identificado,apartamento,4,4.0,8,,,,0,,0,False,False
1265295313956605287,Studio Vista Mar Apenas 280m da Praia! - MHFB2007,Centro,apartamento,1,1.0,2,372.0,397.36165862068964,203.0,0,,0,False,True
1287750974185241054,"Apartamento à 100m do MAR, meia praia!",Meia Praia,apartamento,3,3.0,9,,,,0,,0,False,False
1061760018903434391,Apartamento 200 metros da praia,Não identificado,apartamento,2,2.0,6,,,,3,5.0,5,False,False
892881566791794062,Vista Mar finamente mobiliado,Não identificado,apartamento,3,3.0,11,,,,2,4.5,4,False,True
770135470713734104,Suas Férias Em Itapema SC,Não identificado,apartamento,3,4.0,7,,,,0,,0,False,False
1034871022051200160,Tranquilidade e conforto!,Não identificado,apartamento,2,2.0,6,,,,1,5.0,5,False,False
1042761419992983867,Apartamento em Itapema,Não identificado,apartamento,2,2.0,6,,,,2,5.0,5,False,False
1050695563362835747,Casa dos Pinheiros,Não identificado,casa,2,2.0,4,,,,2,4.5,4,False,False
792571277294268451,Cobertura Quadra Mar em Meia Praia,Meia Praia,apartamento,3,3.0,10,,,,0,,0,False,False
40400432,"Apto pé na areia, vista pro mar em Itapema/SC",Ilhota,apartamento,3,2.0,8,500.0,586.53125,64.0,34,4.820000171661377,4,False,False
1066545050089987954,Apartamento completo na rua 276,Não identificado,apartamento,2,1.0,6,400.0,471.7204301075269,186.0,5,5.0,5,False,False
31443878,"Amplo apartamento, próximo à praia, bem localizado",Não identificado,apartamento,4,2.0,10,,,,19,4.949999809265137,4,False,False
1285258394122828809,Quarto (n° 5) até 6 hóspedes com ar,Meia Praia,outros,1,2.0,6,,,,0,,0,True,False
1105311689904411621,Ap 3 Quartos 150m do mar no Coração da Meia Praia,Meia Praia,apartamento,3,3.0,5,,,,0,,0,True,False
735257283376748431,Apartamento com vista para o mar. PÉ NA AREIA.,Ilhota,apartamento,3,2.0,7,,,,2,5.0,5,False,False
1054495267819919793,Apto quadra mar meia praia,Meia Praia,apartamento,3,2.0,8,,,,0,,0,False,False
46550767,Apto QUADRA MAR - prox. shopping Russi/ Ofertão,Meia Praia,apartamento,3,2.0,8,800.0,757.9468085106383,141.0,42,4.809999942779541,4,False,False
1305831278324186957,Apartamento - Pé na areia,Não identificado,apartamento,3,2.0,8,,,,0,,0,False,False
41786765,Apto para família! 50m da praia! Quadra mar!,Não identificado,apartamento,3,3.0,8,250.0,250.0,13.0,32,4.840000152587891,4,False,False
44535734,"Aluga-se apartamento em Meia Praia, Itapema - SC",Meia Praia,apartamento,2,1.0,7,,,,0,,0,False,False
1003109218241323629,Apartamento quadra do mar,Não identificado,apartamento,3,2.0,6,,,,0,,0,False,False
1066179672592682596,Apartamento Mobiliado em Itapema,Não identificado,apartamento,2,1.0,5,,,,0,,0,False,False
53986731,Apto Itapema Frente Mar “PÉ NA AREIA” 3 quartos,Não identificado,apartamento,3,2.0,6,300.5,318.87407288888886,45.0,31,4.940000057220459,4,True,False
9327293,Apto agradável e ótima localização,Não identificado,apartamento,4,3.0,9,900.0,922.4090909090909,33.0,50,4.960000038146973,4,True,False
1315873889497529964,Apartamento perto  da Praia!,Centro,apartamento,1,1.0,4,,,,2,4.5,4,False,False
12359560,New 3b apartment in front of the sea,Meia Praia,apartamento,3,3.0,6,602.5,700.336661,100.0,29,4.789999961853027,4,False,False
1053450485992715258,Apartamento 50 metros do Mar,Não identificado,apartamento,2,2.0,6,,,,1,4.0,4,False,False
779706062189433696,Casa na praia de Itapema sc,Não identificado,casa,3,2.0,8,,,,0,,0,False,False
1249514642418701429,Apto 130m² Prédio frente ao MAR 4 pessoas.,Centro,apartamento,3,2.0,4,,,,2,5.0,5,False,False
39820601,Desfrute suas férias com conforto e tranquilidade,Não identificado,apartamento,2,2.0,6,345.0,345.0,33.0,23,4.739999771118164,4,False,True
1258863337814966892,Residencial Casa Branca,Casa Branca,apartamento,2,2.0,6,,,,1,5.0,5,False,False
1263664156575372222,"Meia Praia, próximo do mar (03D)",Meia Praia,apartamento,3,2.0,7,,,,1,5.0,5,False,
53280090,Apto em Meia praia 300m da praia c/churrasqueira,Meia Praia,apartamento,3,2.0,8,,,,9,4.78000020980835,4,False,False
48080102,"APARTAMENTO QUADRA MAR, MEIA PRAIA.",Meia Praia,apartamento,3,2.0,8,450.0,482.3478260869565,92.0,17,4.940000057220459,4,False,False
1273425441748538565,Apto cobertura em Meia Praia.,Meia Praia,apartamento,2,2.0,6,,,,2,5.0,5,False,False
825921973978902012,Excelente apartamento em Ótima localização,Meia Praia,outros,1,1.0,2,,,,0,,0,False,False
959168173915968666,Castelmar apto de  Praia em Itapema - Meia Praia,Meia Praia,apartamento,3,1.0,6,,,,1,5.0,5,False,False
41799727,Apartamento à 200m da praia - Meia Praia/Itapema,Meia Praia,apartamento,2,2.0,6,,,,3,5.0,5,False,False
46250277,Apto 3 dormitórios vista mar em frente ao Russi,Não identificado,apartamento,3,2.0,8,,,,0,,0,False,False
665236915472525453,AP perto da praia com churrasqueira,Não identificado,apartamento,2,2.0,5,,,,26,4.880000114440918,4,True,False
32185033,4 Quartos / Piscina / Lazer - Chácara Iporanga,Meia Praia,casa,4,4.0,15,1300.0,1263.9423076923076,104.0,28,4.929999828338623,4,True,False
1086823206539291587,Apto de 3 suítes Meia Praia,Meia Praia,apartamento,3,3.0,8,,,,0,,0,True,False
1310042490915137463,Apartamento em Meia,Meia Praia,apartamento,2,2.0,6,,,,0,,0,False,False
1206741304807052353,Departamento de Categoria,Não identificado,apartamento,3,2.0,6,,,,4,4.75,4,False,False
1283618903500404258,Apartamento vista mar itapema 2 vagas de garagem,Não identificado,apartamento,2,2.0,8,,,,3,5.0,5,False,False
716703713524347583,Apto com vista maravilhosa para avenida e mar,Meia Praia,apartamento,2,2.0,6,,,,9,5.0,5,True,True
871084107630048364,"Marga Rizzon
6 pessoas
2 quartos",Meia Praia,apartamento,2,2.0,6,450.0,453.93333333333334,135.0,44,5.0,5,True,False
40532740,Itapema Meia Praia 2 QTS – 1 quadra praia,Meia Praia,apartamento,2,2.0,6,330.0,309.625,40.0,28,4.960000038146973,4,True,False
15791567,"Frente ao mar, Meia Praia, Itapema",Meia Praia,apartamento,3,3.0,10,550.0,580.0,35.0,22,4.090000152587891,4,True,False
47440042,IMPERDÍVEL! Apto 150m da praia para até 6 pessoas,Meia Praia,apartamento,3,1.0,6,,,,1,4.0,4,False,False
1082546397191273981,Apartamento confortável,Não identificado,apartamento,2,2.0,7,,,,0,,0,False,False
38640237,Apartamento em Meia Praia-SC 80mts do mar,Meia Praia,apartamento,2,2.0,6,,,,2,5.0,5,False,False
1146337291578567263,4 suítes à 150 metros do mar,Meia Praia,apartamento,4,5.0,11,,,,0,,0,False,False
40769516,Exelente casa! Terreno frente ao mar!!,Não identificado,casa,3,2.0,7,,,,0,,0,False,False
1295814483068338684,LINDO AP Frente Mar MEIA PRAIA,Meia Praia,apartamento,3,2.0,10,,,,1,5.0,5,False,False
674566887638611404,Excelente apartamento próximo ao mar e shoppings!,Não identificado,apartamento,3,2.0,6,600.0,533.495145631068,103.0,15,5.0,5,True,False
1060303363292443230,Otima casa com piscina itapema,Não identificado,casa,3,1.0,8,,,,0,,0,False,False
21293473,101 - Quarto privativo em Meia Praia - Itapema/SC,Meia Praia,apartamento,1,1.0,4,,,,0,,0,False,False
826688649202200978,apartamento em Itapema-SC,Não identificado,apartamento,2,1.0,5,,,,1,5.0,5,False,False
1173260792743932663,Achei Itapema 3dorm QDmar • Res Águas do Atlântico,Não identificado,apartamento,3,2.0,7,1109.0,1113.5992936170212,94.0,2,5.0,5,True,True
17013106,Apartamento beira mar - Itapema,Centro,apartamento,4,4.0,8,1500.0,1692.4528301886792,53.0,29,4.659999847412109,4,False,False
46896012,"Apto 3 quartos, Meia Praia, Itapema, 90 m da praia",Meia Praia,apartamento,3,2.0,8,550.0,632.6616438356165,146.0,14,4.929999828338623,4,False,True
29252506,Apartamento em Itapema SC,Não identificado,apartamento,2,1.0,4,,,,2,5.0,5,False,False
1309507261190883248,Conforto e Luxo - com banheira,Não identificado,apartamento,3,4.0,6,,,,0,,0,False,False
1258956190525569719,Apartamento quadra mar,Não identificado,apartamento,3,4.0,6,,,,0,,0,False,
1298410358969446170,Apartamento Meia Praia e garagem,Meia Praia,apartamento,2,2.0,8,,,,0,,0,False,False
1259659982464249183,"Ampla área externa , 220mts da praia",Não identificado,apartamento,2,2.0,6,,,,0,,0,False,False
43379132,Lindo apartamento no coração da Meia Praia.,Meia Praia,apartamento,2,2.0,5,390.0,440.3207547169811,53.0,48,4.980000019073486,4,True,False
46479624,Cobertura duplex 50 metros do mar,Meia Praia,apartamento,4,3.0,7,,,,1,5.0,5,False,False
1023322932190965616,aluguel para temporada na praia.,Não identificado,apartamento,3,2.0,6,,,,0,,0,False,False
754338132668025654,Apartamento Meia Praia,Meia Praia,apartamento,3,3.0,8,,,,7,4.860000133514404,4,False,False
1295619045700290262,"Na Meia Praia
800 metros da praia
2 quartos",Meia Praia,apartamento,2,1.0,4,,,,0,,0,False,False
988209846458628227,Apartamento de Frente ao Mar,Não identificado,apartamento,4,3.0,9,,,,4,5.0,5,False,False
51177541,Frente mar para até 9 hóspedes! (203S),Não identificado,apartamento,3,2.0,9,,,,5,4.800000190734863,4,False,True
1271651870449452940,"Amplo apto, 3 suítes, sacada e churrasqueira",Não identificado,apartamento,3,4.0,8,,,,0,,0,False,False
1225971691879804463,Apartamento Meia Praia - Itapema,Meia Praia,apartamento,3,2.0,6,,,,0,,0,False,False
47385736,Sua temporada com excelente custo beneficio,Não identificado,casa,2,2.0,8,,,,5,4.800000190734863,4,False,False
758758164947604865,Suíte Meia Praia,Meia Praia,outros,1,1.0,2,170.0,153.90243902439025,82.0,14,4.860000133514404,4,False,False
1094352618245433600,Lindo apartamento a 50 m do mar,Não identificado,apartamento,2,2.0,6,,,,2,5.0,5,False,False
1056410885508086196,Casa de praia,Não identificado,casa,3,2.0,10,,,,0,,0,False,False
780389629228308190,Casa Sobrado de veraneio em Itapema,Não identificado,casa,2,2.0,6,,,,3,5.0,5,False,False
31740594,"Apartamento grande em Meia Praia, Itapema SC",Meia Praia,apartamento,4,3.0,10,,,,9,4.440000057220459,4,False,False
994303225569719796,Apartamento com dois dormitórios,Não identificado,apartamento,2,2.0,4,,,,5,4.400000095367432,4,False,False
1246519122613872366,Apto 130m² prédio frente ao MAR! 8 pessoas,Centro,apartamento,3,2.0,8,,,,0,,0,False,False
1297215706620685519,recanto dos pássaros,Não identificado,casa,3,3.0,12,,,,1,5.0,5,False,False
1212415662189091963,Apartamento novíssimo em Itapema,Não identificado,apartamento,2,2.0,4,,,,3,5.0,5,False,False
54352601,Coração da meia praia- Itapema SC,Meia Praia,apartamento,3,2.0,6,,,,5,5.0,5,False,False
1292133136651238520,Apartamento frente mar 3 quartos,Não identificado,apartamento,3,2.0,6,,,,0,,0,False,False
995677914874740936,"Vila dos pássaros, Quarto 05",Não identificado,outros,1,2.0,6,,,,0,,0,False,False
15106253,Amplo Apartamento a 5min da praia,Meia Praia,apartamento,3,2.0,8,,,,34,4.849999904632568,4,False,False
956676934234107014,Apt em Meia Praia a 60 metros do mar com caiaque,Meia Praia,apartamento,3,2.0,9,585.0,542.9516129032259,62.0,47,4.940000057220459,4,True,False
1290151602510667000,"Apto Top, Meia Praia Itapema Sc.",Meia Praia,apartamento,2,2.0,5,,,,1,5.0,5,False,True
1321663743479638993,Aluguel de Verão em Itapema,Centro,casa,2,1.0,6,,,,0,,0,False,False
910815231577364751,Flat novo Meia Praia completo,Meia Praia,apartamento,1,1.0,5,500.0,539.9087591240876,137.0,38,4.96999979019165,4,True,False
1260829862590826054,Apartamento no Edifício Place D'France Residence,Morretes,apartamento,2,2.0,5,,,,2,5.0,5,False,False
1013015809551990146,Aconchegante Apartamento Familiar na Meia Praia,Meia Praia,apartamento,3,2.0,5,,,,1,4.0,4,False,False
1202112826227726232,Apto 3 suítes 200m da praia,Não identificado,apartamento,3,3.0,8,,,,0,,0,False,False
54246694,Apartamento amplo e encantador a 100m da praia,Centro,apartamento,3,3.0,8,800.0,752.5641025641025,234.0,10,5.0,5,False,False
988662267344953993,Cobertura Frente Mar Alto Padrão,Não identificado,apartamento,4,3.0,12,,,,0,,0,False,True
30086402,Apartamento em Itapema praia. 8 pessoas. 3 quartos,Não identificado,apartamento,3,2.0,8,,,,9,4.670000076293945,4,False,False
40666404,Casa próxima a praia ao lado do centro da cidade,Centro,casa,2,2.0,8,,,,56,4.980000019073486,4,True,False
28071688,Melhor ape de Meia praia!!,Meia Praia,apartamento,3,3.0,8,550.0,680.996664,100.0,22,4.769999980926514,4,False,False
698609052948535659,Apartamento encantador cobertura quadra mar!,Não identificado,apartamento,4,4.0,10,,,,1,5.0,5,True,False
1031938290013047428,Apto confortável a 3min da Praia RGO0502,Não identificado,apartamento,2,2.0,4,627.0,660.0380184331797,217.0,12,5.0,5,False,True
1268700777743246137,Novo! Alto padrão 11 hóspedes,Não identificado,apartamento,3,3.0,12,,,,1,5.0,5,False,True
1187772975255244525,Studio em Prédio com Piscina Vista Mar MHFA2005,Centro,apartamento,1,1.0,2,384.0,397.9529414117647,170.0,23,4.869999885559082,4,False,True
1058777213156843238,Flat no coração de Itapema - Meia Praia,Meia Praia,apartamento,1,1.0,4,360.0,443.0851063829787,47.0,24,5.0,5,True,True
1186527192047619776,Casa a uns 300 metros da praia,Não identificado,casa,2,1.0,8,,,,1,4.0,4,False,False
1195817681118454177,Quarto individual para mulher,Meia Praia,outros,1,1.0,2,,,,0,,0,False,False
1011429683225365524,Residencial Via Vêneto - 501,Meia Praia,apartamento,3,3.0,8,,,,0,,0,False,False
728531681504670920,Apartamento encantador com estacionamento exclusiv,Não identificado,apartamento,2,2.0,10,133.5,151.86936918918917,37.0,55,4.840000152587891,4,True,False
1019453731090411731,FLAT finamente mobiliado,Não identificado,apartamento,0,1.0,4,380.0,452.88211385365855,205.0,12,5.0,5,True,False
46298683,Apartamento diferenciado ao lado Russi Russi!!,Meia Praia,apartamento,3,2.0,8,,,,1,4.0,4,False,False
30491733,"Um por andar, apartamento 3 suítes quadra do mar",Não identificado,apartamento,4,3.0,9,799.4,800.9721841379311,145.0,18,4.940000057220459,4,False,False
1040664783789355948,Apartamento Sofisticado,Meia Praia,apartamento,5,6.0,12,,,,1,5.0,5,False,False
52864004,Apartamento encantador com churrasqueira e próxima ao mar.,Não identificado,apartamento,3,2.0,7,,,,4,4.25,4,False,False
37709918,"Ap-302 - Central, Meia Praia, Itapema",Meia Praia,apartamento,3,2.0,8,,,,0,,0,False,False
1314398128960750476,Apto Quadra mar 3suítes/3vagas,Meia Praia,apartamento,3,4.0,6,,,,0,,0,False,False
1268175742888206281,Apartamento familiar em Itapema,Não identificado,apartamento,3,2.0,8,,,,0,,0,False,False
1288436009394308547,Apartamento completo Meia Praia,Meia Praia,apartamento,3,2.0,7,,,,2,4.5,4,False,False
1268360369138084164,Cobertura duplex 100 m do mar,Meia Praia,apartamento,5,5.0,8,,,,0,,0,False,
53384633,Apartamento em Itapema,Não identificado,apartamento,2,2.0,5,,,,12,4.920000076293945,4,False,False
1169576861766557489,Apartamento Meia Praia,Meia Praia,apartamento,3,3.0,8,,,,1,4.0,4,False,False
1301642727552567702,kitnet Container 1,Não identificado,outros,1,1.0,2,,,,0,,0,False,True
764594928509928066,Apartamento Itapema Meia Praia,Meia Praia,apartamento,3,1.0,4,,,,0,,0,True,False
39721124,Ap.Meia Praia -Rua 259-Vista Mar lateral-3 quartos,Meia Praia,apartamento,3,2.0,8,,,,2,5.0,5,False,False
1004639989908402291,2suítes a 2 qd. do Shopping R.Russi MeiaPraia,Meia Praia,apartamento,2,2.0,6,,,,0,,0,True,False
984790656508975357,Vista mar sacada churrasqueira,Não identificado,apartamento,2,2.0,7,,,,0,,0,False,True
1226846054624436877,Apto confortável vista mar 280m da praia MHF0802,Centro,apartamento,2,1.0,6,693.0,714.6511904761904,210.0,7,4.860000133514404,4,False,True
1051481374779167805,"Apto 30m do mar101, direto prop desconto",Não identificado,apartamento,2,1.0,6,,,,0,,0,False,False
966687088388761169,Excelente apto  próximo a praia,Não identificado,apartamento,3,3.0,6,850.0,793.5741176470588,255.0,14,5.0,5,False,False
1322113651529436162,Quarto disponível Últimas vagas,Não identificado,outros,1,2.0,1,,,,0,,0,False,False
28410850,"Apartamento Alto Padrão , Pé na Areia,
Itapema",Não identificado,apartamento,1,1.0,2,494.0,515.0688702479339,121.0,62,4.849999904632568,4,False,False
998524736276497831,3 suítes,Não identificado,apartamento,3,3.0,8,,,,0,,0,False,False
1091265213844771501,Smart Apartment - The 808,Centro,apartamento,2,1.0,4,,,,7,5.0,5,False,False
1257475064962985099,Apartamento   Meia Praia Itapema SC.,Meia Praia,apartamento,2,2.0,5,,,,0,,0,False,False
1274113216241261516,Apartamento Itapema Meia Praia 21,Meia Praia,apartamento,4,4.0,12,,,,0,,0,True,False
46119923,Reserve seu verão em frente ao mar.,Não identificado,apartamento,4,6.0,9,,,,0,,0,False,False
1048551226044145540,Apto NOVO mobilhado prox praia,Não identificado,apartamento,3,3.0,6,,,,5,5.0,5,False,False
799416164363141517,Casa a 50 metros da praia!,Não identificado,casa,3,2.0,8,,,,0,,0,False,False
17511306,"Casa Completa 200m da praia, do shopping e mercado",Não identificado,casa,4,2.0,13,1100.0,1007.8548387096774,62.0,33,4.849999904632568,4,False,False
980642326401425672,Itapema 135 Cobertura quadra mar,Não identificado,apartamento,3,3.0,11,,,,2,5.0,5,True,False
1271976168616688272,"Finamente mobiliado, vista mar!",Não identificado,apartamento,2,1.0,4,,,,0,,0,False,
1313912109489456358,Casa próximo da praia itapema 10 minutos,Morretes,casa,2,1.0,8,,,,0,,0,False,False
1318174922191887812,Beira Mar Itapema Pont d Suspiro,Não identificado,apartamento,3,4.0,6,,,,0,,0,False,False
1276876271755772492,"VA Estiloso ap, AC, 900m praia, churrasqueira",Não identificado,apartamento,2,1.0,5,,,,1,5.0,5,True,True
1057349559495676134,Apto no coração da meia praia,Meia Praia,apartamento,3,3.0,6,,,,2,5.0,5,False,False
1086226123812140134,Linda casa espaçosa perto do mar,Não identificado,casa,3,1.0,8,,,,0,,0,False,False
1083478584557196767,Apartamento Vista Mar 3 minutos da praia andando!,Meia Praia,apartamento,2,2.0,4,,,,0,,0,False,False
787361488757051131,Apartamento à 50 metros da praia,Não identificado,apartamento,3,3.0,8,,,,0,,0,False,False
739006815344684109,"Apto moderno, 3 suítes ar condicionado. 500m mar",Meia Praia,apartamento,3,3.0,6,,,,1,5.0,5,False,False
51825638,Apartamento amplo e aconchegante,Não identificado,apartamento,3,2.0,6,650.0,658.4461538461538,195.0,8,5.0,5,False,False
695682678491300843,Apto Meia Praia Itapema menos de 50 metros do mar,Meia Praia,apartamento,2,1.0,8,,,,5,5.0,5,False,False
1034744128218003504,Apt 1 suíte + 1 quarto,Não identificado,apartamento,2,2.0,4,,,,1,5.0,5,False,False
1292945994882872233,Lm casa de praia,Não identificado,casa,0,1.0,6,,,,0,,0,False,False
1304404694000639638,Residencial Dom Bastos,Não identificado,apartamento,2,2.0,4,,,,1,5.0,5,False,False
46854533,"Apartamento alto padrão,  a 300 metros da praia !!",Não identificado,apartamento,2,3.0,5,,,,0,,0,False,False
1287181259883706860,VA. Charmoso e com AC 900 m praia,Não identificado,apartamento,2,1.0,4,,,,0,,0,True,True
22306996,Apartamento em Meia Praia,Meia Praia,apartamento,2,2.0,5,250.0,216.5238092857143,56.0,15,5.0,5,True,False
1019041007385326527,Vista Mar a 50 metros da praia!,Meia Praia,apartamento,2,2.0,7,575.0,675.8255813953489,43.0,10,4.900000095367432,4,False,True
1050357191604236754,Apto a 100m do mar Itapema Meia Praia 8 hóspedes,Meia Praia,apartamento,2,2.0,8,,,,7,5.0,5,False,False
1057777398171376301,Loft itapema - Próximo ao centro,Centro,outros,1,1.0,2,,,,1,5.0,5,False,False
52433968,"Apartamento aconchegante no centro de Meia Praia próximo ao mar! Shoppings, bares, bancos, restaurantes, farmácias e mercados a poucos passos de vc!",Meia Praia,apartamento,3,2.0,8,,,,3,5.0,5,False,False
569727477825054356,"Apt Meia Praia, 100 metros da praia.",Meia Praia,apartamento,3,3.0,8,,,,0,,0,False,False
1251624845796760916,Bom custo benefício - Itapema/SC,Não identificado,casa,2,1.0,10,,,,1,5.0,5,True,False
1174263938200349649,Conforto com vista mar Manhattan,Não identificado,apartamento,1,1.0,2,500.0,568.8507665271966,239.0,22,4.909999847412109,4,True,False
767303976773437303,Lindo Apartamento perto do mc donalts,Não identificado,apartamento,3,3.0,7,,,,0,,0,False,False
758709951594179266,Apartamento 2 quartos Beira Mar,Meia Praia,apartamento,2,2.0,5,,,,1,5.0,5,False,False
1173454138951663467,Próximo da Praia e de tudo,Centro,apartamento,2,2.0,5,,,,3,5.0,5,False,False
1190674276723780626,Aluguel Lindo Ap - 3 Suítes,Não identificado,apartamento,2,1.0,6,,,,0,,0,False,False
1315843176541999716,Apto 150m do mar na Meia Praia,Meia Praia,apartamento,2,2.0,8,,,,0,,0,False,False
1233370107101543516,Estúdio charmoso vista mar em Itapema MHFB1306,Centro,apartamento,1,1.0,3,380.5,409.8952205882353,136.0,10,5.0,5,False,True
982642009007231841,Studio na quadra do Mar. 50 metros da praia,Centro,apartamento,1,1.0,4,238.0,275.12952902173913,92.0,24,4.880000114440918,4,True,False
1211444250585349363,Lindo frente mar bem localizado,Não identificado,apartamento,3,3.0,8,,,,8,4.880000114440918,4,True,False
1220486999657134587,Casa de Praia perto do Centro,Centro,casa,3,2.0,7,,,,0,,0,False,False
53340772,Espaço inteiro: Apartamento em Meia Praia,Meia Praia,apartamento,3,2.0,7,425.0,519.0382352941176,170.0,17,5.0,5,True,False
1288579754592033151,Suíte Privativa Blue Sea Hotel,Centro,hotel,1,1.0,2,,,,0,,0,False,False
1295017112354125087,Apartamento Meia Praia Itapema,Meia Praia,apartamento,2,3.0,6,,,,0,,0,False,False
1063982447676370951,Apt beira mar itapema/centro 10m do mar.,Centro,apartamento,2,2.0,6,,,,3,4.670000076293945,4,True,False
53794321,Apartamento em Itapema Meia Praia próx ao mar,Meia Praia,apartamento,2,2.0,5,749.0,739.3047635838151,173.0,17,4.880000114440918,4,False,False
765220485646135765,Apartamento Novo Rua 242,Não identificado,apartamento,3,4.0,6,,,,3,5.0,5,False,False
42832318,DK3 Casa 3suites 2vagas Churr Piscina Sinuta,Meia Praia,casa,3,3.0,10,,,,8,4.880000114440918,4,False,False
31308297,Apto em itapema para aluguel,Não identificado,apartamento,1,1.0,3,,,,3,5.0,5,False,False
1289758176904091982,Apto a 50m da praia e da Av.,Não identificado,apartamento,3,3.0,6,,,,0,,0,False,False
39202645,Apartamento com 3 dorm e vista mar - Itapema,Meia Praia,apartamento,3,2.0,8,,,,1,4.0,4,False,False
34866449,Excelente apto  há 80 mts do mar em  Meia Praia,Meia Praia,apartamento,3,2.0,8,400.0,485.58734939759034,166.0,23,4.829999923706055,4,False,False
1205874259880523813,"Apto Meia Praia, melhor região",Meia Praia,apartamento,3,2.0,6,,,,0,,0,False,
1313032419505695116,Seu refúgio com Vista do Mar,Não identificado,apartamento,2,2.0,4,,,,1,5.0,5,False,False
756349386368160913,Apartamento Supimpa,Não identificado,apartamento,2,2.0,5,,,,12,4.920000076293945,4,True,False
1062329758790485589,Lindo apto Meia Praia 3 suítes,Meia Praia,apartamento,3,3.0,8,,,,1,5.0,5,False,False
1321665865287545772,Amplo  apto na Meia Praia,Meia Praia,apartamento,3,2.0,8,,,,1,5.0,5,False,False
770849753679081492,Apartamento em Itapema Meia Praia,Meia Praia,apartamento,3,2.0,7,,,,0,,0,False,False
1203667582146912143,"Apartamento Novo-Meia Praia, Itapema. Prox. do mar",Meia Praia,apartamento,3,3.0,10,,,,5,5.0,5,False,False
968676271316056907,Prox. Praia Centro/ 2 Quarto C/ Churrasqueira,Centro,apartamento,2,1.0,6,,,,10,4.900000095367432,4,True,False
1274797415798183244,Apto lindo no Coração de Itapema,Meia Praia,apartamento,4,3.0,10,,,,0,,0,False,False
1244477645812160676,"Apartamento 3 suítes, espaçoso",Não identificado,apartamento,3,3.0,8,,,,1,5.0,5,False,False
553578003486746447,"Ótimo apto 2 dormitórios, pé na areia.",Não identificado,apartamento,2,2.0,6,650.0,750.0,15.0,16,4.809999942779541,4,False,False
1088251024341369589,Apartamento novo Gran Safira,Não identificado,apartamento,2,3.0,5,600.0,612.5,20.0,16,4.880000114440918,4,True,False
1268710208854055752,Casa a 6min da praia e do Shopping.,Não identificado,casa,2,1.0,6,,,,3,3.670000076293945,3,False,False
754141022905987471,Apartamento Meia Praia,Meia Praia,apartamento,3,2.0,8,800.0,749.0305169014084,213.0,15,4.929999828338623,4,True,False
711735081107146147,Apartamento quadra mar com vista frente mar,Não identificado,apartamento,3,3.0,8,,,,4,5.0,5,False,False
1062404897234929767,RL Suíte casal banheiro privado ar split wifi,Morretes,apartamento,0,1.0,3,,,,0,,0,False,False
1306112009212693956,Quadra mar 3 quartos com churrasqueira Meia Praia,Meia Praia,apartamento,3,2.0,6,,,,1,4.0,4,False,False
1246425566656110947,casa da colina,Não identificado,casa,3,2.0,15,,,,0,,0,False,False
1036453026410910833,"Apartamento Novo 3 Suítes, 2 Vagas, Bem Localizado",Não identificado,apartamento,3,3.0,7,,,,1,5.0,5,False,False
1045077329214831775,Casa completa aconchegante,Não identificado,casa,2,2.0,8,800.0,800.0,31.0,1,5.0,5,True,False
1308597162942640159,3 suítes 3 vagas linda vista,Não identificado,apartamento,3,3.0,8,,,,0,,0,False,False
1073303527682582222,aluga kit net na praia,Não identificado,casa,1,1.0,2,,,,1,5.0,5,False,False
37804764,Familia Ferrazza - 3 quartos Meia Praia-Itapema/SC,Meia Praia,apartamento,3,2.0,8,,,,9,4.78000020980835,4,False,False
53365226,Meia Praia 3 minutos até o mar,Meia Praia,apartamento,2,2.0,5,405.0,347.8703703703704,54.0,20,4.650000095367432,4,False,False
1289862173315575165,Paradiso itapema,Não identificado,apartamento,3,2.0,7,,,,1,5.0,5,False,False
1201524410402216599,Quarto em apartamento Meia Praia,Meia Praia,outros,1,0.0,2,,,,11,5.0,5,False,False
1318302156174940688,(153) Térreo à Beira-Mar,Não identificado,apartamento,2,1.0,8,,,,0,,0,True,True
754260636604985777,Apartamento pé na areia,Centro,apartamento,4,3.0,8,,,,0,,0,False,False
15639459,Apartamento Meia Praia com vista Mar,Meia Praia,apartamento,3,4.0,8,,,,1,5.0,5,False,False
1076812789641172407,Ap 2Quartos c/ Churrasqueira • 300M da Praia,Não identificado,apartamento,2,2.0,6,,,,0,,0,False,False
1063631212924566587,Casa em Itapema,Centro,casa,2,1.0,5,,,,1,5.0,5,False,False
989301822716949432,Belíssimo apto a 150m do mar,Meia Praia,apartamento,2,2.0,6,,,,2,5.0,5,False,False
1212179727017190050,Apto em Meia Praia Itapema,Meia Praia,apartamento,2,2.0,6,,,,2,5.0,5,False,False
808425365462138959,Apartamento completo Meia Praia,Meia Praia,apartamento,3,3.0,8,,,,0,,0,False,False
818886744540655169,Itapema sc A praia da família,Não identificado,apartamento,2,2.0,6,,,,0,,0,False,False
1023318531772287794,Apto em Meia Praia com 3 suítes,Meia Praia,apartamento,3,3.0,7,,,,1,5.0,5,False,False
1284913657497086774,Apartamento perto do mar,Não identificado,apartamento,3,3.0,6,,,,1,5.0,5,False,False
817909829740037853,Apartamento em frente ao mar,Não identificado,apartamento,5,5.0,12,,,,0,,0,False,False
52582287,Condomínio FRENTE MAR,Não identificado,apartamento,3,2.0,6,,,,0,,0,False,False
41454399,FB. Aluguel Verão. 2 Quartos. Quadra Mar. Esq. Av.,Não identificado,apartamento,2,2.0,5,,,,0,,0,False,False
1036316015400901078,"Apart-hotel 
Residencial Itapema SC",Não identificado,hotel,1,1.0,6,,,,1,5.0,5,False,False
1064361544684463450,RP24 Estúdio Meia Praia ar wifi vaga coz. tv smart,Meia Praia,apartamento,0,1.0,5,,,,0,,0,False,False
1264040949531443013,Apto 2 quartos sendo 1 suíte,Não identificado,apartamento,2,1.0,6,,,,2,5.0,5,False,False
1323425991861389388,Casa de veraneio,Não identificado,casa,2,1.0,6,,,,0,,0,False,False
46792527,Prédio Beira Mar Apto com Vista Mar 3º andar,Não identificado,apartamento,2,2.0,6,,,,1,4.0,4,True,
1261075083927841039,Apartamento Meia Praia,Meia Praia,apartamento,3,2.0,8,,,,1,5.0,5,True,False
32697747,Venha desfrutar  dias maravilhosos  em meia praia,Meia Praia,apartamento,2,2.0,5,350.0,361.99803882352944,34.0,65,4.889999866485596,4,False,False
30209117,"Apartamento Próximo ao Mar, Meia Praia, Itapema/SC",Meia Praia,apartamento,3,2.0,9,450.0,470.35714285714283,42.0,16,4.940000057220459,4,True,False
1310093328154719841,Apartamento itapema,Não identificado,apartamento,2,2.0,6,,,,2,5.0,5,False,False
52107212,Casa em Itapema Sc à 500m do mar,Não identificado,casa,2,1.0,4,,,,0,,0,False,False
710739184958846083,Quarto privativo em apto compartilhado com garagem,Meia Praia,outros,1,1.0,2,,,,73,5.0,5,True,False
1311150015781996959,Apartamento a 30 metros do Mar!,Meia Praia,apartamento,3,1.0,6,,,,2,4.5,4,False,False
1313192226174263411,Apartamento em Meia Praia,Meia Praia,apartamento,3,4.0,7,,,,0,,0,False,False
808167363475289022,Apartamento em Itapema/Meia Praia próximo ao mar,Meia Praia,apartamento,2,1.0,6,,,,1,5.0,5,False,False
30402651,AP Meia Praia - Itapema,Meia Praia,apartamento,2,2.0,6,550.0,591.814705882353,170.0,10,5.0,5,False,False
47222306,Apartamento inteiro aconchegante em Itapema,Não identificado,apartamento,1,1.0,5,175.0,199.68085106382978,47.0,65,4.96999979019165,4,True,False
968213956640500474,Refúgio com vista para o mar!,Meia Praia,apartamento,2,2.0,6,498.0,512.0744047321429,224.0,37,5.0,5,True,False
802997767575123539,Apto 3 suítes frente mar,Não identificado,apartamento,3,3.0,7,,,,3,5.0,5,False,False
1032037416009523135,Chalé Casal Campo/Praia Itapema,Não identificado,casa,1,1.0,2,556.0,550.7972972972973,37.0,21,5.0,5,True,True
38699498,Quarto Demi Suíte (podem usar sala e cozinha),Centro,outros,1,1.0,3,,,,3,5.0,5,False,False
54367133,"Excelente apartamento, à 50 metros da praia",Não identificado,apartamento,3,2.0,7,,,,1,4.0,4,False,False
771366912915633484,Apto c Vista p o Mar!,Não identificado,apartamento,3,3.0,7,,,,5,5.0,5,False,False
29739100,Apt.Quadra Mar/Meia Praia/3 dorm/2 vagas/Vista Mar,Meia Praia,apartamento,3,2.0,7,720.0,724.177011724138,145.0,19,5.0,5,False,False
659262137039564317,EDIFICIO MILLINIUM,Não identificado,apartamento,3,4.0,8,,,,0,,0,False,False
47512442,Ap,Não identificado,apartamento,2,2.0,5,,,,4,5.0,5,False,False
1029871571812460364,Itapema 220,Não identificado,apartamento,2,2.0,6,,,,1,5.0,5,True,False
28155872,Apto 3 quartos em Meia Praia Itapema/SC Quadra mar,Meia Praia,apartamento,3,2.0,6,400.0,400.0,25.0,13,4.619999885559082,4,False,False
577547502503396579,Apartamento à Beira Mar,Não identificado,apartamento,2,2.0,4,650.0,668.6699346405229,153.0,26,4.849999904632568,4,True,False
561577604914431329,"A poucos, metros do mar, ao lado do shopping.",Não identificado,apartamento,3,2.0,3,,,,1,4.0,4,True,False
1281758835621348169,"Itapema 209, 60 metros da praia.",Não identificado,apartamento,2,2.0,6,,,,0,,0,True,False
49050392,"Apto Quadra Mar, Duas vagas média - Rua Kaabak",Meia Praia,apartamento,3,2.0,8,700.0,741.304347826087,138.0,44,4.949999809265137,4,False,False
762341762809211072,Apartamento Itapema (centro) 100 mt da praia.,Centro,apartamento,3,2.0,6,,,,5,5.0,5,False,False
1315402405706071677,Apartamento 150 metros do mar,Centro,apartamento,2,2.0,6,,,,0,,0,False,False
1005940465349194255,Sua família merece praia lazer,Não identificado,apartamento,1,1.0,4,,,,6,4.829999923706055,4,False,False
1318162382615121900,Apto 3 suítes em Itapema,Não identificado,apartamento,3,3.0,6,,,,0,,0,True,False
1298079782772415239,Apartamento Itapema,Não identificado,apartamento,2,2.0,4,,,,2,5.0,5,False,False
786807324710664147,Perto do Mar em Meia Praia c/ 4 vagas e 4 suítes!,Meia Praia,apartamento,4,4.0,8,850.0,958.8586956521739,92.0,13,4.849999904632568,4,True,True
1060030042730634983,Aluguel de verão.,Não identificado,casa,1,1.0,5,,,,2,4.0,4,False,False
16321793,Apart. quadra mar com vista para a praia Itapema,Meia Praia,apartamento,3,2.0,7,450.0,530.9430051813472,193.0,31,4.96999979019165,4,False,False
53972959,Pé na areia em Meia Praia: Curta sem sair de casa.,Meia Praia,apartamento,3,3.0,6,899.0,931.029939520958,167.0,13,4.769999980926514,4,True,False
1280559161534348023,Apto moderno vista mar 280m da Praia MHF2107,Centro,apartamento,1,1.0,4,597.83335,626.4492066666667,210.0,0,,0,False,True
34976786,Apartamento 3 suítes. 200 m da praia. Ar cond.,Não identificado,apartamento,3,3.0,8,,,,1,5.0,5,False,False
735732850757918650,"Beira Mar em Itapema, com 2 vagas e Churrasqueira!",Meia Praia,apartamento,3,2.0,6,750.0,840.566037735849,53.0,15,4.730000019073486,4,True,True
1015691857467598452,(321) Costa Mare alto padrão,Não identificado,apartamento,3,2.0,6,1296.0,1272.4363636363637,165.0,21,5.0,5,True,True
1028877959048714123,Clube do PRF - apto 1 quarto- à 150m da praia.,Não identificado,apartamento,1,1.0,6,,,,2,2.5,2,False,False
1291419243412523599,ap frente mar meia praia,Meia Praia,apartamento,4,3.0,8,,,,0,,0,False,False
53372578,Ótimo apartamento em Itapema,Não identificado,apartamento,2,2.0,5,,,,6,3.670000076293945,3,False,False
1240775832879183392,Ampla casa com 3 quartos,Meia Praia,casa,3,3.0,8,,,,2,5.0,5,False,False
1155844501678298300,Apartamento quadra mar em Meia Praia,Meia Praia,apartamento,2,1.0,8,,,,2,5.0,5,False,False
1315261246891483918,Apartamento Beira Mar,Meia Praia,apartamento,3,3.0,8,,,,0,,0,False,False
760744906334086646,Casa com pátio e piscina.,Não identificado,casa,2,1.0,5,,,,0,,0,False,False
1318267210921184935,Apartamento Meia Praia SC,Meia Praia,apartamento,3,2.0,6,,,,0,,0,False,False
42841323,Ap VIP pé na areia frente mar,Não identificado,apartamento,1,1.0,4,500.0,484.92452830188677,53.0,36,5.0,5,True,False
911476333007658783,Apto quadra mar e avenida.,Não identificado,apartamento,2,2.0,8,200.0,253.42391304347825,138.0,65,4.630000114440918,4,False,False
1250857289727971837,"Apartamento novo, todo equipado.",Não identificado,apartamento,2,2.0,5,,,,1,5.0,5,False,False
1074536325107116342,"Apto Beira Mar, Alto Padrão",Não identificado,apartamento,3,4.0,6,,,,0,,0,False,False
1309554958048522886,Belíssimo apartamento quadra MAR,Não identificado,apartamento,4,3.0,10,,,,0,,0,False,False
1052089199306202045,ótima localização  meia praia edifício frente mar,Meia Praia,apartamento,3,2.0,8,,,,2,5.0,5,True,False
53402424,Apartamento encantador próximo ao mar.,Não identificado,apartamento,3,3.0,8,,,,1,4.0,4,False,False
1299200884719674733,Casa C/ Amplo Espaço e Piscina!,Não identificado,casa,3,4.0,10,,,,2,5.0,5,False,False
1276864818594967734,Kitnet em Itapema,Não identificado,casa,1,1.0,2,,,,22,5.0,5,True,False
1044346153746167739,Casa com piscina - Aluguel de temporada,Não identificado,casa,3,1.0,8,,,,1,5.0,5,False,False
1208746927423730353,Estúdio Moderno Vista Mar em Itapema MHFB0504,Centro,apartamento,1,1.0,2,379.0,394.4072251231527,203.0,1,5.0,5,False,True
53091689,Apartamento em Itapema - Morretes,Morretes,apartamento,3,1.0,5,,,,9,5.0,5,False,False
623256310488796530,"Frente Mar Amplo: 3 Suítes, 2 Vagas e Pet Friendly",Meia Praia,apartamento,3,4.0,10,,,,7,4.860000133514404,4,False,False
1050824626350559241,"R.292, Ap 03 suítes - Meia Praia",Meia Praia,apartamento,3,3.0,8,,,,1,5.0,5,False,False
804322899195148210,"Linda SuÍte Itapema
Habitación Itapema",Meia Praia,outros,1,1.0,2,,,,2,5.0,5,False,False
1211548591438099722,"Novo, a 200 mt praia 10 hóspedes",Não identificado,apartamento,3,2.0,10,,,,2,5.0,5,False,True
1016100494032497541,Studio Flor do Mato - A natureza te encontra!,Não identificado,casa,1,1.0,2,369.0,370.6923076923077,78.0,34,4.940000057220459,4,True,True
1308674095345519931,Quarto/Suíte priv 50m da praia,Não identificado,outros,1,2.0,2,,,,0,,0,False,False
43300431,Amplo apto Frente Mar em Meia Praia,Meia Praia,apartamento,4,3.0,10,2000.0,2000.0,32.0,13,4.690000057220459,4,False,False
1231826085497703472,Clube do PRF - Apto de 2 quartos,Não identificado,apartamento,2,1.0,6,,,,0,,0,False,False
739822733713639773,Quadra Mar na Meia Praia,Meia Praia,apartamento,2,2.0,6,,,,2,5.0,5,False,False
40513465,Cobertura Duplex - Meia Praia SC (até 10 Pessoas),Meia Praia,apartamento,4,3.0,10,,,,3,5.0,5,False,False
43499385,"Conforto, Sofisticação no melhor de Itapema",Ilhota,apartamento,2,3.0,5,585.0,595.5942028985507,69.0,67,4.96999979019165,4,True,False
954394460758052368,Apto no coração da Meia Praia,Meia Praia,apartamento,2,2.0,6,,,,0,,0,False,False
782404018922337274,Apartamento aconchegante,Não identificado,apartamento,2,2.0,5,,,,9,4.78000020980835,4,False,False
1045070428630494366,Apartamento Aconchegante Pé na Areia,Não identificado,apartamento,3,2.0,6,,,,1,5.0,5,False,False
41496656,Casa de Praia Itapema!,Não identificado,casa,2,1.0,5,,,,1,1.0,1,False,False
1314341743704434971,Perto do mar: Apt para 10 pessoas,Não identificado,apartamento,3,2.0,10,,,,0,,0,False,False
1302450485079669419,Apartamento em Itapema a 350 metros do mar.,Não identificado,apartamento,3,3.0,11,,,,2,5.0,5,False,False
1037047027853581998,Alto padrão e vista de cinema do mar | 2 Suítes,Não identificado,apartamento,2,2.0,5,890.0,1035.8394736842106,95.0,17,4.880000114440918,4,True,True
658670870469957307,Frente mar próximo shopping Russi até 9 hóspedes,Não identificado,apartamento,3,2.0,9,,,,3,5.0,5,False,True
1268301602280137098,Sobrado na Meia Praia,Meia Praia,casa,3,2.0,8,,,,0,,0,False,False
21947811,Apartamento próximo à praia,Centro,apartamento,3,2.0,7,,,,12,4.75,4,False,False
28102949,Belissimo apartamento na meia praia,Meia Praia,apartamento,3,3.0,6,,,,3,5.0,5,False,False
1155627895999148799,Apartamento Paz de alto padrão,Não identificado,apartamento,1,1.0,4,,,,1,5.0,5,False,False
663670006345168051,Apartamento disponível semana Natal e Ano novo,Não identificado,apartamento,2,1.0,6,,,,0,,0,False,False
897144549301156856,Apto na Avenida principal com vista para o mar,Não identificado,apartamento,3,2.0,6,850.0,1014.8863636363636,44.0,10,5.0,5,True,False
1155855946548061733,Cabana N.S. Itapema,Não identificado,casa,1,1.0,2,,,,31,4.809999942779541,4,True,False
977758615003005235,"Poucos passos da praia, rua 271",Não identificado,apartamento,4,3.0,12,,,,0,,0,False,True
845012157657847255,Apto Frente Mar em Meia Praia,Meia Praia,apartamento,3,2.0,8,,,,9,4.889999866485596,4,False,False
1279123061685814133,Apartamento quadra mar,Não identificado,apartamento,4,3.0,10,,,,0,,0,False,
1307955803685092822,Suíte na Meia Praia Réveillon,Meia Praia,outros,1,2.0,4,,,,0,,0,False,False
39152609,Ap aluguel temporada meia praia rua 275,Meia Praia,apartamento,2,2.0,6,,,,21,4.760000228881836,4,True,False
1255166143934793043,Apto em Meia Praia com 3 suítes,Meia Praia,apartamento,3,3.0,6,,,,1,5.0,5,False,False
967469842738718090,Apto no centro de meia praia sc - Edf Isabela,Meia Praia,apartamento,3,3.0,9,,,,1,5.0,5,False,False
1052355242204804725,Ap Itapema/Meia Praia 3 quartos,Meia Praia,apartamento,3,2.0,8,,,,0,,0,False,False
1267490270483958179,Conforto a poucos passos do mar,Meia Praia,apartamento,3,2.0,6,,,,1,5.0,5,False,False
970977720659867193,Itapema 263   Frente mar,Não identificado,apartamento,3,3.0,9,,,,0,,0,True,False
1010884702444855566,Pertinho e com vista do mar,Meia Praia,apartamento,0,0.0,6,,,,0,,0,False,False
1315378265846987588,Cobertura Duplex em Meia Praia,Meia Praia,apartamento,4,2.0,10,,,,0,,0,False,False
1288385969078879370,Apartamento próximo de tudo.,Não identificado,apartamento,1,1.0,4,,,,2,5.0,5,True,False
41141790,Lindo apto a 40m da praia.,Não identificado,apartamento,3,2.0,8,723.0,729.1695652173912,69.0,10,4.900000095367432,4,False,False
27865733,Carambei 106,Não identificado,apartamento,3,2.0,10,,,,3,4.329999923706055,4,False,False
782848425775715018,Kafofo,Não identificado,apartamento,1,1.0,2,,,,18,5.0,5,True,False
890900550062113228,Apartamento Meia Praia,Meia Praia,apartamento,2,2.0,6,,,,9,5.0,5,False,False
1190830635876293330,Novo e aconchegante,Não identificado,apartamento,2,2.0,6,,,,0,,0,False,False
1052992749655623271,D) quadra mar Meia Praia Itapema/SC,Meia Praia,apartamento,2,1.0,6,,,,0,,0,False,False
1032819488442707067,Beira-Mar em Meia Praia,Meia Praia,apartamento,2,2.0,5,,,,2,5.0,5,False,False
1316604682338226124,Apartamento exclusivo,Não identificado,apartamento,2,0.0,4,,,,0,,0,False,False
1048046070762969350,"Apartamento com 2 dormitórios,1 banheiro",Não identificado,outros,1,1.0,1,,,,0,,0,False,False
785658004981722606,Apartamento em Itapema,Não identificado,apartamento,2,2.0,6,690.75,693.0944976076555,209.0,10,5.0,5,False,False
47291978,Apartamento em Meia Praia - totalmente equipado,Meia Praia,apartamento,3,3.0,6,,,,3,5.0,5,False,False
788085745534865923,Apt centro Meia Praia Itapema,Meia Praia,apartamento,3,2.0,7,,,,1,5.0,5,False,False
1285599150590499228,4KIDS Praia Itapema - AP1,Não identificado,apartamento,2,2.0,5,,,,0,,0,True,True
836415940545761422,Flat Meia Praia Infinity Tower Flat 809,Meia Praia,apartamento,1,1.0,4,490.0,521.5916666666667,60.0,14,4.929999828338623,4,True,False
645092818132652927,"MeiaPraia60m da praia .Vista 
 da sacada !",Não identificado,apartamento,2,1.0,6,320.0,359.13793103448273,29.0,38,4.949999809265137,4,True,False
53402180,"Apartamento de 4 quartos, com 2 vagas de garagem.",Meia Praia,apartamento,4,3.0,10,,,,0,,0,False,False
40228868,150 metros do mar,Não identificado,apartamento,3,2.0,8,,,,0,,0,False,False
25104649,"4 QUARTOS, WIFI, PRÓXIMO AO MAR E SHOPPING RUSSI!",Não identificado,apartamento,4,3.0,12,890.0,714.9017857142857,112.0,43,4.980000019073486,4,True,False
1239409920081319316,Apartamento  Novo 2 suítes.,Não identificado,apartamento,2,3.0,4,,,,4,5.0,5,False,False
990432282679577821,"Apart Meia Praia, R. 248  233 - Meia Praia,Itapema",Meia Praia,apartamento,3,2.0,10,,,,2,5.0,5,False,False
1271272432935586273,"""Aconchego no coração da cidade""",Não identificado,apartamento,2,1.0,5,,,,0,,0,False,False
1315529790295837216,"Apartamento novíssimo, próximo ao mar, 5 min a pé",Não identificado,apartamento,2,2.0,4,,,,3,5.0,5,False,
1036358303831861787,A3- lindo Apto centro itapema,Centro,apartamento,2,1.0,6,,,,3,5.0,5,True,False
41270247,Apartamento vista mar todo reformado em Meia Praia,Meia Praia,apartamento,3,2.0,9,600.0,603.421985106383,47.0,18,4.889999866485596,4,True,False
54071592,Casa da vó Zê,Não identificado,casa,3,1.0,7,,,,4,5.0,5,False,False
47096976,Itapema 200 reais diária,Não identificado,apartamento,2,2.0,4,,,,0,,0,False,False
1075444278753674442,Apto 60 mt mar (Quadra Mar),Meia Praia,apartamento,2,1.0,6,650.0,600.4666666666667,45.0,5,4.800000190734863,4,False,False
1288317456841105821,apto para temporada,Não identificado,apartamento,3,2.0,8,,,,0,,0,False,False
45621607,Lindo Apto em Meia Praia Itapema  400 mts da praia,Meia Praia,apartamento,2,1.0,4,350.0,348.5290706989247,186.0,9,5.0,5,False,False
1314764695798251721,"3 agradáveis suítes, quadra mar",Não identificado,apartamento,3,3.0,6,,,,0,,0,False,False
41883230,Apartamento com excelente localização  Meia Praia,Meia Praia,apartamento,3,3.0,7,470.0,535.4716981132076,53.0,5,5.0,5,False,False
594857002569221203,Apartamento encantador na famosa praia de Itapema.,Meia Praia,apartamento,3,2.0,6,,,,17,5.0,5,False,False
758059618209979073,Apto completo com 1 vaga de garagem coberta.,Centro,apartamento,3,2.0,6,,,,3,5.0,5,False,False
1255178693593030744,"Apto novo! 3 quartos, próx ao mar.",Meia Praia,apartamento,2,1.0,5,,,,1,5.0,5,False,False
1292815457899461748,Apto acolhedor vista mar a 280m da praia MHF2002,Centro,apartamento,2,1.0,4,644.0,717.8842281879195,149.0,4,5.0,5,False,True
1318095501459517296,Casa para Temporada!,Meia Praia,casa,3,1.0,8,,,,0,,0,False,False
53109238,Casa 4 suítes Com piscina na praia de meia praia,Meia Praia,casa,4,5.0,16,,,,0,,0,False,False
1321924579099353012,Sobrado n3 Frente Mar na Praia Grossa,Não identificado,casa,2,1.0,7,,,,0,,0,False,False
986228725951753024,cód. 1510 Apartamento 2 quartos na meia praia,Meia Praia,hotel,2,2.0,6,,,,0,,0,False,True
1269623861253689862,Studio vista mar em edifício com Piscina MHFA0605,Não identificado,apartamento,1,1.0,3,380.0,407.3966448051948,154.0,3,5.0,5,False,True
1060899311557227968,Apto com vista mar Itapema SC,Não identificado,apartamento,3,3.0,6,,,,0,,0,False,False
1290227876992816321,Apto frente ao albertos,Não identificado,apartamento,3,2.0,8,,,,0,,0,False,False
1226940717284477483,Ap frente mar(pé na areia),Não identificado,apartamento,3,2.0,10,,,,4,5.0,5,False,False
52652931,"Apartamento Top, centro Meia Praia, 100m do mar.",Meia Praia,apartamento,2,2.0,5,390.0,437.0652173913044,46.0,18,5.0,5,True,False
23523034,Apartamento em frente avenida na quadra do mar,Não identificado,apartamento,3,2.0,10,,,,3,5.0,5,True,False
22221493,Casa em Itapema para 18(+) pessoas - Buba's House,Meia Praia,casa,4,3.0,16,,,,22,4.860000133514404,4,True,False
1236888236862742446,Apartamento completo,Não identificado,apartamento,2,2.0,6,,,,0,,0,False,False
41676390,Apto aconchegante para 4 ou 6,Não identificado,apartamento,2,2.0,6,600.0,607.9814810699588,243.0,20,4.949999809265137,4,False,False
1041262196440480958,Chalé para casal em  itapema,Centro,casa,0,0.0,2,,,,31,5.0,5,True,False
1056698752886178077,Apartamento à beira mar,Meia Praia,apartamento,2,2.0,8,,,,1,3.0,3,False,False
52702659,Ed J Petry 30 metros do mar,Não identificado,apartamento,2,2.0,8,,,,12,4.329999923706055,4,False,False
1256723784627855477,Aluguel de temporada,Não identificado,casa,3,0.0,8,,,,1,5.0,5,False,False
53400271,Casa ampla para temporada a 900m da praia,Não identificado,casa,3,2.0,10,,,,0,,0,False,False
605748852048435444,"Ap no Centro de Meia Praia, Vaga Ampla de Garagem",Meia Praia,apartamento,3,2.0,6,450.0,443.6163432467532,154.0,33,5.0,5,True,False
30315370,Conforto e Ótima localização no Centro Meia Praia,Meia Praia,apartamento,3,2.0,8,,,,4,5.0,5,False,False
753705661776365934,Casa confortável c/quartos espaçosos prox da praia,Não identificado,outros,3,3.0,6,,,,1,5.0,5,False,False
16586622,Cobertura Alto Padrão 6 coladinha/mar Meia Praia,Meia Praia,apartamento,3,2.0,6,600.0,636.817373939394,165.0,30,4.829999923706055,4,True,False
973160738029639257,Meia Praia/SC Duplex de Luxo (somente sua família),Meia Praia,apartamento,2,2.0,6,,,,8,4.75,4,False,False
820470065107810212,Melhor localização de Meia Praia a 100 m do mar,Meia Praia,apartamento,3,2.0,8,,,,1,5.0,5,False,False
1211523131988133768,103 - Quarto privativo em Meia Praia - Itapema/SC,Meia Praia,apartamento,1,1.0,4,,,,0,,0,False,False
1010091303354020330,Apto Meia Praia - Quadra Mar,Meia Praia,apartamento,3,3.0,6,,,,1,5.0,5,False,False
735756948744314725,Apartamento amplo para toda a família com 3 suítes,Meia Praia,apartamento,3,4.0,7,,,,6,4.329999923706055,4,False,False
1281101198743058105,Apto Meia Praia - Quadra mar,Meia Praia,apartamento,2,2.0,6,,,,2,5.0,5,False,False
988406365435700829,Apartamento vista ao mar,Não identificado,apartamento,4,3.0,8,,,,1,5.0,5,False,False
26898492,Lugar tranquilo e familiar. 70m do mar! Aceito Pet,Não identificado,casa,2,2.0,10,350.0,373.6842105263158,38.0,20,4.699999809265137,4,False,False
1316054784122061241,Apartamento Luxuoso 1 Quadra do Mar em Itapema,Não identificado,apartamento,4,4.0,10,,,,1,5.0,5,False,True
1045565487399099010,Apto confortável 250m do mar.,Não identificado,apartamento,2,2.0,6,,,,0,,0,False,False
39623532,"Frente Mar, 3 Dorm (2 Suítes), lado do Russi&Russi",Centro,apartamento,3,3.0,8,,,,0,,0,False,False
1303266648692596227,"3 suítes, 4 banheiros, 3 vagas, apto climatizado",Não identificado,apartamento,3,3.0,8,,,,2,5.0,5,False,False
1054538603433172053,Apartamento meia praia 12º andar,Meia Praia,apartamento,0,1.0,6,,,,0,,0,False,False
986230802916483711,4945 Amplo apto na meia praia Itapema,Meia Praia,hotel,3,2.0,8,,,,0,,0,False,True
31252494,Otimo apartamento com vista pro mar.,Não identificado,apartamento,2,1.0,6,,,,17,4.650000095367432,4,False,False
1061167994996104209,Suíte Itapema Apto Compartilhado,Não identificado,outros,1,1.0,2,,,,0,,0,False,False
1289919194267387550,Quarto Compartilhado - Quadra Mar,Não identificado,outros,1,1.0,1,,,,4,4.75,4,False,False
1051494217635423017,3 dormitórios em Meia Praia,Meia Praia,apartamento,3,2.0,8,,,,0,,0,False,False
46486203,Apartamento com Churrasqueira na Sacada,Centro,apartamento,2,2.0,6,,,,0,,0,False,False
1282555783192045355,Apartamento de frente ao Mar.,Não identificado,apartamento,2,2.0,6,,,,4,4.75,4,False,False
1207881809440158991,Studio em Edifício com Piscina Vista Mar MHFA0604,Centro,apartamento,1,1.0,2,427.0,434.6496455319149,235.0,1,5.0,5,False,True
1209591203253278549,Apto Incrível em Meia Praia,Meia Praia,apartamento,3,2.0,10,,,,2,5.0,5,False,True
54211269,"Quer praia, mar, rio e montanhas? Aqui terás🥰❤️",Meia Praia,apartamento,3,3.0,6,,,,1,5.0,5,False,False
39417651,Pé na areia,Não identificado,apartamento,3,2.0,6,,,,0,,0,False,False
1214388774715647910,5431 Apartamento quadra mar bem localizado na meia,Não identificado,apartamento,2,1.0,7,,,,0,,0,False,True
1254384361135492137,Apt com Churrasqueira a 700m da praia SIR0501,Morretes,apartamento,2,2.0,4,604.0,638.1924778761062,226.0,4,4.5,4,False,True
815806026505024003,Apartamento Beira Mar 3 quartos,Meia Praia,apartamento,3,2.0,9,900.0,897.2121212121212,99.0,7,5.0,5,False,False
1148617111615851069,Isso é um teste,Não identificado,outros,1,1.0,2,,,,0,,0,False,False
1131810056799937593,Apto Vista Mar Com Churrasqueira SBN0705,Não identificado,apartamento,3,2.0,6,680.0,775.5664251207729,207.0,5,5.0,5,False,True
1021680708785478385,Itapema 292 sua família vai amar,Não identificado,apartamento,3,2.0,8,,,,0,,0,True,False
858200115408146370,"'Duplex' com terraço gigante, 2 quadras do mar",Não identificado,apartamento,3,2.0,2,,,,0,,0,False,False
1273091811886899511,Lindo apartamento perto do mar!,Não identificado,apartamento,2,2.0,6,,,,3,4.670000076293945,4,False,False
26197944,"Vista do Mar,  180m/Praia,  R. 289",Não identificado,apartamento,2,2.0,6,450.0,473.1613924050633,158.0,38,4.789999961853027,4,False,False
1302308496242112387,Casa espaçosa em Itapema,Não identificado,casa,2,1.0,7,,,,0,,0,False,False
1248663127684957882,Apto 3 suítes vista mar Itapema,Não identificado,apartamento,3,3.0,6,,,,0,,0,True,False
858005684112909595,Lindo Apartamento em Itapema,Meia Praia,apartamento,2,2.0,6,,,,1,5.0,5,False,False
1020942153159227291,"Apto confort: banheira, churrasqueira, próximo mar",Meia Praia,apartamento,2,2.0,5,,,,4,5.0,5,False,
856482117556875618,Pé na Areia - conforto familiar,Não identificado,apartamento,2,2.0,6,370.0,362.43243243243245,37.0,26,4.960000038146973,4,True,False
1020333217878509527,‘Conforto e Estilo em nosso Apartamento 1105,Não identificado,apartamento,2,2.0,6,,,,5,4.800000190734863,4,False,False
51785337,"Apartamento Alto Padrão, Próximo da Praia",Não identificado,apartamento,2,2.0,6,317.0,319.63806127659575,141.0,9,5.0,5,False,False
1315147093627131241,Apartamento Mobiliado!,Não identificado,apartamento,3,2.0,8,,,,0,,0,False,False
1020581372983314967,Frente Mar Top na rua 245,Não identificado,apartamento,3,2.0,9,,,,9,4.78000020980835,4,False,True
1289798260831154810,Cobertura com piscina vista mar,Não identificado,apartamento,4,5.0,12,,,,0,,0,False,False
1285454337721014883,Flat 02 quartos ao lado da PRAIA,Centro,apartamento,2,2.0,4,,,,3,5.0,5,False,False
1308589669202501336,Apto. Cond. Vista Atlântico,Não identificado,apartamento,2,1.0,4,,,,0,,0,False,False
1310274192276754423,Apto espaçoso e confortável!,Não identificado,apartamento,4,4.0,12,,,,0,,0,False,False
1067459758200575743,Super oferta Itapema frente mar,Não identificado,apartamento,3,2.0,7,,,,1,5.0,5,False,False
1121120387558822074,3 suítes a 300 metros do mar,Não identificado,apartamento,3,3.0,8,,,,0,,0,False,False
1310162805894175309,Hotel Blue Sea,Não identificado,hotel,1,1.0,4,,,,0,,0,False,False
1248685472424986601,Apto novo de 2 suítes a 9 minutos a pé da praia,Meia Praia,apartamento,2,2.0,6,280.5,292.2368421052632,38.0,10,5.0,5,False,False
9009370,"Frente Mar, 03 Dormitórios - Meia Praia [402]",Meia Praia,apartamento,3,2.0,7,,,,8,4.880000114440918,4,False,False
1279044816202788334,Apartamento quadra mar,Centro,apartamento,2,3.0,6,,,,0,,0,True,False
1197140458682998270,Alugo quarto privado,Meia Praia,outros,1,1.0,2,,,,0,,0,False,False
27873929,Charmosa Cobertura de frente para o mar de Itapema,Não identificado,apartamento,3,2.0,8,,,,10,5.0,5,False,False
1217884666261792316,Allure: 3 Suítes Luxo Meia Praia,Meia Praia,apartamento,3,3.0,8,,,,0,,0,False,True
41658086,Apartamento 3 suítes próximo a praia,Não identificado,apartamento,3,4.0,10,,,,0,,0,False,False
1293507005688062082,cobertura de luxo na quadra do mar Meia Praia,Meia Praia,apartamento,3,3.0,6,,,,0,,0,False,False
39316910,PÉ NA AREIA - FRENTE PRO MAR - MEIA PRAIA -ITAPEMA,Meia Praia,apartamento,4,3.0,10,790.0,684.0,15.0,52,4.789999961853027,4,False,False
47782979,SUITE EM ITAPEMA (20 METROS DA PRAIA),Não identificado,outros,1,1.0,2,,,,39,4.739999771118164,4,False,False
840525492567265584,"Casa de frente ao
mar!",Não identificado,casa,4,3.0,11,1000.0,1269.0566037735848,106.0,24,4.960000038146973,4,True,False
1111212394533170173,Vista mar a 50 mt praia Rua 245,Não identificado,apartamento,2,2.0,8,,,,0,,0,False,True
1305046192475138832,Casa estilo apartamento - 4 pessoas,Não identificado,casa,2,1.0,4,,,,0,,0,False,False
37417268,Quarto Demi Suíte (sim podem usar sala e cozinha),Não identificado,outros,1,1.0,3,,,,2,5.0,5,False,False
1289154878778190586,Itapema 254 - 604,Não identificado,apartamento,3,3.0,8,,,,1,5.0,5,True,False
1221783597725078633,Apto no Res. Paradiso em Itapema,Não identificado,apartamento,3,2.0,6,,,,0,,0,True,False
39394644,"3 Dormitórios c/ar cond, garagem, Rua McDonalds",Meia Praia,apartamento,3,2.0,8,800.0,763.5752203539822,226.0,5,5.0,5,False,False
765933981906369872,Apartamento finamente mobiliado.,Não identificado,apartamento,3,3.0,6,,,,0,,0,False,False
821850217553025689,Studio no centro de meia praia a 2 minutos do mar.,Meia Praia,outros,1,1.0,3,,,,3,5.0,5,False,False
1257312272803306995,Apto com churrasqueira em Meia Praia - MLO0601,Meia Praia,apartamento,2,2.0,4,545.0,558.9984128571429,210.0,8,4.75,4,False,True
1321071693046943546,Apartamento na meia praia,Meia Praia,apartamento,3,2.0,6,,,,0,,0,False,False
678242953903453952,"Apartamento em Meia Praia, próximo do mar!",Meia Praia,apartamento,2,2.0,6,350.0,358.2261904761905,126.0,10,5.0,5,True,False
977588506516236318,50 metros da praia na rua 271,Não identificado,apartamento,4,3.0,12,,,,0,,0,False,True
30756202,Excelente apt em Meia Praia para aluguel temporada,Meia Praia,apartamento,2,2.0,6,550.0,564.8377197368421,76.0,17,4.760000228881836,4,False,False
1279237614509895088,Vista Linda! Oceano à Sua Porta!,Não identificado,apartamento,3,3.0,8,,,,1,5.0,5,False,False
807400945391416643,Cobertura beira-mar com a melhor vista de Itapema!,Não identificado,apartamento,4,3.0,12,850.0,711.7692307692307,78.0,39,4.900000095367432,4,True,False
1258059892964067437,Apartamento Sofisticado à Beira-Mar,Meia Praia,apartamento,4,3.0,9,,,,0,,0,True,True
1307892976415279790,Vista para o Mar a 50m da Praia,Não identificado,apartamento,3,2.0,6,,,,1,5.0,5,False,False
38514587,"Ap família /50 mts do Mar, spa e churrasqueira!",Meia Praia,apartamento,4,3.0,7,874.625,868.5097842105263,247.0,9,5.0,5,False,False
701243249365514750,Cabana Novo Amanhecer,Não identificado,casa,2,3.0,8,,,,0,,0,False,False
21621339,Apartamento em Meia Praia,Meia Praia,apartamento,2,2.0,6,,,,15,5.0,5,False,False
1278317570000344746,Apartamento em Itapema,Não identificado,apartamento,2,2.0,5,,,,0,,0,False,False
10969271,Apartamento 3 suítes c/ vista Mar,Não identificado,apartamento,3,6.0,8,,,,0,,0,False,False
1304367299559603295,Apto. com 3 suítes na quadra do mar em Meia Praia,Meia Praia,apartamento,3,3.0,6,,,,4,5.0,5,False,False
48345277,APARTAMENTO PLAY THE BEACH,Não identificado,apartamento,4,3.0,12,,,,9,4.110000133514404,4,False,False
1213080842711281763,Aconchegante flat de luxo com vista mar!,Não identificado,apartamento,1,1.0,2,,,,1,5.0,5,False,False
1307990676918354925,Apto em cond c/ piscina vista mar MHF2001,Centro,apartamento,1,1.0,4,607.0,605.7382008849557,226.0,3,4.670000076293945,4,False,True
999878029080069212,"Meia Praia, duas suites.",Meia Praia,apartamento,2,2.0,4,,,,0,,0,False,
1270356705472728655,Casa em Itapema.,Não identificado,casa,3,3.0,5,,,,1,5.0,5,False,False
30795921,Excelente 3 Suítes + Varanda Gourmet - Meia Praia,Meia Praia,apartamento,3,3.0,8,1500.0,1500.0,22.0,8,5.0,5,False,False
21091876,Lugar perfeito para temporada em Meia Praia - SC!,Meia Praia,apartamento,3,2.0,6,700.0,767.8160173160173,231.0,11,4.909999847412109,4,False,False
1288482464982273596,Ap em prédio à beira-mar!,Não identificado,apartamento,3,2.0,8,,,,0,,0,False,False
1267447886862969484,Itapema 252 em frente Russi & Russi,Não identificado,apartamento,3,3.0,8,,,,2,5.0,5,True,False
687757820659405525,"Apartamento novo e aconchegante, 250m do mar.",Meia Praia,apartamento,2,2.0,6,557.5,574.4518828451883,239.0,8,5.0,5,False,False
1084684660471816372,"Cabana com piscina, hidromassagem e café da manhã",Não identificado,casa,1,1.0,2,,,,1,4.0,4,False,True
1268356543846662992,Apartamento Litoral J&M,Não identificado,apartamento,2,1.0,6,,,,2,5.0,5,False,False
47150357,Apto de 3 quartos a 200 metros da praia.,Andorinha,apartamento,3,2.0,6,,,,5,4.400000095367432,4,False,False
28929249,"Kit net,confortável, Meia Praia, ITAPEMA",Meia Praia,apartamento,1,1.0,4,,,,227,4.840000152587891,4,False,False
1229783027824297960,Casa de temporada em itapema,Não identificado,casa,2,2.0,4,,,,3,5.0,5,False,False
1282027957414335220,Costa do Sol,Não identificado,apartamento,3,2.0,6,,,,1,5.0,5,True,False
52619006,"Apartamento Quadra mar
Rua 129E2
Itapema, Centro",Centro,apartamento,2,2.0,6,480.0,507.4166677777778,144.0,70,5.0,5,True,False
770131545986036241,Ap 03 suítes no Coração da Meia Praia!,Meia Praia,apartamento,3,3.0,8,900.0,971.5269487562189,201.0,36,4.920000076293945,4,True,False
41686810,Quarto em apartamento - Meia Praia - Rua 240,Meia Praia,outros,2,2.0,2,100.0,95.42372881355932,59.0,24,4.710000038146973,4,False,False
21383448,Apto Amplo c/ Wifi e AR em Meia Praia Perto do mar,Meia Praia,apartamento,3,2.0,8,,,,53,4.980000019073486,4,True,False
1013616590713546479,Belíssimo apartamento Meia Praia,Meia Praia,apartamento,4,3.0,8,,,,4,4.75,4,False,False
42840664,Suíte VIP Sacada em Frente ao mar,Não identificado,apartamento,1,1.0,2,,,,3,5.0,5,True,False
764376917677304019,Excelente frente mar !,Não identificado,apartamento,3,3.0,8,,,,7,4.860000133514404,4,False,True
1311385271976535628,Apto novo e bem localizado!,Meia Praia,apartamento,2,1.0,4,,,,1,5.0,5,False,True
792096103347120988,"Paraíso lindo, sol e mar.",Não identificado,apartamento,2,2.0,6,481.75,470.65,125.0,15,5.0,5,False,False
958585314340676290,Apartamento 3 Suítes Quadra Mar *075,Meia Praia,apartamento,3,3.0,7,,,,8,4.880000114440918,4,True,False
1292979639820528358,Apartamento em itapema,Não identificado,apartamento,1,1.0,4,,,,1,5.0,5,False,False
1047076421918890039,#054 Apto Meia Praia  (rua 240),Meia Praia,apartamento,3,2.0,10,,,,4,4.5,4,False,True
784821821299783202,Suíte pé na areia (não é espaço inteiro ),Não identificado,outros,1,1.0,2,,,,9,4.78000020980835,4,False,False
1276175886462563504,Apartamento 280 metros da praia,Não identificado,apartamento,2,4.0,8,,,,2,5.0,5,False,False
25918412,"Ap frente c/sacada, WI-FI, garagem, 1quadra dpraia",Meia Praia,apartamento,2,2.0,5,390.0,429.68489578125,64.0,37,4.889999866485596,4,True,False
956398979498945273,3 suítes a 150 metros do mar,Meia Praia,apartamento,3,3.0,8,500.0,477.11764705882354,102.0,17,5.0,5,True,False
1058535274367822537,Apto. Rua 271. quadra do mar,Não identificado,apartamento,3,2.0,8,,,,0,,0,False,False
1181450474313604315,Apartamento Meia Praia 500mt mar,Meia Praia,apartamento,4,2.0,8,,,,1,5.0,5,False,False
1218818467971940445,Apartamento na Meia Praia 2 Dorm,Meia Praia,apartamento,2,2.0,6,,,,0,,0,False,True
547281489077476284,"Apartamento novo, moderno e aconhegante.",Não identificado,apartamento,2,2.0,4,,,,11,5.0,5,False,False
1030481451149804053,"localização quadra/mar, 1 min a pé até a praia",Não identificado,apartamento,3,2.0,8,,,,3,5.0,5,False,False
27867004,Gaviao Pedra 503,Não identificado,apartamento,3,2.0,10,,,,3,5.0,5,False,False
54218940,Itapema 289/101 quadra mar,Não identificado,apartamento,3,2.0,8,,,,7,4.860000133514404,4,True,False
53043874,Apartamento Encantador - Meia Praia - Itapema,Meia Praia,apartamento,4,4.0,8,,,,13,5.0,5,False,False
1070343877574441166,Seu Ninho Praiano com 2 Suítes!,Não identificado,apartamento,2,2.0,5,300.0,317.5,33.0,12,5.0,5,True,False
1286405768854162028,Apto Frente Mar Centro Itapema,Centro,apartamento,4,3.0,10,,,,0,,0,False,
1257481023975911046,Pertinho do mar e churrasqueira,Meia Praia,apartamento,2,1.0,5,,,,4,4.75,4,False,False
32644324,Excelente imóvel em Itapema para suas férias.,Tabuleiro,apartamento,2,2.0,6,,,,203,4.769999980926514,4,False,False
30117708,Confortável,Não identificado,apartamento,4,3.0,10,,,,1,5.0,5,False,False
1247046420719729525,03 suítes na quadra mar em ITP,Não identificado,apartamento,3,3.0,8,,,,1,5.0,5,False,False
44165747,"Apto 2 Dorm, Gar 2 carros, Centro de Meia Praia",Meia Praia,apartamento,2,2.0,5,,,,8,4.880000114440918,4,False,False
807901303033876952,Aluguel para temporada itapema mínimo 10 diárias,Não identificado,apartamento,3,2.0,6,,,,0,,0,False,False
733514433976812864,Apartamento Top das Galáxias,Não identificado,apartamento,2,2.0,5,,,,8,5.0,5,True,False
805120730441681952,Apartamento no centro de Meia Praia itapema,Meia Praia,apartamento,3,2.0,6,,,,1,5.0,5,True,False
1094307053007905987,Apartamento mobiliado.,Não identificado,apartamento,3,2.0,8,,,,2,5.0,5,False,False
1282108677050958850,Apto moderno e equipado Itapema PF2379,Meia Praia,apartamento,2,2.0,6,,,,2,5.0,5,False,True
16566726,Apartamento FRENTE MAR em Itapema,Não identificado,apartamento,4,3.0,9,,,,1,5.0,5,False,False
1211041583203981859,Loft Container -Itapema SC,Não identificado,casa,1,1.0,2,,,,9,4.889999866485596,4,True,False
1283616910460903126,Saída direto para praia,Não identificado,apartamento,3,2.0,9,,,,0,,0,False,True
1186374250100288090,Novo e super equipado com linda vista em Itapema,Não identificado,apartamento,2,1.0,4,,,,8,5.0,5,True,False
53918137,"Meia praia, Apto  climatiz  frente rua, 130m mar",Meia Praia,apartamento,2,2.0,6,415.5,434.1505387096774,62.0,14,4.929999828338623,4,False,False
1313097441898276704,"Na Quadra Mar em Itapema, 3 dorm",Centro,apartamento,3,2.0,8,,,,0,,0,False,False
31359070,Amplo  Apartamento de frente para o Mar em Itapema,Não identificado,apartamento,4,4.0,10,,,,5,5.0,5,False,False
1018012011695779860,casa itapema,Não identificado,casa,2,1.0,6,,,,0,,0,False,False
723730363541361267,Melhor localização da MeiaPraia/VistaMar 500m orla,Meia Praia,apartamento,3,3.0,8,,,,7,5.0,5,False,False
1001382352686700814,Apartamento maravilhoso completo,Não identificado,apartamento,3,4.0,6,,,,0,,0,False,False
31430342,"APARTAMENTO NOVO EM MEIA PRAIA
Rua 240",Meia Praia,apartamento,2,2.0,7,450.0,463.9830508474576,59.0,12,5.0,5,False,False
827032525024041844,Ap perto da praia,Não identificado,outros,1,1.0,2,,,,0,,0,False,False
826079934498070369,Ap exclusivo para temporada,Não identificado,apartamento,3,4.0,8,,,,0,,0,False,False
1059261654377576396,Studio kitnet na garagem 101,Não identificado,apartamento,1,1.0,3,,,,0,,0,False,False
46088002,"(292) Meia Praia: 350m do mar, com ar-condicionado",Meia Praia,apartamento,2,3.0,5,648.0,648.0,159.0,103,4.829999923706055,4,True,True
1052316377617207925,Apartamento em Itapema/SC!,Centro,apartamento,2,2.0,6,,,,4,4.5,4,False,False
1316676139187881178,"Casa de sitio, próximo a praia.",Não identificado,casa,2,1.0,6,,,,1,5.0,5,False,False
816548646366675642,Apto Alto padrão  200 metros da praia,Não identificado,apartamento,3,2.0,5,,,,6,4.670000076293945,4,False,False
1240553834723755861,Apartamento frente ao mar,Não identificado,apartamento,2,2.0,4,,,,1,5.0,5,False,False
1061660313612584393,"Apto 301, 30 metros da praia, direto prop descont",Não identificado,apartamento,1,1.0,4,,,,1,5.0,5,False,False
1268333949441747573,apto 10 pessoas quadra mar,Não identificado,apartamento,4,3.0,12,,,,0,,0,False,False
968763887161579636,Apto em Meia Praia 400m mar,Meia Praia,apartamento,2,2.0,6,,,,2,5.0,5,False,False
703527486074504582,Preço justo e muito bem localizado em Itapema,Não identificado,apartamento,2,1.0,5,300.0,344.85115606936415,173.0,18,4.940000057220459,4,True,False
1313724251824326300,"Cobertura Duplex 4 Suítes Alto Padrão, Frente Mar",Meia Praia,apartamento,4,4.0,12,,,,0,,0,True,True
1081929057858455873,Lindo Apartamento na quadra mar!,Não identificado,apartamento,3,3.0,8,,,,0,,0,False,False
1145938005186269294,Amplo apto vista mar em Itapema,Centro,apartamento,3,2.0,6,,,,2,5.0,5,False,False
39745810,Apartamento Amplo e climatizado,Não identificado,apartamento,4,5.0,8,,,,0,,0,False,False
29989615,"Pé na Areia em Meia Praia, Itapema SC",Meia Praia,apartamento,3,2.0,8,,,,2,5.0,5,False,False
1220979237786390131,Apartamento frente mar,Meia Praia,apartamento,3,2.0,8,,,,2,5.0,5,False,False
1057921303854839296,Apto 3 quartos 80 metros do mar.,Não identificado,apartamento,3,2.0,8,,,,2,5.0,5,False,False
1318764315423986286,"Novo, alto padrão, próximo mar",Meia Praia,apartamento,1,1.0,4,,,,0,,0,False,False
1234163308515824235,Cobertura Mobiliada Pe na Areia,Meia Praia,apartamento,4,5.0,8,,,,0,,0,False,False
1281906611974571860,Quarto em hotel Frente mar,Centro,hotel,1,1.0,4,,,,0,,0,False,False
1276789839775235217,"Novo, Estiloso, 100% Mobiliado",Não identificado,apartamento,2,2.0,4,500.0,430.06976744186045,43.0,15,5.0,5,True,False
1163132009168177821,Apto frente mar em Itapema,Não identificado,apartamento,4,3.0,8,,,,1,5.0,5,True,False
37294563,"Ótima localização, climatizado 3 quartos, garagem.",Não identificado,apartamento,3,2.0,6,,,,5,5.0,5,False,False
1316642419978955466,Apartamento ótima localização,Não identificado,apartamento,2,1.0,6,,,,0,,0,False,False
1064415833040973756,Casa na praia alugo,Não identificado,casa,3,3.0,10,,,,1,5.0,5,False,False
1043713458053737844,"Apartamento na beira do mar em Meia Praia, Itapema",Meia Praia,apartamento,2,2.0,5,,,,4,5.0,5,False,False
1199996219082185363,Excelente apartamento em lugar tranquilo.,Morretes,apartamento,2,1.0,5,200.0,227.88484848484848,165.0,12,4.670000076293945,4,False,
1314787149382667536,Aluguel de Kitnet para Verão!,Não identificado,casa,1,1.0,3,,,,2,4.5,4,False,False
1083424325445690046,Lindo Apto em Itapema (Novo - Mobiliado jan/24),Meia Praia,apartamento,2,3.0,5,550.0,602.6234574074074,54.0,5,5.0,5,True,False
18735821,"Apartamento à 80m do mar, sacada lateral.",Não identificado,apartamento,2,2.0,8,250.0,250.61363636363637,44.0,10,4.199999809265137,4,False,False
1040593269888615683,"Ap. Quadra mar com
2 vagas de garagem, 101 m²",Meia Praia,apartamento,3,2.0,8,,,,7,5.0,5,False,False
670972349837021205,Apartamento de 3 suítes frente mar Meia Praia,Meia Praia,apartamento,3,3.0,8,,,,0,,0,False,False
917551937462777133,apartamento com vista ao mar.,Não identificado,apartamento,2,2.0,6,,,,0,,0,False,False
1050016944647787084,Apartamento de luxo Itapema/SC,Meia Praia,apartamento,3,4.0,7,,,,0,,0,False,False
1036955655225647222,Apartamento na quadra do mar,Não identificado,apartamento,2,2.0,6,500.0,463.07142857142856,70.0,12,4.829999923706055,4,True,False
1036245475735774882,Apartamento meia praia,Meia Praia,apartamento,2,2.0,6,,,,3,5.0,5,False,False
1311188688832400536,Apartamento Meia Praia Pé na Areia,Meia Praia,apartamento,4,4.0,12,,,,1,5.0,5,False,False
28429135,"Próximo mar,mercado,bcos,3 dorm 140m2 c/internet",Andorinha,apartamento,0,0.0,8,330.8,433.16878285714284,63.0,11,4.909999847412109,4,False,False
1020554963948833757,Amplo e sofisticado apartamento,Não identificado,apartamento,4,3.0,10,,,,4,4.75,4,False,False
1249280869300332434,Apartamento com vista para o mar,Não identificado,apartamento,3,3.0,8,,,,0,,0,False,False
30354217,Apto a 3 minutos da praia 🏖,Não identificado,apartamento,3,2.0,8,320.0,347.5740740740741,27.0,36,4.559999942779541,4,False,False
1263182730237407812,Apto Meia Praia-4 vagas garagem,Meia Praia,apartamento,4,3.0,12,,,,3,5.0,5,False,False
1046663580902381675,Apto  2 suites   Próximo mar,Não identificado,apartamento,2,3.0,6,,,,0,,0,False,
40482082,Cobertura com piscina e vista do mar em Itapema,Meia Praia,apartamento,2,3.0,5,,,,21,4.480000019073486,4,False,False
1290288247931203307,"Alto Padrão na Meia Praia - 3 Garagens, Ar e WiFi.",Meia Praia,apartamento,3,3.0,9,,,,0,,0,False,False
1234176985480942594,Apartamento há 20 metros do mar,Não identificado,apartamento,2,2.0,6,,,,0,,0,False,False
4635504,Great Apartment in Itapema,Não identificado,apartamento,2,2.0,4,,,,11,4.820000171661377,4,False,False
54404085,Apartamento no Centro de Itapema,Centro,apartamento,3,2.0,8,,,,0,,0,False,False
1065944631275468920,Férias na Praia,Não identificado,casa,3,2.0,10,,,,0,,0,False,False
33336758,Lindo 2 suítes aluguel temporada Meia Praia! *023,Meia Praia,apartamento,2,2.0,6,452.0,454.379539009901,101.0,29,4.860000133514404,4,True,False
923133320997277084,Infinity Tower Flat Meia Praia,Meia Praia,apartamento,0,1.0,4,550.0,427.07553956834533,139.0,24,5.0,5,True,False
47815499,Apartamento meia praia! Mín de 10 dias final ano!,Meia Praia,apartamento,2,2.0,6,,,,8,4.630000114440918,4,False,False
745632820094188215,Apartamento três suítes no coração da Meia Praia,Meia Praia,apartamento,3,3.0,8,800.0,726.7142857142857,28.0,7,5.0,5,False,False
1086855144095843601,VA Ap Moderno tudo novo AC 900m praia e área verde,Não identificado,apartamento,2,1.0,4,490.0,493.20833323529416,68.0,14,4.929999828338623,4,True,True
1312926515220952470,"Apto morretes, Itapema, Brasil",Morretes,apartamento,2,1.0,4,,,,0,,0,False,False
694947516825280143,Espaçoso e confortável Apartamento à100m da Praia,Não identificado,apartamento,3,2.0,8,330.0,330.9791666666667,48.0,24,5.0,5,True,False
766052072199682693,Apto com Vista Mar em Meia Praia,Meia Praia,apartamento,1,2.0,6,550.0,626.6770840277778,144.0,23,4.78000020980835,4,True,False
48158176,"Apartamento 100m do mar, próximo ao Burger King.",Meia Praia,apartamento,2,2.0,6,390.0,380.1388888095238,84.0,33,4.909999847412109,4,True,False
963947891845223019,Apartamento em Itapema,Meia Praia,apartamento,3,2.0,10,,,,0,,0,False,False
1313995106969296933,"Apt 420 m do mar, confortável",Não identificado,apartamento,2,2.0,4,,,,0,,0,False,False
925914258310920344,Apto de 2 Quartos em Meia Praia,Meia Praia,apartamento,2,1.0,6,,,,0,,0,False,False
1309417657149755613,Vista Mar com Acesso Privado á Praia em Meia Praia,Meia Praia,apartamento,2,1.0,4,,,,0,,0,True,False
52969803,Aconchego Agnes,Não identificado,apartamento,2,2.0,5,350.0,357.8333333333333,174.0,27,5.0,5,True,False
41126139,Aconchegante apartamento em Itapema (SC).,Centro,apartamento,0,0.0,5,,,,0,,0,False,False
1148765524500353762,Apartamento Frente mar Itapema,Não identificado,apartamento,3,1.0,12,,,,1,5.0,5,False,False
1316186007282390658,Flat Moderno e Confortável,Não identificado,apartamento,1,1.0,4,,,,0,,0,False,False
15734258,"Apto. Meia Praia Itapema, 3 quartos, ar, 2 vagas",Meia Praia,apartamento,3,2.0,8,,,,0,,0,False,False
1202816406536335003,Flat Infinity Tower Meia Praia 1004,Meia Praia,apartamento,0,1.0,4,,,,0,,0,True,False
1008864847930336278,Casa 438,Não identificado,casa,2,2.0,6,,,,0,,0,False,False
922622223296896524,Apto vista mar/ Itapema frente RUSSI,Meia Praia,apartamento,3,2.0,8,,,,3,4.670000076293945,4,False,False
1062921566903078805,Belíssimo apto c/ 04 Dormitórios,Não identificado,apartamento,4,3.0,12,,,,0,,0,True,False
26708551,Nilmare Apart Hotel - Apartamento tipo 0,Não identificado,apartamento,3,2.0,10,478.0,559.5928565714286,175.0,361,4.829999923706055,4,True,True
52025452,"Apt 3quartos, quadra mar, excelente localização",Meia Praia,apartamento,3,2.0,8,400.0,442.8237173076923,52.0,36,4.559999942779541,4,False,False
1039249741334810278,Apartamento Meia Praia rua do Shopping,Meia Praia,apartamento,3,4.0,10,,,,0,,0,False,False
939325387438995809,Apto quadra mar novo,Não identificado,apartamento,4,5.0,13,1200.0,1394.9720670391062,179.0,4,5.0,5,False,False
1211498868869932520,Apto de luxo 3 quartos itapema - meia praia,Meia Praia,apartamento,3,4.0,6,,,,0,,0,False,False
1292993601121137360,Apto aconchegante,Não identificado,apartamento,3,4.0,8,,,,0,,0,False,
15500038,Lindo Apartamento na quadra do Mar!,Não identificado,apartamento,3,2.0,9,428.2,508.6462341346154,208.0,25,4.880000114440918,4,True,False
1310966640884237142,Apartamento em meia praia.,Meia Praia,apartamento,3,2.0,8,,,,1,5.0,5,False,False
1001366525682248434,Melhor AP 3 suite reto ao shopping russi e russi,Não identificado,apartamento,3,4.0,10,,,,0,,0,False,False
1309611129200999325,Apartamento novo na Meia Praia,Meia Praia,apartamento,3,4.0,6,,,,1,5.0,5,False,False
759511217465301309,Apartamento encantador com 3 Suítes e 2 Vagas,Não identificado,apartamento,3,3.0,8,,,,0,,0,False,False
1312944639911263294,Suíte Réveillon/  meia praia,Meia Praia,outros,1,1.0,4,,,,0,,0,False,False
1162463827242033905,Itapema 289/103 quadra mar,Não identificado,apartamento,2,2.0,6,,,,1,5.0,5,True,False
1262383729665263313,"3 Suítes, 2 vagas, Alto Padrão, 2 minutos da Praia",Não identificado,apartamento,3,4.0,10,,,,8,5.0,5,True,True
15732070,Apto de Luxo a 20 metros da praia.,Não identificado,apartamento,3,3.0,6,766.5,769.668333,100.0,40,4.949999809265137,4,True,False
778842002947876931,"Meia Praia, 2 quartos - Res. Santa Maria",Meia Praia,apartamento,2,2.0,6,,,,1,4.0,4,False,False
48526011,Excelente Casa em Itapema SC,Não identificado,casa,3,2.0,10,500.0,556.6820507692307,65.0,17,4.880000114440918,4,False,False
1281153546154125196,Apartamento à beira mar Itapema,Não identificado,apartamento,2,2.0,6,,,,0,,0,False,False
10812059,"3 suítes na Meia Praia, Churrasqueira com Vista",Meia Praia,apartamento,3,3.0,8,,,,10,5.0,5,False,False
984846668146064982,Casa do lago perto da praia.,Centro,casa,4,5.0,10,974.3333,1021.6103728476822,151.0,4,5.0,5,False,False
29114516,Prédio em FRENTE AO MAR Itapema - Meia Praia,Meia Praia,apartamento,3,2.0,5,400.0,364.5740740740741,81.0,33,4.909999847412109,4,False,False
31116044,dk1 Casa 3 dorm Pisicna churr 2 vagas sinuca,Não identificado,casa,3,1.0,12,,,,4,4.0,4,False,False
1309581324578515590,Kitnet de Verão,Centro,casa,1,1.0,3,,,,1,1.0,1,False,False
888527868742432806,"AP em Itapema, 1 km da praia",Não identificado,apartamento,1,1.0,4,,,,4,4.75,4,True,False
1288374267745361208,Quarto confortável,Não identificado,outros,1,1.0,2,,,,0,,0,False,False
38971311,Lindo Apto Quadra Mar Centro Meia Praia Itapema/SC,Meia Praia,apartamento,2,2.0,6,,,,7,4.429999828338623,4,False,False
40298680,Apartamento em Itapema-SC,Não identificado,apartamento,2,1.0,6,,,,8,4.75,4,False,False
1293393457367207509,Apartamento,Não identificado,apartamento,2,2.0,4,,,,0,,0,False,False
960841637535061939,apartamento a 80m do mar,Não identificado,apartamento,2,2.0,8,,,,1,5.0,5,False,False
963054628265659928,"Apto em prédio frente ao mar, Meia Praia, Itapema",Meia Praia,apartamento,3,2.0,8,,,,1,5.0,5,True,False
41586617,Aluguel Temporada - Praia de Itapema/SC 🏖,Centro,apartamento,3,2.0,6,,,,2,5.0,5,False,False
47306948,"Apartamento de Luxo, 3 suítes, vista mar, Itapema",Não identificado,apartamento,3,3.0,6,,,,0,,0,False,False
52955273,Apartamento Alto Padrão 300m da Praia,Não identificado,apartamento,3,3.0,8,,,,0,,0,False,False
721000003000337530,"Geminada (nova) 2 quartos , 1 vaga - Morretes",Morretes,casa,2,1.0,6,,,,1,5.0,5,False,False
1321752049570348832,Do lado do mar,Não identificado,outros,1,2.0,2,,,,0,,0,False,False
53320899,Apto 3 quartos e 3 sacadas frente do mar Itapema,Não identificado,apartamento,3,2.0,9,,,,3,5.0,5,False,False
52262759,"Apartamento frente mar  pé na areia, meia praia",Meia Praia,apartamento,3,3.0,10,,,,1,5.0,5,False,False
46633406,Apartamento Beira Mar Itapema,Não identificado,apartamento,3,2.0,6,,,,2,4.5,4,False,False
1293349860236511246,Apartamento com vista para o mar,Não identificado,apartamento,4,1.0,10,,,,0,,0,True,False
1271949799457355450,"Férias, Família, Praia Sol e Mar",Não identificado,apartamento,2,2.0,6,,,,0,,0,False,False
1111626053814730010,"Apto c churrasqueira, 50m da praia Itapema EPO001",Não identificado,apartamento,3,2.0,6,612.0,716.0726744186046,172.0,8,4.75,4,False,True
1289222059126849451,"Apto 3 suítes, ótima localização - Itapema/SC",Não identificado,apartamento,3,0.0,6,,,,0,,0,False,False
1287287626939063617,apartamento 3 suítes meia praia,Meia Praia,apartamento,3,4.0,8,,,,0,,0,False,False
1059720292483100976,Apartamento 3 dormitórios,Não identificado,apartamento,3,2.0,8,,,,0,,0,False,False
1031245572964869323,Cantinho dos Tchê's,Não identificado,apartamento,3,2.0,6,,,,0,,0,False,False
1282615576178333475,Refúgio 150m do mar em Itapema,Centro,apartamento,3,3.0,8,,,,2,5.0,5,False,False
1313774771710708805,Casa com piscina,Meia Praia,casa,3,1.0,8,,,,0,,0,False,False
1303080996905668831,Apto aconchegante e funcional.,Não identificado,apartamento,2,2.0,6,,,,1,5.0,5,False,False
12067632,"Apto grande! 3 suites, 2vagas, até 8 pessoas",Não identificado,apartamento,3,3.0,8,720.0,721.1063067567568,74.0,21,5.0,5,False,False
1278507948518475714,Apartamento em Itapema! SC,Meia Praia,apartamento,3,2.0,8,,,,0,,0,False,False
1060288793250267218,"Ampla casa na praia, completa.",Não identificado,casa,1,1.0,5,,,,7,4.429999828338623,4,False,True
1057964852411462810,Sobrado geminado temporada 2,Meia Praia,casa,2,3.0,5,300.0,342.8186274509804,204.0,13,4.690000057220459,4,True,False
1323329039733622384,Apartamento em Meia Praia Itapema,Meia Praia,apartamento,3,2.0,8,,,,0,,0,False,False
1280276766939913444,4 suítes frente ao Mar,Não identificado,apartamento,4,4.0,10,,,,1,5.0,5,False,False
837846012155525926,Apartamento amplo 3 dormitórios,Não identificado,apartamento,3,2.0,9,400.0,411.3636363636364,44.0,10,4.599999904632568,4,False,False
23078040,APARTAMENTO PRÓXIMO AO MAR  ITAPEMA-SC,Não identificado,apartamento,3,2.0,7,800.0,774.074074074074,54.0,213,4.590000152587891,4,True,False
1284049938417204519,AP novo de 2 suítes.,Não identificado,apartamento,2,2.0,4,,,,1,5.0,5,False,False
1306527484021079571,Apartamento em Itapema,Não identificado,apartamento,2,2.0,4,,,,2,5.0,5,False,False
42239404,Lindo Apto no centro de Meia Praia a pouco mts mar,Meia Praia,apartamento,3,2.0,7,,,,1,5.0,5,False,False
1316831905020747925,Casa próximo à praia,Não identificado,casa,2,1.0,4,,,,1,5.0,5,False,False
805381324514930766,Apartamento Alto Padrão Frente Mar,Não identificado,apartamento,3,2.0,8,750.0,783.30729125,32.0,59,4.980000019073486,4,True,False
1279257338640004889,"Apartamento de 2 quartos, 1 banheiro",Não identificado,apartamento,2,1.0,6,,,,3,4.670000076293945,4,False,False
1259452900483933175,Apartamento Flet,Não identificado,apartamento,2,1.0,4,,,,0,,0,False,False
46566783,Apartamento espaçoso e perto da praia +/-150m,Não identificado,apartamento,3,3.0,10,,,,17,5.0,5,False,False
1315268761678890149,Apartamento mobiliado completo,Não identificado,apartamento,2,2.0,5,,,,1,5.0,5,False,False
1087116894120974285,Suite container,Não identificado,outros,1,1.0,2,,,,3,4.329999923706055,4,False,False
1228579526649749239,Apartamento itapema,Não identificado,apartamento,2,2.0,6,,,,0,,0,False,False
42515348,"Top! 4 Quartos, perto do shopping Russi & Russi",Meia Praia,apartamento,4,3.0,12,900.0,840.4761904761905,63.0,28,5.0,5,True,False
1307396902018325411,Apartamento 3 quadras da praia,Não identificado,apartamento,2,2.0,6,,,,1,5.0,5,False,False
805726391815686158,Apartamento em Itapema | Vista mar e ar,Não identificado,apartamento,2,2.0,5,399.0,389.6,135.0,6,5.0,5,False,False
42735835,MEIA PRAIA Centro lindo  2 Qtos  Vista p MAR,Meia Praia,apartamento,2,2.0,5,200.0,249.0,33.0,87,4.849999904632568,4,True,False
1318396160993271480,Apartamento 50m da praia!,Não identificado,apartamento,2,2.0,6,,,,0,,0,False,False
41060336,Aconchegante! Itapema,Meia Praia,casa,2,2.0,5,,,,17,5.0,5,True,False
30785010,"Apto 2 dormitórios completo, pé na areia. Apto 7",Não identificado,apartamento,2,2.0,6,430.0,524.8525179856115,139.0,46,4.829999923706055,4,False,False
40835980,"3 Suítes, vaga dupla gar., Meia Praia, Itapema/SC",Meia Praia,apartamento,3,3.0,8,,,,1,5.0,5,False,False
1052912761207502450,B) quadra mar centro de Itapema/SC,Centro,apartamento,3,2.0,7,,,,1,5.0,5,False,False
1302822771090631328,Vista para o mar,Não identificado,apartamento,4,4.0,8,,,,0,,0,False,False
1248634457200208684,Apartamento novo 3 suítes,Não identificado,apartamento,3,4.0,8,,,,0,,0,False,False
1321781665233199185,Meia Praia 3 Suítes,Meia Praia,apartamento,3,3.0,9,,,,0,,0,True,False
729663458450271713,Apartamento tamanho família na quadra do mar,Meia Praia,apartamento,4,3.0,10,,,,0,,0,False,False
773986911749214420,Ótima localização em Meia Praia,Meia Praia,apartamento,2,2.0,6,,,,3,4.670000076293945,4,False,False
1320995339425720277,Apto Vista Mar c/ Churrasqueira MHF1908,Centro,apartamento,2,1.0,4,672.0,742.5435648514851,202.0,1,5.0,5,False,True
774739767156064413,Apartamento em Itapema,Não identificado,apartamento,2,2.0,6,,,,5,5.0,5,True,False
1311099643317095318,Apto locação temporada,Não identificado,apartamento,2,2.0,4,,,,1,5.0,5,False,False
53356928,Meu pequeno paraíso.,Meia Praia,apartamento,3,2.0,6,,,,3,5.0,5,False,False
979967869501829090,Apartamento 50 metros do mar !,Meia Praia,apartamento,3,2.0,10,,,,5,4.800000190734863,4,False,False
771107086495739413,Clube do Mar-rua 224-Itapema Meia Praia Apto 201 A,Meia Praia,apartamento,2,1.0,4,,,,16,4.380000114440918,4,True,False
21664523,Apartamento Beira-Mar,Meia Praia,apartamento,4,3.0,10,,,,0,,0,False,False
1085348122147915155,Infinity Tower Flat - 1407,Meia Praia,apartamento,1,1.0,4,,,,0,,0,False,
30466884,"Apto frente p o mar, em Itapema - DISPONÍVEL",Não identificado,apartamento,3,2.0,7,,,,0,,0,False,False
1188476386889166335,Apartamento estiloso com vista mar Itapema MHF1704,Centro,apartamento,1,2.0,4,607.0,599.7974958549223,193.0,12,4.75,4,False,True
1321643417058221287,Apto Confortavel 500m do Mar,Não identificado,apartamento,2,1.0,6,,,,0,,0,False,False
10939638,Apto com 2 Quartos a 15m da Praia,Centro,apartamento,2,1.0,5,,,,50,4.659999847412109,4,False,False
827598917856589723,Apartamento charmoso,Não identificado,apartamento,2,3.0,6,,,,2,5.0,5,False,False
1260668525649650706,Apartamento em Meia Praia,Meia Praia,apartamento,2,1.0,4,,,,1,4.0,4,False,False
1192203546642091539,Apartamento praia centro itapema,Centro,apartamento,3,2.0,8,,,,4,4.75,4,False,False
36470124,Apto  Meia Praia a 350 mts da Praia,Meia Praia,apartamento,3,2.0,6,,,,0,,0,False,False
1275368456135849426,Apartamento a 800 m. Do mar,Não identificado,apartamento,2,1.0,4,,,,0,,0,False,False
1049957766939803349,Apartamento de praia,Meia Praia,apartamento,3,2.0,6,,,,3,5.0,5,False,False
965258538716677226,"Cabana Refúgio Dellarosa 
Itapema SC",Não identificado,casa,1,1.0,2,590.0,624.6976744186046,86.0,16,4.809999942779541,4,True,False
939218400123538892,Apartamento Central Itapema,Não identificado,apartamento,2,1.0,5,350.0,444.11764705882354,34.0,6,5.0,5,False,False
1293549528996953006,Apartamento Meia Praia,Meia Praia,apartamento,2,1.0,8,,,,0,,0,False,False
622604387999781301,Novíssimo Apartamento  no Coração da Meia Praia,Meia Praia,apartamento,2,3.0,6,,,,1,5.0,5,False,False
942799468059853700,aconchegante e chamoso,Não identificado,apartamento,3,2.0,8,,,,1,5.0,5,False,False
48601349,A dois passos do Paraíso - Meia Praia/Itapema/SC,Meia Praia,apartamento,3,2.0,6,,,,10,4.800000190734863,4,False,False
36698654,Apto de alto padrão frente mar em Meia Praia - SC,Meia Praia,apartamento,4,4.0,12,1600.0,1540.9772727272727,44.0,14,4.789999961853027,4,False,False
1042023715493333539,Apto. Luxo | 3 Suítes | 150 m mar | Meia Praia -SC,Meia Praia,apartamento,3,3.0,8,,,,2,5.0,5,False,False
21545686,"Apartamento em Itapema SC, perto do mar, wifi e tv",Centro,apartamento,2,1.0,5,269.0,321.54055555555556,180.0,92,4.760000228881836,4,True,False
1323401571036927098,Apartamento  Meia Praia,Meia Praia,apartamento,2,2.0,6,,,,0,,0,False,False
30494198,"3 minutos do mar, Ar nos 3 quartos, Churrasqueira",Não identificado,apartamento,3,2.0,7,520.0,470.85167464114835,209.0,29,4.789999961853027,4,False,False
40793369,Quarto em Itapema na melhor praia!,Não identificado,outros,1,1.0,3,,,,3,5.0,5,False,False
46686898,APARTAMENTO  ÓTIMA LOCALIZAÇÃO MEIA PRAIA,Meia Praia,apartamento,3,3.0,7,,,,2,5.0,5,False,False
1309452425296796883,APÊ 701 - seu refúgio em Itapema,Não identificado,apartamento,2,2.0,5,,,,0,,0,True,False
1229859382554577590,Casa com Piscina - 700metros da Praia Central,Não identificado,casa,0,1.0,12,,,,1,5.0,5,True,False
1290111097559807016,Quarto 50 m da praia! Preço top,Não identificado,outros,1,0.0,2,,,,0,,0,False,False
23343001,Apartamento MODERNO com VISTA para o MAR,Meia Praia,apartamento,3,3.0,8,600.0,568.4976303317535,211.0,80,4.889999866485596,4,False,False
1306861475702551090,Apto Meia Praia - 200m do mar,Meia Praia,apartamento,3,2.0,8,,,,0,,0,False,False
47442612,Apto 3 dorm complet - 100m Praia - Meia Praia,Meia Praia,apartamento,3,2.0,7,,,,0,,0,False,False
999226382307972271,Residencial Piazza Mayor Ap 1604,Não identificado,apartamento,2,2.0,5,500.0,466.67180616740086,227.0,16,4.809999942779541,4,True,False
809946874989632205,"Reserva Embauva
Cabana Águas Claras",Não identificado,casa,1,1.0,2,370.0,380.00666666666666,75.0,24,5.0,5,True,False
1062395236913376015,AP300m Mar Próximo Havan Itapema,Não identificado,apartamento,2,2.0,5,,,,6,4.329999923706055,4,False,False
1291260491712535142,Apartamento de alto padrão,Meia Praia,apartamento,3,4.0,8,,,,0,,0,False,False
1282721810691437355,Apartamento quadra mar em Meia Praia,Meia Praia,apartamento,3,2.0,7,,,,1,5.0,5,False,False
1310174559824916300,Cabana em Meia-Praia/SC,Não identificado,casa,3,2.0,6,,,,2,5.0,5,False,False
1056827534457537585,Casa para aluguel  Itapema SC.,Não identificado,casa,2,1.0,4,349.0,359.8315603829787,235.0,17,4.880000114440918,4,True,False
47765127,Apto. Novo em Meia Praia/Duas Suítes/Duas Garagens,Meia Praia,apartamento,2,3.0,5,,,,3,4.670000076293945,4,False,False
1291430353539550065,Ap Novo Meia Praia 390metros mar,Meia Praia,apartamento,3,3.0,8,,,,1,5.0,5,False,False
1162368192513120905,chalé privativo com garagem,Não identificado,casa,1,1.0,3,,,,3,4.329999923706055,4,True,False
1304433283397417052,Apartamento Vista Mar c/ Churrasqueira DNL0602,Não identificado,apartamento,2,2.0,6,967.25,1105.9441176470589,170.0,2,5.0,5,False,True
1000145696139286782,"Apto frente mar, 5 dormitórios",Não identificado,apartamento,5,4.0,10,,,,4,4.75,4,False,False
1123351596385651099,Quadra Mar e com conforto com desconto acima de 6,Não identificado,apartamento,3,2.0,11,,,,2,5.0,5,False,False
1211516641845060963,Ótimo apto com WiFi à 550m do mar em Itapema/SC,Meia Praia,apartamento,2,2.0,4,,,,0,,0,False,True
764594935323413891,Apartamento Itapema Meia Praia,Meia Praia,apartamento,3,1.0,6,,,,3,5.0,5,True,False
30916169,"5 quartos,frente ao mar!Até 12 pessoas na rua 209!",Não identificado,apartamento,5,3.0,12,,,,24,4.75,4,False,False
802047490248101970,Cheirinho de novo! Conforto e Limpeza garantidos.2,Meia Praia,apartamento,2,2.0,6,250.0,251.5529411764706,85.0,22,5.0,5,True,False
32234626,Casa Familiar Meia Praia | Ar Condicionado | WiFi,Meia Praia,casa,3,2.0,6,380.0,402.36842105263156,38.0,44,4.929999828338623,4,True,True
39176080,Itapema! Apartamento de Luxo próximo ao Mar,Meia Praia,apartamento,4,3.0,8,,,,0,,0,False,False
1285127411265723715,Quarto (n° 1) até 6 hóspedes com ar,Meia Praia,outros,1,2.0,6,,,,3,4.670000076293945,4,True,False
1242713378625026725,Apto moderno a 280m da Praia em Itapema MHF0805,Centro,apartamento,1,1.0,4,660.0,636.9579281553398,206.0,8,4.75,4,False,True
1126828984504048053,Cobertura - Frente para o mar,Meia Praia,apartamento,5,5.0,12,,,,0,,0,True,False
1122906973373442872,Novo 3Qtos vista panorâm Itapema,Centro,apartamento,3,2.0,6,,,,1,5.0,5,False,False
22739656,Apartamento 03 dormitórios  FRENTE MAR,Meia Praia,apartamento,3,2.0,8,1280.0,1243.655617679558,181.0,41,4.829999923706055,4,False,False
1008079515072728451,"Apartamento pé na areia, Itapema",Não identificado,apartamento,3,2.0,8,,,,0,,0,False,False
973211284957140427,Apartamento Quadra Mar 3 suítes,Não identificado,apartamento,3,3.0,6,,,,0,,0,False,False
1302832759972608416,Apartamento quadra mar,Meia Praia,apartamento,3,2.0,8,,,,0,,0,False,False
1308089212728893994,Ap Itapema - Quiosques Beira-mar,Não identificado,apartamento,3,2.0,6,,,,0,,0,False,False
817856745947831093,Apartamento com vista para o Mar,Não identificado,apartamento,2,2.0,5,,,,0,,0,False,False
46731696,Apartamento Pé na Areia,Não identificado,apartamento,4,3.0,9,,,,2,4.5,4,False,False
1224838484756175094,Otimo Ap 80 M da Praia,Não identificado,apartamento,2,2.0,4,,,,1,5.0,5,False,False
1197798435674435665,Na frente do mar em Itapema,Meia Praia,apartamento,3,2.0,10,,,,0,,0,False,False
1010960424222368050,Apto lindo quase pé na areia,Não identificado,apartamento,3,2.0,8,,,,7,4.860000133514404,4,True,False
31083925,"Lindo 3 suites e 2 vag, 1 1/2 qd do mar e 1/2 koch",Meia Praia,apartamento,3,3.0,10,,,,2,5.0,5,False,False
1138471071714027004,Apartamento Centro Meia Praia,Meia Praia,outros,2,2.0,6,,,,6,5.0,5,False,False
4758094,Itapema/SC - Residencial Itapema,Não identificado,apartamento,1,1.0,4,,,,2,4.0,4,False,False
53280496,"Apto 401: vista mar e churrasqueira, 20m da praia",Não identificado,apartamento,3,2.0,7,380.0,383.65846983606554,61.0,12,5.0,5,False,False
22245880,Alto Padrão Vista Panorâmica Pé na areia! CA1001,Meia Praia,apartamento,3,3.0,8,1220.5,1334.3490235294119,170.0,63,4.900000095367432,4,False,True
970349784670686464,Apartamento na Meia Praia,Meia Praia,apartamento,2,2.0,6,,,,8,5.0,5,False,False
1308111035777092645,Linda Cobertura Duplex 6 Suítes,Meia Praia,apartamento,6,6.0,12,,,,0,,0,False,False
1232764608318047784,Linda casa 150 metros do mar,Meia Praia,casa,7,4.0,16,,,,4,5.0,5,False,False
1267655586354072570,Aluguel temporada Meia Praia -SC,Meia Praia,apartamento,2,2.0,5,,,,0,,0,False,False
1270349748357946766,Apartamento novo na meia praia - 3 suítes,Meia Praia,apartamento,3,3.0,6,,,,2,5.0,5,False,False
719569644077465274,Apartamento aconchegante e elegante,Não identificado,apartamento,0,0.0,6,,,,3,4.670000076293945,4,True,False
955252501425290239,Prédio Frente Mar Centro Itapema,Centro,apartamento,3,2.0,10,,,,0,,0,False,True
17512358,Excelente vista em Itapema!,Meia Praia,apartamento,2,2.0,6,,,,79,4.940000057220459,4,True,False
1248593272247115513,Apto Res. Paradiso em Itapema,Não identificado,apartamento,1,1.0,3,,,,0,,0,True,False
1038940330110057251,Lindo apartamento Quadra Mar MP,Meia Praia,apartamento,2,2.0,6,,,,0,,0,False,False
37153670,Apto na Meia Praia c/ Vista do Mar - 3 quartos,Meia Praia,apartamento,3,2.0,8,400.0,386.8018867924528,53.0,25,4.920000076293945,4,False,False
953508817720867443,Belo Apartamento Morretes,Morretes,apartamento,3,3.0,6,,,,4,4.75,4,False,False
1304224497885541506,Apto Itapema - 2 quartos e 2 Bwc,Não identificado,apartamento,2,2.0,6,,,,1,5.0,5,True,True
1303141680188349098,Ap. aconchegante em Meia Praia,Meia Praia,apartamento,2,2.0,6,,,,0,,0,False,False
1021763794961945621,Itapema no miolo da meia praia melhor localização,Meia Praia,apartamento,3,3.0,6,,,,9,4.889999866485596,4,True,False
938864231710660230,Um lar pertinho do mar!,Meia Praia,apartamento,2,2.0,4,,,,2,5.0,5,False,False
1298697184193258929,Apartamento Meia Praia-SC.,Meia Praia,apartamento,2,3.0,4,,,,0,,0,False,False
40299948,Apartamento com ar condicionado a 40m da praia,Não identificado,apartamento,3,2.0,8,,,,0,,0,False,False
44192417,Aconchegante apartamento a 150 metros do mar.,Meia Praia,apartamento,2,2.0,7,310.0,339.7692307692308,39.0,6,5.0,5,False,False
39109062,"Lindo Apto,  4 Suítes, 3 Vagas, 40m praia",Não identificado,apartamento,4,4.0,12,1400.0,1499.9111097435896,195.0,12,4.920000076293945,4,False,False
1281305260723707646,Apartamento Itapema - Meia Praia,Meia Praia,apartamento,3,4.0,10,,,,1,5.0,5,False,False
1073738095860409206,Otima opção!,Meia Praia,apartamento,3,2.0,8,,,,2,5.0,5,False,False
1294983267125990606,Apartamento 3 suítes alto padrão,Não identificado,apartamento,3,4.0,6,,,,0,,0,False,False
803403468437987911,LOFT em Itapema à 7min da praia,Não identificado,casa,1,1.0,2,371.0,377.24657534246575,73.0,21,5.0,5,True,False
27704027,Aluguel Apto Itapema 80 metros do mar!,Não identificado,apartamento,3,3.0,14,800.0,751.8098481818182,220.0,24,4.960000038146973,4,False,False
1187813735726067477,Refúgio em Meia Praia,Meia Praia,apartamento,3,2.0,8,,,,2,5.0,5,False,False
827533315826218276,Apto vista mar - 30 mt da praia,Meia Praia,apartamento,2,2.0,5,,,,0,,0,False,False
1034253092424551076,Apto completo bem  localizado.,Meia Praia,apartamento,2,3.0,6,,,,2,5.0,5,True,False
1318319689668160068,(315) Quadra Mar para 6 pessoas,Não identificado,apartamento,2,1.0,6,,,,1,4.0,4,True,True
29986734,Apto aconchegante em Meia Praia Itapema,Meia Praia,apartamento,2,2.0,8,,,,17,4.940000057220459,4,False,False
52627650,Apartamento inteiro - 800m da Meia -Praia/Itapema,Não identificado,apartamento,1,1.0,3,350.0,356.9583333333333,12.0,50,4.800000190734863,4,False,False
1311167400819391829,Apto quadra mar novíssimo,Não identificado,apartamento,3,3.0,8,,,,2,5.0,5,False,False
1014537121391808016,Apartamento 800mt praia central,Não identificado,apartamento,2,1.0,4,,,,0,,0,False,False
47567640,Aconchegante apto pé na areia para até 10 pessoas,Meia Praia,apartamento,3,3.0,4,,,,6,4.829999923706055,4,False,False
1268889705366032062,aconchegante,Não identificado,casa,2,2.0,6,1000.0,1005.0625,128.0,0,,0,False,False
1057962914787354980,Apto Quadra Mar.,Não identificado,apartamento,3,2.0,6,,,,0,,0,False,False
1023065271121623234,Apartamento em Meia Praia - Itapema,Meia Praia,apartamento,3,2.0,9,,,,3,4.0,4,False,False
1014054431960718116,Apto 2° Prédio da Beira-mar.,Não identificado,apartamento,3,1.0,6,,,,4,5.0,5,False,False
1055164346252405793,apartamento para ferias itapema,Meia Praia,apartamento,2,2.0,4,,,,2,5.0,5,False,False
25109763,Lindo apto frente para o mar em Itapema Meia Praia,Meia Praia,apartamento,2,2.0,6,,,,3,5.0,5,True,False
742766344121956195,Casa com 2 quartos e churrasqueira.,Não identificado,apartamento,2,2.0,4,,,,1,5.0,5,False,False
816613605644920543,Casa frente ao mar de itapema,Não identificado,casa,4,5.0,12,1800.0,1710.0,80.0,5,5.0,5,False,False
16527828,Lindo Apto 4 quartos frente mar alto padrão,Meia Praia,apartamento,4,3.0,8,1050.0,1055.7931034482758,87.0,18,4.829999923706055,4,False,False
1183673550969518157,"suíte+ areas comuns, Seja Bem vindo!",Não identificado,outros,1,1.0,4,,,,1,5.0,5,False,False
833187023897306300,"Apartamento Aconchegante
Meia Praia Itapema Sc",Meia Praia,apartamento,2,1.0,5,,,,2,4.5,4,False,False
1292800313128383230,Apartamento 4 suítes Meia Praia,Meia Praia,apartamento,4,5.0,8,,,,2,5.0,5,False,False
16270332,Casa completa para 11 pessoas - Verão em Itapema,Não identificado,casa,4,2.0,11,900.0,896.2962962962963,54.0,43,4.809999942779541,4,True,False
1286433061620564612,Apto 20 mtos do Mar Meia Praia,Meia Praia,apartamento,3,2.0,8,,,,0,,0,False,
53240300,Amplo Apartamento em Itapema - Meia Praia,Meia Praia,apartamento,3,3.0,14,990.0,1003.719212315271,203.0,15,4.929999828338623,4,False,False
1043391376387909694,Apartamento com 02 dormitórios,Meia Praia,apartamento,2,2.0,5,,,,1,5.0,5,True,False
35912580,"Apartamento em
Meia Praia/ Itapema.",Meia Praia,apartamento,3,2.0,8,350.0,327.8157894736842,38.0,13,5.0,5,False,False
753461577197808016,Lindo apê a 50 metros da praia (1 min. a pé ),Meia Praia,apartamento,3,2.0,6,980.0,875.6317073170732,205.0,16,5.0,5,True,False
1009298477241490681,Apartamento frente mar,Não identificado,apartamento,3,3.0,8,,,,1,5.0,5,False,False
41888100,"QUADRA MAR, 2 quartos, Meia Praia, Itapema",Meia Praia,apartamento,2,2.0,6,531.0,552.9491448717949,78.0,126,4.869999885559082,4,True,False
1313618372976960047,Meia Praia área nobre!,Meia Praia,apartamento,3,3.0,7,,,,0,,0,False,False
1290129225803180140,Kit-net,Não identificado,casa,2,1.0,4,,,,0,,0,False,False
1211542656704552749,Apartamento Itapema/meia praia,Meia Praia,apartamento,3,2.0,9,,,,0,,0,False,False
746562870945906511,Lindo Apto em Meia Praia a 150 metros do mar!,Meia Praia,apartamento,3,4.0,8,,,,3,5.0,5,False,False
1197779971496056408,"Apartamento em Meia Praia, Itapema",Meia Praia,apartamento,3,4.0,7,,,,1,5.0,5,False,False
54081600,"Casa de 4 quartos amplos,ar split a 200 m da praia",Não identificado,casa,4,2.0,12,,,,1,5.0,5,False,False
771579861882586110,Apartamento em meia praia,Meia Praia,apartamento,4,3.0,10,,,,0,,0,False,False
839184834439414765,"Suíte priv. Ap comp.
700m praia check-out  18h Dom",Não identificado,outros,1,1.0,2,150.0,154.71428571428572,42.0,37,5.0,5,False,False
29341170,"APTO COM AR COND. WI-FI, TV SMART, ÁREA DE LAZER.",Não identificado,apartamento,2,1.0,5,349.0,408.7826086956522,46.0,81,4.880000114440918,4,False,True
1304431241953712436,Apartamento novo 3 Suítes,Não identificado,apartamento,3,1.0,6,,,,0,,0,False,False
42588365,Meia Praia  3 Qtos Central poucos metros Praia,Meia Praia,apartamento,3,2.0,6,390.0,427.79402509433964,106.0,130,4.920000076293945,4,True,False
667324814851452653,"Apartamento encantador, 3 suítes, vista para o mar",Não identificado,apartamento,3,3.0,12,875.0,884.7117647058824,170.0,6,5.0,5,False,False
1226473458721297844,"Quarto, Morretes próximo a Havan",Morretes,outros,1,1.0,2,,,,3,5.0,5,False,False
1107502562777712197,"Apartamento vista mar Itapema, 3 min a pé do mar",Meia Praia,apartamento,2,2.0,6,,,,0,,0,False,False
50243281,Apto Novo e Espaçoso - 3 suítes. Para família.,Não identificado,apartamento,3,3.0,6,467.0,513.6,35.0,10,5.0,5,False,False
1038373281586080429,Amplo apartamento quadra mar,Não identificado,apartamento,3,3.0,8,,,,1,5.0,5,False,False
1068291825776382789,Ap vista pro mar,Não identificado,apartamento,3,3.0,6,,,,2,5.0,5,False,False
1306556941639987984,morada do sol,Não identificado,apartamento,2,1.0,4,,,,0,,0,False,False
1055816960029746165,TOP 16ºandar 650 metros da praia,Não identificado,apartamento,2,1.0,4,,,,4,4.5,4,True,False
613221032690703355,"Novo, luxo, quadra mar (c vista), 3 suítes, 3vagas",Meia Praia,apartamento,3,3.0,8,801.0,737.7751566037736,106.0,23,4.909999847412109,4,True,False
1213820110443745185,"Apartamento itapema 
Próximo ao mar",Meia Praia,apartamento,2,1.0,6,,,,0,,0,False,False
784768505899236022,Luxo no Coração da Meia-Praia,Meia Praia,apartamento,4,5.0,9,,,,0,,0,False,False
1248508282032800302,Lindo Apartamento beira-mar,Meia Praia,apartamento,1,2.0,4,,,,1,5.0,5,False,False
1002178994566123489,Apartamento com vista mar Ar condicionado e WiFi,Centro,apartamento,2,2.0,5,,,,3,4.670000076293945,4,False,False
1268082071847685551,Apartamento 5 minutos da praia,Não identificado,apartamento,2,2.0,6,,,,2,5.0,5,False,False
685453809891549636,Magnifico apartamento a uma quadra do mar,Não identificado,apartamento,3,4.0,9,,,,0,,0,False,False
1297226475865304273,"Quadra do mar,  excelente local.",Não identificado,apartamento,3,3.0,8,,,,1,5.0,5,False,False
1300311449989355136,Rua246,Não identificado,apartamento,4,3.0,10,,,,0,,0,True,False
46677384,"Apto em Meia Praia, amplo a 70 metros do mar!",Meia Praia,apartamento,2,2.0,5,,,,1,5.0,5,False,False
791363554378785195,Apartamento meia praia Itapema,Meia Praia,apartamento,3,2.0,6,,,,4,5.0,5,False,False
1001457436010199624,Lindo Apartamento em Meia Praia.,Meia Praia,apartamento,3,2.0,6,,,,2,4.0,4,True,False
39059902,"Lindo AP na Rua 222 n° 115, AP 101 m², 01 VAGA",Meia Praia,apartamento,3,2.0,8,750.0,599.2564102564103,78.0,14,4.860000133514404,4,False,False
1268008861497073326,Residencial Josephina,Não identificado,apartamento,3,2.0,8,,,,0,,0,False,False
1046548115446024729,Apartamento com 2 quartos 1 banheiro,Não identificado,outros,1,1.0,1,,,,1,5.0,5,False,False
1313064371372817918,Apto Elegante c/ vista mar a 280m da Praia MHF1807,Centro,apartamento,1,1.0,4,880.0,976.031746031746,252.0,2,5.0,5,False,True
1004353684494328431,Seu refúgio na praia te espera!,Não identificado,apartamento,2,2.0,6,,,,3,5.0,5,False,False
31115702,"Apartamento a 60m da praia, simples e aconchegante",Não identificado,apartamento,2,1.0,7,300.0,339.07608695652175,46.0,27,4.590000152587891,4,True,False
1219655958873769070,Apto aconchegante a 280m da Praia - MHF1409,Centro,apartamento,2,2.0,6,660.16665,709.1632304123711,194.0,16,4.5,4,False,True
1277863717185313641,Seu refúgio no litoral,Não identificado,apartamento,3,3.0,8,,,,0,,0,False,False
1304967004078627456,Apartamento em Itapema (Novo),Não identificado,apartamento,2,2.0,6,,,,1,5.0,5,False,False
1279100959475752460,Apto espaçoso com vista área ext,Não identificado,apartamento,3,0.0,6,,,,1,5.0,5,False,False
667497066181493943,"200 mts do Mar, em Meia Praia, ideal para grupos",Meia Praia,apartamento,3,2.0,10,,,,74,4.96999979019165,4,True,True
1321706007508798489,Casa aconchegante!,Não identificado,casa,2,1.0,6,,,,0,,0,False,False
1040557526311926033,Frente mar em Itapema.,Meia Praia,apartamento,2,2.0,7,,,,1,5.0,5,False,False
755847660472987641,"Apartamento Meia Praia
75 metros do mar",Meia Praia,apartamento,3,2.0,8,,,,5,4.800000190734863,4,False,False
1011452323460746831,Apto no coração da meia praia,Meia Praia,apartamento,3,4.0,8,,,,0,,0,False,False
31167122,apartamento ate 6 pessoas 100m da praia de itapema,Meia Praia,apartamento,2,2.0,6,,,,13,4.769999980926514,4,False,False
1061046394693913896,Apartamento encantador - Itapema,Não identificado,apartamento,4,4.0,9,,,,3,5.0,5,False,False
31020529,COBERTURA com belíssima vista para o mar e jacuzzi,Não identificado,apartamento,4,4.0,10,,,,13,4.920000076293945,4,False,False
1295050448286805032,Apto completo Meia Praia Itapema,Meia Praia,apartamento,3,2.0,6,,,,0,,0,False,False
1317628952865329668,Apartamento no coração de meia praia. 4 Suítes.,Meia Praia,apartamento,4,4.0,12,,,,1,5.0,5,False,False
1191386301072209798,Apto Vista Mar em Edifício de Luxo MHF1903,Centro,apartamento,1,1.0,4,600.0,593.15463,180.0,22,4.860000133514404,4,False,True
825382552172715801,Suíte Privativa a 7 Minutos a Pé da Praia,Não identificado,outros,1,1.0,2,,,,11,5.0,5,True,False
1213004624007730769,Apto moderno próximo a praia de Itapema PQ6542,Centro,apartamento,2,2.0,4,,,,2,5.0,5,False,True
21828399,A uma quadra do mar.,Não identificado,casa,3,2.0,10,,,,0,,0,False,False
1055976456049597702,Loft Container - próximo a praia Itapema,Não identificado,outros,1,1.0,2,,,,0,,0,False,False
1064312269850558226,Apto no centro de Meia Praia,Meia Praia,apartamento,3,2.0,8,,,,0,,0,False,False
1308171203618991870,"apartamento 3 quartos!
Frente rua no 6° andar",Não identificado,apartamento,3,2.0,6,,,,0,,0,False,False
54235622,"Aluguel de temporada em Itapema, lugar tranquilo",Não identificado,casa,3,1.0,6,,,,5,5.0,5,True,False
1208757710030861160,Belo studio charmoso vista mar Itapema MHFB0604,Centro,apartamento,1,1.0,2,372.0,389.2944985436893,206.0,4,5.0,5,False,True
1297898752326109320,Confortável Apto Meia Praia,Meia Praia,apartamento,3,2.0,9,,,,0,,0,False,False
674665840109609741,STYLLUS Ap 2 quartos em Itapema,Morretes,apartamento,2,2.0,5,,,,1,5.0,5,True,False
22347879,Morada Gaivota na praia de Ilhota em Itapema,Ilhota,apartamento,1,1.0,4,,,,83,4.980000019073486,4,True,False
953770908066855065,Apart. Residencial Jardim Guarujá- Meia praia-SC,Meia Praia,apartamento,3,2.0,6,,,,4,5.0,5,False,False
1015005266575396818,Apartamento com estacionamento,Não identificado,apartamento,2,2.0,6,,,,3,5.0,5,False,False
1225220239291557449,Ótima opção de final de ano,Não identificado,apartamento,3,3.0,8,,,,0,,0,False,False
27222202,Ap frente ao MAR em Itapema - Meia Praia 4 suítes,Meia Praia,apartamento,4,5.0,12,,,,1,4.0,4,False,False
42180312,Kitnet Completa Itapema Jardim Praia Mar,Meia Praia,casa,1,1.0,4,200.0,194.86666666666667,60.0,61,5.0,5,True,False
50535771,Apartamento de Luxo - Edificio frente para o mar,Centro,apartamento,3,2.0,6,650.0,630.6818181818181,44.0,14,4.570000171661377,4,False,False
1262589594492484713,250 metros do mar em Meia Praia,Meia Praia,apartamento,3,4.0,6,,,,0,,0,False,False
996227938456591020,Apartamento de 02 dormitórios,Não identificado,apartamento,2,2.0,6,350.0,333.5342465753425,73.0,10,5.0,5,True,False
1121987205832463268,Refúgio aconchegante na praia!,Não identificado,apartamento,1,1.0,4,,,,14,5.0,5,True,False
47172145,"Apto no centro de Itapema 3 Suites, 2 vagas",Centro,apartamento,3,3.0,9,700.0,623.4198889502762,181.0,5,5.0,5,False,False
40537336,Casa para família temporada Itapema,Não identificado,apartamento,2,2.0,6,,,,0,,0,False,False
40892344,Apto de frente Av Nereu Ramos na quadra do mar!,Meia Praia,apartamento,3,2.0,8,419.0,424.39054054054054,148.0,38,4.820000171661377,4,True,False
998585634464381026,Apto Meia Praia  ref 978,Meia Praia,apartamento,2,2.0,5,,,,0,,0,False,False
1285265603718821694,Quarto (n° 5) até 4 hóspedes com ar,Meia Praia,outros,1,2.0,4,,,,4,4.75,4,True,False
46351569,"MAR a 150 mts, meia praia, 3 dorm com ar e garagem",Meia Praia,apartamento,3,2.0,8,,,,42,4.690000057220459,4,False,False
1273881511466684187,Maravilhoso Apartamento 4 suítes,Não identificado,apartamento,4,5.0,10,,,,0,,0,False,False
1309330377175631175,Apto na MEIA PRAIA,Meia Praia,apartamento,3,3.0,7,,,,0,,0,False,False
744296572655891049,Sua casa aconchegante na praia!,Não identificado,apartamento,2,1.0,6,,,,2,5.0,5,False,False
1112509681400377090,"Apartamento, aconchegante.",Não identificado,apartamento,2,2.0,9,,,,0,,0,False,
15314679,Apartamento frente mar meia praia,Meia Praia,apartamento,4,3.0,10,,,,32,4.78000020980835,4,False,False
1279140828280260360,Aluguel de Temporada Itapema,Não identificado,apartamento,2,2.0,6,,,,0,,0,False,False
1314681720008522187,Casa próxima a praia de Itapema!,Centro,casa,2,2.0,8,,,,1,5.0,5,True,False
721146719017782279,Belíssimo Apartamento Design Vista Mar,Não identificado,apartamento,2,3.0,4,,,,0,,0,False,False
1039847711036743933,Apartamento Top Meia Praia.,Meia Praia,apartamento,3,2.0,6,,,,0,,0,False,False
1316876009161752808,Encanto da Praia Grossa,Centro,outros,1,1.0,2,,,,1,5.0,5,False,False
795757968903961791,Apto próximo ao centro Itapema,Centro,apartamento,2,1.0,3,350.0,356.7328767123288,73.0,12,4.670000076293945,4,False,False
35481220,Meia Praia/Aconchegante/150m praia/100%Climatizado,Meia Praia,apartamento,3,3.0,6,700.0,754.5026611894274,227.0,17,4.940000057220459,4,False,False
1294493278977736177,Imóvel aconchegante e charmoso,Não identificado,apartamento,4,5.0,10,,,,0,,0,False,False
1219482086255815601,"Getúlio, vista mar e conforto",Não identificado,apartamento,3,2.0,8,,,,0,,0,False,True
38820471,Apto. pé na areia em Meia Praia/Itapema SC.,Meia Praia,apartamento,2,2.0,6,,,,0,,0,False,False
1023872139502747437,Apartamento meia praia itapema,Meia Praia,apartamento,3,2.0,6,,,,1,5.0,5,False,False
29145061,Ótimo ap a  300mt do mar!,Meia Praia,apartamento,2,2.0,6,500.0,439.5571428571429,56.0,36,4.809999942779541,4,True,False
1293813086644761705,3 Quartos - Meia-Praia- Próximo ao Russi&Russi,Não identificado,apartamento,3,2.0,7,,,,2,5.0,5,True,False
29296285,Apt c/ Vista pro Mar em Itapema (min 3 dias) c/ AR,Não identificado,apartamento,2,2.0,4,,,,0,,0,False,False
1004496327455456339,Perto do mar com seus pets,Meia Praia,apartamento,2,2.0,6,380.0,402.64953271028037,214.0,16,5.0,5,True,False
46048925,Apartamento com 3 suítes a 100m do mar,Não identificado,apartamento,3,3.0,8,910.0,975.5770623893806,226.0,11,5.0,5,False,False
1316212514590222684,Cobertura Pé na Areia Meia Praia,Meia Praia,apartamento,5,7.0,15,,,,1,5.0,5,False,False
1274533646308060247,Apto c/ churrasqueira 500m da Praia EPI0606,Meia Praia,apartamento,2,2.0,4,601.25,625.2028017699115,226.0,4,5.0,5,False,True
1227533252626886641,Apartamento 3 Suítes,Não identificado,apartamento,3,4.0,8,,,,0,,0,False,False
1092226767092383447,Apartamento pé na areia,Não identificado,apartamento,4,1.0,10,,,,1,5.0,5,False,False
673826267743797671,Aluguel verão 3 suítes Meia Praia (AL141),Meia Praia,apartamento,3,4.0,8,704.0,732.5972222222222,81.0,14,4.929999828338623,4,True,False
51822238,Cobertura aconchegante pertinho da praia,Não identificado,apartamento,3,2.0,8,,,,1,5.0,5,False,False
1239918903053704985,apartamento rua 232  meia praia,Meia Praia,apartamento,4,4.0,10,,,,1,5.0,5,False,False
35968764,Ótimo quarto em AP no Canto da Praia,Centro,outros,1,1.0,2,,,,3,5.0,5,False,False
783273442010116233,Apartamento com vista para o mar,Não identificado,apartamento,3,2.0,8,,,,0,,0,False,False
1317538910104639213,"Sua Praia, Sua Kitinete!",Não identificado,casa,1,1.0,5,,,,4,5.0,5,False,
549802551493491771,Apto perto do mar em itapema,Não identificado,apartamento,2,2.0,4,,,,4,5.0,5,False,False
22648075,Ap  Itapema SC,Centro,apartamento,2,2.0,6,348.0,396.66153846153844,65.0,16,5.0,5,False,False
1297882475361338003,Apartamento a 180 mts da praia,Meia Praia,apartamento,2,1.0,4,,,,1,5.0,5,False,False
708889911065031410,Alto padrão com ótima localizaçao na meia-praia!,Não identificado,apartamento,4,3.0,8,,,,0,,0,False,True
1289819035449109072,"Vista para o mar, apto com 3 suítes.",Não identificado,apartamento,3,4.0,8,,,,0,,0,False,False
969451363844464830,Apartamento em Itapema à 150mts do mar,Não identificado,apartamento,3,2.0,7,,,,1,5.0,5,False,False
41682475,Apartamento com vista para o mar em Meia Praia!,Meia Praia,apartamento,3,2.0,8,400.0,469.7674418604651,43.0,7,5.0,5,False,False
1315207320332089099,CASA espaçosa em Meia Praia!,Meia Praia,casa,3,2.0,9,,,,1,5.0,5,True,False
1147377772301199310,Aparmento à 900 metros do mar,Não identificado,apartamento,2,2.0,6,,,,2,5.0,5,False,False
1025140138154324694,Super bem localizado!,Não identificado,apartamento,3,2.0,7,,,,0,,0,False,False
1031137498228753995,Excelente Apartamento Frente Mar,Meia Praia,apartamento,3,2.0,8,,,,0,,0,False,False
1147824179020677628,manhattan Flats - itapema,Não identificado,apartamento,1,1.0,4,440.0,466.3407079646018,113.0,11,5.0,5,False,False
1239056179694723410,Flat em excelente localização - Andar alto,Não identificado,apartamento,0,1.0,4,,,,6,4.670000076293945,4,False,False
1045520246239520927,Apartamento ideal para  Família Ref 1281,Não identificado,apartamento,3,3.0,6,953.57145,951.4561493243244,148.0,0,,0,False,False
20943549,Apto. completo a 2 min da praia - Meia Praia,Meia Praia,apartamento,2,2.0,6,400.0,425.261874875,160.0,27,4.960000038146973,4,False,False
47213093,Apartamento quadra mar!,Não identificado,apartamento,2,2.0,4,290.5,290.5,66.0,14,4.929999828338623,4,True,False
1293613882934791177,Apartamento na quadra da praia em Itapema - SC.,Meia Praia,apartamento,3,1.0,6,,,,0,,0,False,False
1283951524298463459,VA Ap TOP tudo novo 900 m praia privativo 3 AC,Não identificado,apartamento,2,1.0,4,,,,2,5.0,5,True,True
1294285206500696186,Alto rua 232 Mar,Não identificado,apartamento,2,1.0,7,,,,0,,0,True,False
30500731,Provincia de Vicenza ( Meia praia ),Meia Praia,apartamento,4,4.0,8,,,,0,,0,True,False
559894916966869313,Casa de 3 dormitórios com piscina,Não identificado,casa,3,3.0,8,,,,0,,0,False,False
772706520794806760,Studio Recanto Beach Itapema,Não identificado,casa,1,1.0,4,450.0,450.0,9.0,19,5.0,5,True,False
1028108003887861879,Pequena Suíte Privativa,Meia Praia,hotel,1,1.0,2,,,,11,5.0,5,True,False
1294398408677640574,Apto de 2 dormitórios em Itapema,Morretes,apartamento,2,2.0,5,,,,2,5.0,5,False,False
1220240494709674428,Conforto e tranquilidade a 400m do mar WZ1905,Meia Praia,apartamento,2,1.0,4,,,,0,,0,False,True
48699117,Apartamento Meia Praia,Meia Praia,apartamento,2,2.0,6,380.0,452.39406779661016,118.0,24,4.920000076293945,4,True,False
1158693871328965376,"Cobertura Duplex quadra mar, Meia praia",Meia Praia,apartamento,3,2.0,5,,,,0,,0,False,False
32249282,Apartamento próximo a praia,Não identificado,apartamento,2,2.0,4,,,,0,,0,False,
1026113758934446617,Refúgio da família com 3 suítes!,Não identificado,apartamento,3,3.0,8,,,,0,,0,False,True
1253418790143840292,"Apartamento Cobertura 
Itapema -SC
Praia Central",Não identificado,apartamento,2,2.0,5,,,,1,5.0,5,False,False
1313728949277754767,Apartamento Novo Morretes,Morretes,apartamento,2,2.0,4,,,,0,,0,False,False
800161522701036278,Apto p/ família,Não identificado,apartamento,3,4.0,6,,,,0,,0,False,False
1260309948363472212,Lindo apartamento quadra mar,Meia Praia,apartamento,3,2.0,8,,,,1,4.0,4,False,False
732572931172602640,Condomínio vista Atlântico - com cama massageadora,Alto Sao Bento,apartamento,1,2.0,4,280.0,291.42857142857144,63.0,14,4.860000133514404,4,False,False
1258886924686320546,Luxo e Conforto à Beira-Mar,Não identificado,apartamento,4,3.0,9,,,,1,5.0,5,True,True
787545869098587310,3 suítes + 1 quarto pé na areia - 4KIDS Praia,Não identificado,apartamento,4,4.0,11,,,,8,5.0,5,True,True
49241635,Aluguel verão 2 quartos quadra mar Meia Praia *004,Meia Praia,apartamento,2,2.0,6,,,,7,4.860000133514404,4,True,False
9784227,"Lindo apartamento em Meia Praia, Itapema!",Meia Praia,apartamento,2,2.0,6,480.0,480.0,19.0,24,4.539999961853027,4,False,False
28784429,"Meia Praia, Itapema - Apartamento para Temporada",Meia Praia,apartamento,1,1.0,4,,,,62,4.710000038146973,4,False,False
1211529202735017123,104 - Quarto privativo em Meia Praia - Itapema/SC,Meia Praia,apartamento,1,1.0,4,,,,0,,0,False,False
38345388,Apartamento Cobertura Beira-mar 3 Suítes 2 Vagas,Centro,apartamento,3,4.0,8,,,,0,,0,False,False
33385884,Residencial D’Asti em Meia Praia - Itapema,Meia Praia,apartamento,3,4.0,8,,,,2,5.0,5,False,False
1058556636299366889,Apartamento em meia praia- hotel,Meia Praia,hotel,1,1.0,3,,,,0,,0,False,False
811053746893495263,"O apt perfeito p suas férias, poucos passos do mar",Meia Praia,apartamento,3,2.0,8,400.0,435.5609756097561,164.0,8,5.0,5,False,False
46926553,Apto 302 160 metros do mar 02 dormitório,Não identificado,apartamento,2,2.0,6,,,,1,4.0,4,False,False
52365560,"POUSADA BRONZE - ITAPEMA/SC,  APTO 03",Não identificado,apartamento,1,1.0,4,300.0,324.53333333333336,75.0,10,4.800000190734863,4,False,False
1272690338912432550,Marga Rizzon 8 pessoas 3 quartos  Jaime,Não identificado,apartamento,3,2.0,8,,,,0,,0,True,False
785784636475143410,Alugo se kitnet na meia praia,Meia Praia,casa,1,1.0,2,,,,3,5.0,5,False,False
35769555,Linda cobertura,Não identificado,apartamento,3,4.0,8,,,,0,,0,False,False
53061946,"Apto alto padrão próximo praia, shopping, mercado",Meia Praia,apartamento,3,3.0,6,,,,6,4.829999923706055,4,False,False
52670832,"Apartamento frente mar, Meia Praia - Itapema.",Meia Praia,apartamento,3,2.0,8,470.0,475.470833,20.0,27,4.929999828338623,4,True,False
41147466,"Um pedacinho do mar para você, 2 min até a praia",Não identificado,apartamento,0,2.0,6,540.0,537.8225314814815,108.0,42,4.860000133514404,4,True,False
1171049670344322120,"""Luxo em 3 Suítes Exclusivas""",Meia Praia,apartamento,3,3.0,8,599.0,678.1803278688525,61.0,17,4.820000171661377,4,True,False
7908433,Itapema Centro/Meia Praia.,Meia Praia,apartamento,3,2.0,8,,,,1,2.0,2,False,False
1288272518691593314,"Pé na Areia, 3 Quartos, Vista Incrível",Não identificado,apartamento,3,2.0,7,,,,0,,0,True,True
899100455740535590,"Vista Mar em Meia Praia, 6 hóspedes, 2 vagas P2618",Meia Praia,apartamento,3,2.0,6,,,,4,4.5,4,False,True
1204292898244183231,Apartamento na quadra do mar em Meia Praia,Meia Praia,apartamento,2,2.0,6,,,,0,,0,False,False
53962478,"Apto frente mar, lugar mais privilegiado Itapema.",Não identificado,apartamento,3,3.0,8,,,,6,4.670000076293945,4,False,False
1254489827996538747,3suítes no coração da MeiaPraia,Meia Praia,apartamento,3,3.0,8,1190.0,1238.6441432432432,74.0,11,5.0,5,True,False
1280800255220890348,Cobertura NOVA 3 suítes vista mar 3 vagas,Meia Praia,apartamento,3,3.0,6,,,,2,5.0,5,False,False
1307872333003011643,casa de família,Não identificado,casa,2,1.0,6,,,,4,5.0,5,False,False
848559008656826842,Apto amplo quadra mar,Meia Praia,apartamento,3,2.0,8,,,,1,5.0,5,False,False
1320994692912931266,Apto em cond c/ piscina a 280m da Praia MHF1002,Centro,apartamento,2,1.0,5,865.0,1087.4173387096773,248.0,0,,0,False,True
784836681288428817,apartamento Itapema,Não identificado,apartamento,2,1.0,5,370.0,377.38461538461536,65.0,13,4.769999980926514,4,False,False
784933344932137170,Glamour Meia Praia,Meia Praia,apartamento,2,2.0,6,,,,3,3.670000076293945,3,False,False
1227459805499079330,Quadra mar ao lado do Russi,Não identificado,apartamento,3,2.0,6,,,,0,,0,False,True
1274634755881062241,Apto  no coração de Meia Praia,Meia Praia,apartamento,3,2.0,9,,,,1,5.0,5,False,False
53235128,Ótimo Apto. com 03 suítes e Vaga Dupla de Garagem,Não identificado,apartamento,3,3.0,6,,,,0,,0,False,False
32087372,Apto Itapema centro - 80m do mar,Centro,apartamento,2,2.0,5,,,,0,,0,False,False
1308238916550577232,Peace on the beach,Não identificado,outros,1,3.0,2,,,,0,,0,False,
1315850768550074764,Cobertura mobiliada Itapema,Não identificado,apartamento,4,1.0,10,,,,0,,0,False,False
37708447,"PÉ NA AREIA, Amplo apartamento de 3 dormitórios.",Meia Praia,apartamento,3,2.0,10,700.0,791.24,100.0,95,4.989999771118164,4,True,False
1285613084580667244,4KIDS Praia Itapema - AP2,Não identificado,apartamento,2,2.0,6,,,,0,,0,True,True
1245608341070665271,Aluguel - Quarto Mar - próximo à praia,Não identificado,outros,1,1.0,2,,,,4,5.0,5,False,False
1295166056999070487,Apartamento confortável I,Não identificado,apartamento,3,4.0,9,,,,0,,0,False,False
16350860,"Top! Meia Praia, quadra mar acesso interno a praia",Meia Praia,apartamento,2,2.0,5,653.0,603.9346153846154,65.0,10,4.900000095367432,4,True,False
1038507931322981252,Apartamento em Meia Praia,Meia Praia,apartamento,3,3.0,6,,,,1,5.0,5,True,False
1307414210396035125,Luxuoso apto a poucos mts do mar,Não identificado,apartamento,1,1.0,4,,,,1,5.0,5,False,False
791311171339807347,Casa em Itapema pé na areia.,Não identificado,casa,3,2.0,8,,,,0,,0,False,False
1233428779577247122,Duplex Alto Padrão com Vista Mar,Não identificado,apartamento,3,4.0,6,,,,1,5.0,5,False,False
1321724828933253635,Casa com piscina em Itapema,Meia Praia,casa,2,2.0,8,,,,0,,0,False,False
1235684940858034080,"Apto novo, aconchegante, 10 minutos da praia a pé",Não identificado,apartamento,2,2.0,4,,,,1,5.0,5,False,False
1258033050318022499,No coração da Meia Praia,Meia Praia,apartamento,3,2.0,9,,,,0,,0,False,False
4334911,Ótimo apto 2 suites à 5min da praia,Não identificado,apartamento,2,2.0,5,,,,6,4.5,4,False,False
774893767784499277,Até 20 Hóspedes 40 Metros Praia,Não identificado,apartamento,6,4.0,16,,,,2,5.0,5,False,True
1062493272768761730,Casa Beira Mar,Não identificado,casa,1,1.0,10,,,,0,,0,False,False
1320401171074397678,Casa Moraes,Não identificado,casa,4,3.0,8,,,,0,,0,False,False
1198703061430420363,Flat Luxo TOP Vista MAR 1minuto a pé da praia,Centro,apartamento,1,1.0,4,400.0,391.2956989247312,93.0,11,5.0,5,True,False
1099861730076178991,Suite quadra do mar com ar condicionado.,Não identificado,outros,1,2.0,4,,,,3,4.670000076293945,4,False,False
39583346,"Excelente ap,3Qtos, 3BH, tv, ar, wi-fi, 2Garagens",Meia Praia,apartamento,3,3.0,6,700.0,592.8420868907563,119.0,60,4.980000019073486,4,True,False
52059007,Apto moderno Vista Mar da melhor praia de Itapema!,Centro,apartamento,2,2.0,6,1000.0,922.6408023715414,253.0,1,5.0,5,False,False
1319759274310554299,"Praia de Itapema, Centro, Novo e Confortável! 0468",Centro,apartamento,2,2.0,5,,,,1,5.0,5,False,False
750727216214250664,Apartamento em Itapema,Não identificado,apartamento,2,1.0,5,,,,8,4.880000114440918,4,False,False
821574780923920105,Castelo na praia,Não identificado,apartamento,3,3.0,6,600.0,611.9294117647058,85.0,6,5.0,5,False,False
53226144,Apartamento quadra do mar na melhor localização,Não identificado,apartamento,3,2.0,8,,,,2,4.5,4,False,False
927428463306244244,3521 Apto 3 suítes 2 vagas em Meia Praia,Meia Praia,apartamento,3,3.0,8,,,,0,,0,False,True
808019784306489945,Ótimo Apartamento com 3 Suítes,Não identificado,apartamento,3,3.0,8,,,,1,5.0,5,False,False
821939538006222871,Apto em Meia Praia SC,Meia Praia,apartamento,2,3.0,6,,,,0,,0,False,False
52417933,Conforto e Vista Mar em Amplo Apartamento 4 Suítes,Meia Praia,apartamento,4,4.0,8,,,,2,5.0,5,False,False
605589358786863903,Privacidade e conforto na melhor localização,Não identificado,apartamento,3,3.0,8,,,,18,4.940000057220459,4,False,False
1292189218941126475,Apto a 200m da praia,Não identificado,apartamento,3,3.0,7,,,,0,,0,False,False
53772254,"Apartamento novo de alto padrão, recém mobiliado.",Meia Praia,apartamento,2,2.0,6,,,,7,4.860000133514404,4,False,False
8753204,Cabana Olaria | Suite com Vista pro Mar (completa),Centro,casa,1,1.0,5,,,,78,4.940000057220459,4,False,True
52469454,Apto ESPAÇOSO para curtir com a FAMÍLIA (3 qtos),Não identificado,apartamento,3,3.0,8,,,,9,4.78000020980835,4,False,False
52060773,Casa aconchegante aproximadamente 1km da praia,Não identificado,casa,2,1.0,6,,,,0,,0,False,False
1261881302898817783,Apartamento em Itapema,Morretes,apartamento,2,2.0,6,,,,1,5.0,5,False,False
1041940042061951082,Ap no Edifício San Martino,Não identificado,apartamento,2,1.0,8,,,,5,4.599999904632568,4,False,False
986229158443814071,2420 Apto 3 quartos em Meia Praia,Meia Praia,hotel,3,2.0,8,,,,0,,0,False,True
1002236089961478005,"Apartamento 4 quartos- Meia Praia
Itapema-SC",Meia Praia,apartamento,4,3.0,6,,,,1,5.0,5,False,False
818022189335953041,Vida na Praia,Meia Praia,apartamento,3,2.0,8,,,,0,,0,False,False
1312945995548248214,Apartamento 3 quartos Itapema,Não identificado,apartamento,3,2.0,6,,,,0,,0,False,False
1281869517160680829,Meia Praia Itapema SC,Meia Praia,apartamento,3,2.0,8,,,,0,,0,False,False
52646204,Apto 4 Suítes 195m2 a 200m do Mar em Meia Praia,Meia Praia,apartamento,4,4.0,10,899.0,987.4198830409356,171.0,12,5.0,5,True,False
1070904323883025927,AP no centro da meia praia.,Meia Praia,apartamento,3,2.0,6,,,,0,,0,False,False
1030509452142976566,Apartamento Iluminado,Centro,apartamento,1,1.0,3,,,,1,5.0,5,False,False
37208458,Quarto 2 a 20 metros da Praia Central de Itapema,Centro,outros,1,1.0,2,,,,3,4.670000076293945,4,True,False
1050222799566539931,Vista mar com ótima localização na meia praia,Meia Praia,apartamento,3,2.0,8,,,,5,5.0,5,True,False
1321267864417287720,Apto Beira Mar em Meia Praia,Meia Praia,apartamento,3,2.0,8,,,,0,,0,False,False
1322499716276784108,"Apto 3 quartos, 800m da praia",Não identificado,apartamento,3,2.0,7,,,,0,,0,False,
40560834,Nilmare Apart Hotel - Apartamento tipo 1,Não identificado,apartamento,2,2.0,9,736.0,718.397492920354,226.0,293,4.860000133514404,4,True,True
758092376605605790,Quadra mar,Não identificado,apartamento,4,3.0,12,,,,1,5.0,5,False,False
769389251553220948,"Apartamento em Itapema - Meia Praia, Rua 232.",Meia Praia,apartamento,2,2.0,6,,,,22,4.820000171661377,4,True,False
558481029019897262,CASA COM PISCINA E CHURRASQUEIRA AGATA,Não identificado,casa,3,2.0,16,,,,0,,0,False,False
745572996552080346,Apart 03 Dorm. Itapema - SC - Quadra MAr -Desconto,Centro,apartamento,3,2.0,8,,,,2,5.0,5,False,False
45910811,Apto de alto padrão em frente ao mar de Itapema!,Não identificado,apartamento,4,6.0,9,,,,0,,0,False,False
1074579695311638969,Apto inteiro Centro Itapema,Centro,apartamento,2,2.0,10,,,,2,5.0,5,False,False
1178901329731775839,Apto quadra e vista mar 3Q + 2WC,Meia Praia,apartamento,3,1.0,7,,,,0,,0,False,False
1225953904981320094,"Frente Mar 30m praia,Ar Condicionado,Churrasqueira",Meia Praia,apartamento,2,2.0,6,,,,1,4.0,4,False,False
1213193646257958999,Apartamento Meia-Praia/Itapema,Não identificado,apartamento,3,1.0,6,,,,1,5.0,5,False,False
815359504472587443,Apartamento em meia praia,Meia Praia,apartamento,3,2.0,7,,,,0,,0,False,False
1030981527494824971,Marga Rizzon 2 quartos 5 pessoas- Lucas Rizzon,Não identificado,apartamento,2,2.0,5,250.0,297.9887389189189,74.0,21,5.0,5,True,False
1284747495879515579,"Itapema dos sonhos,a 100 metros da praia",Não identificado,apartamento,3,2.0,6,,,,0,,0,False,False
22400948,Casa 4 suítes Com piscina na praia de meia praia,Meia Praia,casa,4,5.0,16,,,,14,4.5,4,False,False
771134836709283777,APTO MEIA PRAIA - 8 pessoas - 100 do mar!,Meia Praia,apartamento,3,2.0,8,300.0,357.8,15.0,10,4.199999809265137,4,False,False
1312900333833141726,Apto próximo a praia e comércio,Não identificado,apartamento,3,2.0,6,,,,0,,0,False,False
1275739733166585174,"Novo, Central e Alto Padrão",Não identificado,apartamento,3,3.0,10,,,,0,,0,False,True
53122209,Apto Confortável frente ao mar na Meia Praia,Meia Praia,apartamento,3,3.0,10,,,,1,5.0,5,False,False
18505349,Frente Para Mar - Apto todo Reformado,Não identificado,apartamento,3,2.0,6,650.0,634.5076923076923,65.0,23,4.829999923706055,4,True,False
999204416549665212,Férias em ótima localização,Não identificado,apartamento,2,2.0,8,,,,1,5.0,5,False,False
986407426689940399,Apartamento a 350m da praia - Morretes/Meia Praia,Meia Praia,apartamento,2,2.0,5,300.0,293.35,100.0,25,4.840000152587891,4,True,True
1063673865276513492,Lofty pé na areia. Ref. 1301,Centro,apartamento,1,1.0,3,,,,1,5.0,5,False,False
40391575,"Temporada 2022 - Itapema -SC, 350 metros do mar.",Não identificado,apartamento,2,2.0,4,,,,46,4.78000020980835,4,False,False
38693604,Cobertura Meia Praia/Itapema 50 metros do mar.,Meia Praia,apartamento,3,2.0,8,650.0,596.4285714285714,168.0,20,4.849999904632568,4,False,False
31891659,Ótima casa em Itapema,Não identificado,casa,2,1.0,8,,,,1,4.0,4,False,False
791313913845076166,Apartamento recém mobiliado com pé na areia,Não identificado,apartamento,4,2.0,8,850.0,850.0,50.0,6,5.0,5,False,False
47050907,Flat climatizado no miolo de Meia Praia,Meia Praia,apartamento,0,1.0,2,,,,9,4.78000020980835,4,False,False
991946075811076825,Amplo AP próximo a praia.,Não identificado,apartamento,3,3.0,8,,,,5,4.800000190734863,4,False,False
1275424888010985336,Apto 50 metros da Praia,Não identificado,apartamento,3,2.0,8,,,,0,,0,True,False
1270500625990390992,kitnet 4 Pessoas Itapema-SC,Não identificado,casa,1,1.0,4,,,,0,,0,False,False
31878628,"Apartamento na praia, quadra do mar.",Não identificado,apartamento,2,2.0,6,,,,1,5.0,5,False,False
1070419520917155794,Apto aconchegante e novo.,Não identificado,apartamento,2,1.0,6,,,,2,5.0,5,False,False
1066086425420423269,Quarto completo 300m da praia,Não identificado,casa,1,1.0,2,,,,0,,0,True,False
54387208,"Cobertura quadra mar, aconchegante e espaçoso",Não identificado,apartamento,3,2.0,9,,,,0,,0,False,False
1287958272064925979,"Itapema 234 , central e perto da praia",Não identificado,apartamento,3,3.0,10,,,,0,,0,True,False
809317557821633854,Ótimo Ap Meia Praia 4 suítes 180 M.  do mar,Meia Praia,apartamento,0,4.0,12,,,,0,,0,False,False
46926474,Apto 402 160 metros do mar 02 dormitórios,Não identificado,apartamento,2,2.0,6,,,,6,4.829999923706055,4,False,False
1319805592763041500,Apartamento alto padrão novo,Meia Praia,apartamento,3,4.0,11,,,,0,,0,False,False
525472560929976068,Cobertura ampla a 20 passinhos do mar!!!,Não identificado,apartamento,3,3.0,8,1090.0,1055.7986115740741,216.0,18,4.940000057220459,4,False,False
1207864392976162235,AP 1305 para até 5 pessoas,Não identificado,apartamento,1,1.0,4,600.0,554.8304347826087,230.0,1,5.0,5,False,False
844404773672380302,Chalé Harmonia - sítio,Não identificado,casa,1,1.0,3,,,,1,5.0,5,False,False
1323402748711514203,Quarto Duplo Compacto,Não identificado,outros,1,2.0,2,,,,2,2.5,2,False,False
802182013088218373,Apart Luxo 3 suítes Quadra Mar - Meia Praia,Meia Praia,apartamento,3,3.0,8,,,,6,4.829999923706055,4,False,False
1256594551359425163,acomoda 2 pessoas,Não identificado,outros,2,2.0,2,,,,0,,0,False,
1311819847706319025,Ótimo apto/ 150mts praia/estacionamento 2 carros,Centro,apartamento,2,1.0,6,,,,0,,0,False,False
39151183,"3 Dormitórios,  Meia Praia-Bem Frente ao McDonalds",Meia Praia,apartamento,3,2.0,8,,,,0,,0,False,False
802922826036667371,Frente MAR: 3 suítes e 2 vagas,Não identificado,apartamento,3,3.0,8,1200.0,1210.9375,64.0,15,5.0,5,True,False
50059423,Apto perfeito a 20 passos da praia com vista mar,Meia Praia,apartamento,2,2.0,6,500.0,521.5606068181819,88.0,145,4.929999828338623,4,True,False
1096224406959211567,Apartamento na Meia Praia,Meia Praia,apartamento,3,2.0,6,,,,1,5.0,5,False,False
39715668,Excelente Apartamento de 2 quartos na praia,Meia Praia,apartamento,2,1.0,4,230.0,233.03571428571428,154.0,18,4.940000057220459,4,False,False
1273418796300868015,Fino ap com vista mar em itapema 350m do mar,Não identificado,apartamento,2,2.0,6,,,,1,4.0,4,False,False
46116173,Apartamento a 50m do Mar em Meia Praia - Itapema,Meia Praia,apartamento,2,2.0,6,300.0,415.9347826086956,69.0,39,4.949999809265137,4,True,False
1323218032841264799,Scooby house,Centro,outros,1,1.0,2,,,,0,,0,False,False
1066914720488800402,Três suítes - Meia Praia,Meia Praia,apartamento,3,4.0,7,,,,0,,0,False,
1018861232450784289,Apartamento Muito Aconchegante,Meia Praia,apartamento,2,2.0,5,,,,4,5.0,5,False,False
939698664229028471,Conforto pertinho da praia/ Rosane,Não identificado,apartamento,2,2.0,6,300.0,317.65340909090907,88.0,20,4.949999809265137,4,True,False
994187384136169442,Itapema 236,Não identificado,apartamento,3,3.0,8,,,,3,5.0,5,True,False
1182070530301053205,Apartamento Charmoso c/ Vista para o Mar - MHF1105,Centro,apartamento,1,1.0,4,575.0,598.0665712643678,174.0,12,4.920000076293945,4,False,True
15909831,Ap Luxo a 20 metros do mar,Não identificado,apartamento,3,3.0,6,790.0,752.6269846560847,189.0,32,4.940000057220459,4,True,False
779693856770376018,Quarto privativo,Não identificado,outros,1,1.0,3,,,,0,,0,False,False
1044426964136235800,Suíte com varanda duas quadras do mar  Itapema,Centro,outros,1,1.0,2,,,,7,4.860000133514404,4,False,False
1122567171503565314,Apartamento 300 metros da praia,Não identificado,apartamento,1,2.0,4,,,,0,,0,False,False
844864653127085626,"Pés ao Mar, Vista Inesquecível Itapema",Meia Praia,apartamento,3,3.0,8,1090.0,1048.6490809045226,199.0,15,5.0,5,False,False
53031891,AP 90m Mar Meia Praia/SC Ar/WiFi,Meia Praia,apartamento,2,1.0,6,,,,4,3.75,3,False,False
671197701971960715,Show de Conforto,Não identificado,casa,2,2.0,5,,,,0,,0,False,False
1285186073711689347,Quarto (n° 1) até 4 hóspedes com ar,Meia Praia,outros,1,2.0,4,,,,7,5.0,5,True,False
53825192,"Central em Meia Praia, sacada c/ Churrasqueira",Meia Praia,apartamento,3,3.0,7,633.0,929.1208737864077,103.0,65,4.889999866485596,4,True,True
41705158,Apartamento dos sonhos,Não identificado,apartamento,2,2.0,4,,,,10,4.900000095367432,4,False,False
1209010210831577821,Apto. Alto Padrão | 3 Suítes | Centro de Itapema,Centro,apartamento,3,3.0,8,1000.0,1082.6623376623377,77.0,0,,0,False,False
703538637731385185,Apto c/ sacada aberta e churrasqueira próx ao mar,Meia Praia,apartamento,2,1.0,6,404.5,407.10558471204183,191.0,22,4.820000171661377,4,True,
51507847,Meia Praia - ap 03 dormitórios - 100m da praia,Meia Praia,apartamento,3,2.0,6,400.0,437.5,16.0,5,5.0,5,False,False
819714618271533438,Itapema SC A praia da família,Não identificado,apartamento,2,2.0,7,,,,0,,0,False,False
38899673,Apartamento decorado próximo a praia em Itapema!,Não identificado,apartamento,2,1.0,4,500.0,565.7662086956522,207.0,7,5.0,5,False,False
792184367926408145,Apartamento Meia Praia - Pé na areia,Meia Praia,apartamento,2,2.0,6,396.0,385.1383649056604,106.0,23,5.0,5,False,False
1306807353529683202,Departamento cuadra mar,Centro,apartamento,3,2.0,8,,,,0,,0,False,False
1294169573187469017,Feet on sand beachfront home,Não identificado,apartamento,2,2.0,4,,,,1,5.0,5,False,False
1039148529762696570,Apart Hotel / Alto Padrão / Novo,Não identificado,apartamento,2,2.0,4,,,,2,5.0,5,False,False
680309785259567235,Itapema SC/ Casa com espaço e conforto,Não identificado,casa,3,3.0,8,,,,7,5.0,5,False,False
1076283050930905812,Casa em meia praia- Itapema (150m da praia).,Meia Praia,casa,3,2.0,8,,,,0,,0,False,False
1089848297340886677,Apartamento em Meia Praia,Meia Praia,apartamento,2,2.0,6,,,,0,,0,False,False
561392888536380944,Apt com 3 dormitórios,Não identificado,apartamento,3,2.0,10,,,,0,,0,False,False
20863370,Lindo AP MP 3 Suítes Alto Padrão - Vista Total Mar,Meia Praia,apartamento,3,3.0,7,500.0,507.93055555555554,18.0,25,4.880000114440918,4,True,False
1304604335965216750,apto itapema 150m do mar!,Não identificado,apartamento,3,2.0,6,,,,1,5.0,5,False,False
1209995062310858711,(316) Funcional e bem localizado,Não identificado,apartamento,2,3.0,6,,,,2,5.0,5,True,True
54287612,Apartamento à 20 metros do mar!,Centro,apartamento,2,2.0,6,399.0,426.37500044117644,136.0,10,4.900000095367432,4,False,False
1284112270868624978,MF1309 A Moderno e tranquilo clube vista mar,Não identificado,apartamento,1,1.0,4,,,,4,5.0,5,False,False
46237789,PISCINA * 14 PESSOAS * AR * WIFI (agata2),Não identificado,casa,3,2.0,16,,,,2,4.5,4,False,False
705167970678992594,Apartamento Garden (com quintal) Pé na areia,Não identificado,apartamento,2,2.0,6,,,,24,4.880000114440918,4,True,False
10340400,"Meia Praia apto excelente, próximo da praia",Meia Praia,apartamento,3,2.0,6,300.0,300.0,18.0,55,4.929999828338623,4,False,False
1320160052256466425,Refúgio a Poucos Passos da Praia,Meia Praia,apartamento,3,2.0,6,,,,0,,0,True,True
1122484070806000083,Apto 5 min a pé da praia e 100 m do McDonald,Não identificado,apartamento,2,2.0,5,,,,2,5.0,5,True,False
1251662764548638555,"Show de fogos na virada 
Casa Mirante Dolce",Meia Praia,casa,3,3.0,8,,,,0,,0,False,False
22208899,Apartamento pé na areia na meia praia Itapema,Meia Praia,apartamento,3,2.0,7,,,,1,3.0,3,False,False
19484857,APTO 4 QUARTOS PÉ NA AREIA - MEIA PRAIA!,Meia Praia,apartamento,4,2.0,10,,,,0,,0,False,False
1310910867031688625,Apto recém-reformado perto da praia (202),Meia Praia,apartamento,3,2.0,8,,,,1,5.0,5,False,
41593259,Apto luxo e perfeito a 50 mts da praia,Não identificado,apartamento,2,2.0,4,,,,0,,0,False,False
954569872271554009,Vista mar com área externa exclusiva,Não identificado,apartamento,2,2.0,7,,,,0,,0,False,True
40636229,4 suítes 3 vagas finamente mobiliado Meia Praia!,Meia Praia,apartamento,4,1.0,10,,,,0,,0,False,False
1056441270202826833,Amplo frente mar na Meia Praia,Meia Praia,apartamento,4,4.0,10,,,,1,5.0,5,False,False
563923122447968990,"Apartamento novíssimo, mobiliado com churrasqueira",Não identificado,apartamento,3,3.0,6,,,,0,,0,False,False
1287289583582915738,03 Quartos na quadra do MAR!,Meia Praia,apartamento,3,2.0,10,,,,0,,0,False,False
1320102250145284179,Prédio Familiar perto do mar com área de lazer,Meia Praia,apartamento,2,2.0,6,,,,0,,0,False,False
40236441,Espaço Container Itapema - Loft I (Ar/Wi-Fi/TV),Não identificado,casa,1,1.0,2,193.0,237.25531914893617,47.0,84,4.900000095367432,4,True,True
53697976,Apartamento em meia praia itapema,Meia Praia,apartamento,3,2.0,6,,,,0,,0,False,False
846453708877796469,Apto ampla sacada  área gourmet,Não identificado,apartamento,3,2.0,8,,,,3,5.0,5,False,False
1277120737684715722,Apartamento da Praia,Meia Praia,apartamento,2,2.0,8,,,,5,5.0,5,False,False
1297381884801826260,Apartamento Meia Praia (Itapema),Meia Praia,apartamento,4,5.0,10,,,,0,,0,False,False
1206616023790805525,Apartamento novo meia praia,Meia Praia,apartamento,2,3.0,5,,,,0,,0,False,
1061867942571538346,Apartamento em Meia Praia - SC,Meia Praia,apartamento,3,3.0,8,,,,2,5.0,5,False,False
1276994081745483373,Cobertura Isabella Meia Praia,Meia Praia,apartamento,3,0.0,6,,,,0,,0,False,False
1284365865529385073,Central da Meia Praia - Novo,Meia Praia,apartamento,3,3.0,8,,,,0,,0,False,False
31084280,"Cobertura, linda vista para o mar. 1 apto/andar.",Não identificado,apartamento,3,3.0,7,,,,1,5.0,5,False,False
43769569,Apto amplo em Itapema,Não identificado,apartamento,1,2.0,6,,,,12,5.0,5,False,False
1314800180043022973,Alugo apartamento em Itapema-SC,Não identificado,apartamento,2,1.0,5,,,,1,5.0,5,False,False
16618715,Apartamento - Meia-praia - central e quadra do mar,Não identificado,apartamento,3,2.0,8,790.0,791.5941860465116,215.0,59,4.920000076293945,4,True,False
20555680,Lindo apartamento a 50m da praia,Não identificado,apartamento,1,1.0,4,200.0,200.0,19.0,12,4.829999923706055,4,False,False
1257238720663706122,Itapema 300/1102,Não identificado,apartamento,2,2.0,6,,,,0,,0,True,False
1977915,Conforto em frente ao mar!,Meia Praia,apartamento,3,2.0,6,850.0,864.3805037735849,159.0,42,4.880000114440918,4,True,False
1316787254143531676,Apartamento aconchegante 2 quartos - Itapema,Não identificado,apartamento,2,1.0,5,,,,0,,0,False,False
1046646292156945457,Suíte Confortável - Meia Praia a 550mt do mar,Meia Praia,outros,1,1.0,3,,,,2,5.0,5,True,False
47221333,"Apt,perto do mar, lugar tranquilo e familiar",Não identificado,apartamento,2,1.0,6,,,,11,4.269999980926514,4,False,False
23787711,Cobertura a 250 metros do mar,Não identificado,apartamento,3,2.0,6,400.0,400.0,90.0,19,5.0,5,False,
1184272240544685353,Quarto em Itapema Meia Praia,Meia Praia,outros,1,1.0,2,,,,0,,0,False,False
1289123372092092457,kitnet Container 4,Não identificado,outros,1,1.0,2,,,,0,,0,False,True
45687710,Apto quadra mar 30 m da orla,Não identificado,apartamento,2,1.0,6,350.0,419.45569620253167,79.0,11,4.909999847412109,4,False,False
38843637,Apto. Pé na areia c. vista p/ o mar de Itapema,Não identificado,apartamento,5,5.0,10,,,,2,5.0,5,False,False
46334353,"Itapema-Meia Praia 40 mts Mar, 3 suíte Decorado",Meia Praia,apartamento,3,4.0,8,,,,62,4.900000095367432,4,True,False
21552865,"Na Meia Praia, 250 metros do mar",Meia Praia,apartamento,2,2.0,6,750.0,739.964705882353,85.0,49,4.960000038146973,4,True,False
48443223,Apartamento Novo espaçoso com vista para o mar!!!,Não identificado,apartamento,2,2.0,8,,,,6,4.829999923706055,4,False,False
1210080672553000893,Apto. diário na Meia Praia,Meia Praia,apartamento,2,2.0,6,,,,2,3.0,3,False,False
857402047530007620,Ap 2 quartos meia praia Itapema,Meia Praia,apartamento,2,2.0,6,,,,3,5.0,5,False,False
543584528464360785,Apartamento a 70m do mar,Meia Praia,apartamento,2,2.0,6,350.0,375.4916666666667,60.0,26,4.920000076293945,4,True,False
30318082,Amplo apartamento a 100 metros do mar...,Não identificado,apartamento,4,3.0,8,,,,0,,0,False,False
1275736151334341563,Estilo e Conforto Centro Rua 242,Centro,apartamento,3,3.0,8,,,,0,,0,False,True
1310384858110128384,Nizuc,Não identificado,apartamento,3,3.0,9,,,,0,,0,False,False
1058564342891815711,Apto centro meia praia até 12 pessoas,Meia Praia,apartamento,4,4.0,12,,,,2,5.0,5,False,False
1291504859858473422,Centro Meia Praia próximo ao mar,Meia Praia,apartamento,3,1.0,6,,,,0,,0,False,False
976784814346753011,Apartamento Quadra Mar,Não identificado,apartamento,3,2.0,6,,,,2,4.5,4,False,False
26570136,Apartamento vista mar com 3 quartos,Não identificado,apartamento,3,2.0,8,745.83335,702.0586803030303,198.0,22,4.860000133514404,4,False,False
1082655898196675925,"Quarto em Meia praia 3, Itapema",Meia Praia,outros,1,1.0,2,,,,5,5.0,5,True,False
1269636598524749154,Moderno Studio vista mar 280m da praia MHFB0605,Centro,apartamento,1,1.0,3,374.5,392.74024840425534,188.0,9,4.21999979019165,4,False,True
8287843,Apartamento Lateral Mar (Ar condicionado e Wi-Fi),Não identificado,apartamento,2,2.0,6,700.0,659.6052631578947,190.0,42,4.880000114440918,4,False,False
1294195836141803854,"Pe na areia,4 quartos  linda vista",Meia Praia,apartamento,4,2.0,10,,,,0,,0,False,False
833539958060734092,"Sítio recanto das pedras, casa em meio à natureza!",Não identificado,casa,2,2.0,8,,,,1,4.0,4,False,False
46414639,Comodidade perto das ondas do mar.,Não identificado,apartamento,3,2.0,6,,,,0,,0,False,False
903070216803880261,"Apartamento Completo em Itapema, Meia Praia",Meia Praia,apartamento,2,3.0,5,,,,0,,0,False,
51990592,"Cobertura aconchegante, 80 mts do mar, ótima vista",Meia Praia,apartamento,3,2.0,12,959.125,954.881665,60.0,44,4.929999828338623,4,True,True
41761142,Apartamento quadra mar Meia Praia/Itapema,Meia Praia,apartamento,2,2.0,6,277.0,395.1862745098039,102.0,60,4.769999980926514,4,True,False
987948094559838706,"Vila dos pássaros, Quarto 01",Não identificado,outros,1,1.0,6,,,,0,,0,False,False
1078513687570405295,Lateral Mar no coração da MP,Não identificado,apartamento,3,2.0,8,,,,0,,0,False,False
1036307863666955691,5354 Localização privilegiada em meia praia,Meia Praia,hotel,2,2.0,6,,,,0,,0,False,True
1079128911247438973,Apto Novo em Itapema,Não identificado,apartamento,2,1.0,6,,,,1,5.0,5,False,False
1247055321694361431,Apartamento Meia Praia - 2 Quartos,Meia Praia,apartamento,2,1.0,6,,,,0,,0,False,False
1321156671231129227,Apartamento em Itapema,Não identificado,apartamento,2,2.0,5,,,,0,,0,False,False
1092843074590526105,Apto a 2 min da praia em SC,Meia Praia,apartamento,2,3.0,8,,,,0,,0,False,False
51861410,"Casa ampla com piscina, ambiente familiar.",Não identificado,casa,3,2.0,7,700.0,700.0,18.0,26,4.960000038146973,4,True,False
1317451954002590597,Viva o litoral com conforto.,Morretes,apartamento,2,2.0,5,,,,0,,0,False,False
1278411303068620572,Férias na praia,Não identificado,apartamento,3,3.0,8,,,,2,5.0,5,False,False
43468529,Frente Mar 4ºandar Suporte 24HS (moro no prédio),Não identificado,apartamento,3,3.0,8,,,,25,5.0,5,True,False
30855028,"PRÉDIO FRENTE MAR,  APTO PÉ NA AREIA, NO CENTRO",Centro,apartamento,3,2.0,4,,,,31,4.480000019073486,4,True,False
966471403166364931,apartamento rua 248. 150 metros da praia. 2 minuto,Não identificado,apartamento,3,2.0,8,,,,6,4.829999923706055,4,False,False
44895797,segundo prédio da praia/ apto térreo,Não identificado,apartamento,3,2.0,7,705.0,703.9130434782609,23.0,65,4.880000114440918,4,True,False
1182043782165637473,"Apartamento sofisticado vista mar, Itapema MHF1703",Centro,apartamento,1,1.0,4,592.33335,597.9548614583333,192.0,11,4.820000171661377,4,False,True
5443557,Cabana Engenho - Frente mar; Vista deslumbrante,Centro,casa,1,1.0,5,793.0,799.1158536585366,82.0,107,4.869999885559082,4,True,True
1230649714487579642,Apartamento Quadra Mar,Não identificado,apartamento,3,2.0,6,,,,0,,0,False,False
46719903,Conforto no centro de Meia Praia - Itapema,Meia Praia,apartamento,3,2.0,6,,,,28,4.960000038146973,4,False,False
54370587,Apartamento em itapema com garagem individual,Não identificado,apartamento,2,3.0,5,,,,8,4.75,4,True,False
1056570271629206534,"Casa, área central da Meia Praia",Meia Praia,casa,2,2.0,6,,,,5,5.0,5,False,False
963906476261332664,Apto na quadra do mar em Itapema,Meia Praia,apartamento,2,2.0,6,,,,2,5.0,5,True,False
557386903732882183,Apto 3 quartos/vista mar/ 40m da praia/Duas vagas,Não identificado,apartamento,3,2.0,9,1000.0,1129.4528301886792,53.0,6,5.0,5,False,False
963200943747370218,Casa no Canto da Praia - 150m da praia - Itapema,Canto da Praia,casa,3,2.0,6,,,,5,5.0,5,False,False
30910938,Aconchegante Ap. a 100m do Mar para até 6 pessoas.,Meia Praia,apartamento,2,2.0,6,450.0,473.8273381294964,139.0,46,4.929999828338623,4,True,False
806702099486447309,Apto 3 quartos a 60 m do mar,Não identificado,apartamento,3,2.0,8,500.0,603.508875739645,169.0,9,5.0,5,False,False
1303904813387687115,Quarto Casal Privado C/ Garagem - Itapema (Suíte),Não identificado,outros,1,1.0,2,,,,2,5.0,5,False,False
1269069420492148422,Aluguel de Apartamento 3 quartos,Não identificado,apartamento,3,2.0,8,,,,0,,0,False,False
1318064312179983511,"MF1309B Studio confortável moderno, clube completo",Não identificado,apartamento,1,1.0,3,,,,1,5.0,5,True,False
53008127,Apartamento perto do mar no coração da Meia Praia!,Meia Praia,apartamento,3,2.0,9,300.0,329.79411764705884,136.0,34,4.849999904632568,4,True,False
53445765,Apto em Itapema próximo ao mar com dois quartos,Não identificado,apartamento,2,2.0,6,375.0,391.4663120567376,141.0,24,5.0,5,True,False
720383944790760874,"PÉ NA AREIA, Frente ao Mar, Centro de Itapema (SC)",Centro,apartamento,2,2.0,5,,,,15,4.929999828338623,4,True,False
793703191791372209,Apartamento Centro Itapema,Centro,apartamento,2,2.0,9,,,,3,5.0,5,False,False
1315383023701906919,Itapema/SC,Não identificado,apartamento,2,2.0,6,,,,0,,0,False,False
1269002689013489472,"Itapema 299/301 , quadra mar",Não identificado,apartamento,3,2.0,7,,,,0,,0,True,False
1263690672732785750,Apto 200m do mar com Churrasq e 3 quartos com ar,Não identificado,apartamento,3,2.0,6,,,,7,5.0,5,False,False
1313887191033564319,Apartamento HZ- Litoral,Meia Praia,apartamento,3,3.0,6,,,,0,,0,False,False
22514231,Apê com sacada ampla e churrasqueira a 50m do mar,Não identificado,apartamento,2,2.0,6,300.0,400.0,36.0,34,4.820000171661377,4,False,False
40777141,Cobertura-Duplex Frente o mar,Não identificado,apartamento,3,4.0,8,1508.0,1545.2727272727273,22.0,20,4.800000190734863,4,True,True
904512525045117852,"Pérola do Mar incrível, o aconchego pé na areia.",Não identificado,apartamento,3,2.0,8,607.5,585.0823986915888,107.0,41,5.0,5,True,False
1261073229588827579,Quarto sacada,Não identificado,outros,1,1.0,3,,,,4,5.0,5,False,False
994050613738555329,Apto a 70m praia em Meia Praia,Meia Praia,apartamento,3,2.0,8,,,,0,,0,False,False
703678241822238330,Lugar e preço perfeito de Itapema Meia Praia,Meia Praia,apartamento,2,1.0,5,300.0,321.23333333333335,60.0,15,4.929999828338623,4,True,False
974641366404745810,714- Apartamento 2 quartos em meia praia- SC,Meia Praia,hotel,2,3.0,6,,,,0,,0,False,True
1050981045499188524,Ap familiar e aconchegante 2 suítes Itapema,Não identificado,apartamento,2,2.0,5,,,,9,5.0,5,True,False
552951849918263899,Apartamento Completo com estacionamento incluso,Não identificado,apartamento,2,2.0,5,,,,4,5.0,5,False,False
965310801955633109,Pé na Areia 1 minuto da Praia,Meia Praia,apartamento,2,2.0,6,500.0,498.24074074074076,162.0,14,5.0,5,True,False
1303180624424137587,Itapema-Meia Praia-quadra Mar 3 Suítes-Alto Pedrão,Meia Praia,apartamento,3,3.0,6,,,,1,5.0,5,True,False
1311521479092057264,Suíte para duas pessoas,Não identificado,outros,1,1.0,2,,,,0,,0,False,False
1050053859273199330,Casa 5 min da praia e do centro,Centro,casa,2,1.0,6,,,,2,5.0,5,False,False
889307162854480804,Quarto pertinho do mar no point de Meia Praia!,Meia Praia,outros,1,1.0,2,,,,9,5.0,5,False,False
1292178168042903576,Casa temporada com piscina,Centro,casa,4,2.0,10,,,,2,5.0,5,False,False
1053851019443958006,A poucos passos do mar,Centro,apartamento,2,2.0,5,520.0,575.9787374485596,243.0,15,4.869999885559082,4,True,False
1214464056304542513,Apto vista mar a 280m da praia em Itapema MHF1108,Centro,apartamento,2,1.0,5,668.6667,711.8830049261084,203.0,16,5.0,5,False,True
22258063,Excelente e aconchegante Apt. para Alugar,Meia Praia,apartamento,3,2.0,10,,,,3,4.329999923706055,4,False,False
1288225902205385857,Ap a 200m da Praia – Meia Praia,Meia Praia,apartamento,2,2.0,6,,,,0,,0,False,False
990873537741639580,4 Suítes Alto Padrão no Centro!,Centro,apartamento,4,5.0,10,,,,0,,0,False,True
1213961040337895184,Apê Tavares,Não identificado,apartamento,3,2.0,7,,,,1,5.0,5,False,False
1091165192621837341,Apartamento próximo ao mar,Centro,apartamento,2,2.0,5,,,,0,,0,False,False
1294181566192305296,Apartamento Térreo,Não identificado,apartamento,1,1.0,4,,,,0,,0,False,False
38800430,"LINDO e Completo 3 dorm, próx ao mar,  Meia Praia",Meia Praia,apartamento,3,2.0,7,415.0,443.6625,80.0,53,4.980000019073486,4,True,False
39532664,apartamento com visão para o mar,Não identificado,apartamento,3,2.0,8,,,,39,4.619999885559082,4,False,False
1102303506285191628,Apartamento frentíssima mar,Meia Praia,apartamento,3,2.0,6,,,,6,5.0,5,False,False
1266717192483343855,Apto novo 02 suítes - Meia Praia,Meia Praia,apartamento,2,2.0,6,550.0,600.0,62.0,2,5.0,5,False,False
47198796,Casa / loft Itapema aconchegante,Casa Branca,casa,0,1.0,2,,,,14,4.789999961853027,4,False,False
1218973882572470900,Royal Park - Edifício frente Mar,Não identificado,apartamento,3,3.0,8,,,,0,,0,False,True
44196773,"Ap-308 - Central, Meia Praia, It",Meia Praia,apartamento,2,2.0,6,,,,0,,0,False,False
21743476,Excelente Apto 3 qtos 300m praia Meia Praia/ SC,Meia Praia,apartamento,3,3.0,7,650.0,692.08295,56.0,18,4.78000020980835,4,False,False
1091408953130822622,Apartamento à 800m da Praia,Meia Praia,apartamento,2,1.0,6,280.0,310.625,48.0,13,5.0,5,True,False
1057298537539146203,Aproveite Meia Praia,Meia Praia,apartamento,2,3.0,8,,,,0,,0,False,False
36298189,CONFORTO E TRANQUILIDADE EM MEIA PRAIA,Meia Praia,apartamento,4,3.0,10,,,,8,4.880000114440918,4,True,False
1208757855935244741,Studio vista mar 280 da praia em Itapema MHFB0503,Centro,apartamento,1,1.0,2,374.5,393.9708335,200.0,0,,0,False,True
52883365,Apto Completo para 4 pessoas,Não identificado,apartamento,2,2.0,4,,,,6,4.5,4,False,False
1305723919394214968,"Perto da praia, com linda sacada",Meia Praia,apartamento,3,4.0,8,,,,2,5.0,5,False,False
1116425778520469842,Apartamento  3 quartos,Não identificado,apartamento,3,3.0,8,,,,1,5.0,5,False,False
979694178358433783,Apart-hotel Residencial Itapema,Não identificado,hotel,1,1.0,6,,,,2,5.0,5,False,False
1094439132432767000,Rooftop vista ampla mar c/Jacuzzi prox. Water play,Não identificado,casa,2,2.0,6,,,,3,4.329999923706055,4,True,False
832593035712862671,Quadra mar ótima localização!,Não identificado,apartamento,3,1.0,8,,,,0,,0,False,False
776544149666899830,quarto com ar 300 metro da praia,Meia Praia,outros,1,1.0,2,,,,1,5.0,5,False,False
952906500922625842,Praia e descanso com conforto!,Meia Praia,apartamento,1,2.0,7,,,,2,5.0,5,True,False
1066890753033004221,Locação de Verão,Não identificado,apartamento,4,2.0,8,,,,0,,0,False,False
23108026,Apto Centro Meia Praia 30m do Mar,Meia Praia,apartamento,2,2.0,5,590.0,679.3243243243244,74.0,28,4.639999866485596,4,False,False
1262886232299960378,Apartamento 4 suítes frente mar,Não identificado,apartamento,4,4.0,10,,,,1,5.0,5,False,False
49838353,"No ❤️ da Meia Praia.
A poucos metros do mar🏖️🌅",Meia Praia,apartamento,3,2.0,7,,,,7,4.710000038146973,4,False,False
1081972140987250431,Lindo apto em Meia Praia Itapema/SC OBS0301,Meia Praia,apartamento,2,2.0,4,586.0,672.408950617284,162.0,9,4.559999942779541,4,False,True
628311049816808766,Apartamento de luxo próximo ao mar,Centro,apartamento,3,4.0,6,,,,0,,0,False,False
1029927598666112399,Apto em Meia Praia / Vista  Mar / 3 Quartos /Ar,Meia Praia,apartamento,3,2.0,6,,,,6,4.670000076293945,4,False,False
1012492340641180651,Itapema 238 ideal para sua família curtir o verão,Não identificado,apartamento,3,2.0,8,,,,4,4.75,4,True,False
1263217493560717612,Apto 3 suítes - Itapema,Não identificado,apartamento,3,0.0,10,,,,0,,0,False,False
1194075983394113187,AP locação Temporada,Não identificado,apartamento,2,3.0,6,,,,0,,0,False,False
873125740517449213,Bom apto c/2 quartos e varanda em Itapema RSN301,Não identificado,apartamento,2,1.0,5,446.0,488.8776683743842,203.0,19,4.840000152587891,4,False,True
39131762,"Pé na Areia, 2 dorm c/ar, Rua McDonalds, 20m praia",Meia Praia,apartamento,2,2.0,6,,,,1,5.0,5,False,False
30755946,Aluguel de suíte/podem usar sala e cozinha,Não identificado,outros,1,1.0,3,,,,9,4.889999866485596,4,False,False
1294324900978572403,Apartamento Itapema\Meia Praia,Meia Praia,apartamento,2,1.0,7,,,,2,5.0,5,False,False
42219953,Locação de temporada Meia Praia na rua 252,Meia Praia,apartamento,2,2.0,6,,,,11,4.639999866485596,4,False,False
1273371214479475254,Linda casa com piscina,Não identificado,casa,3,4.0,10,,,,0,,0,False,False
40910065,"Lindo, completo e amplo apto para locação",Meia Praia,apartamento,0,1.0,8,650.0,604.7113636363637,88.0,10,5.0,5,False,False
774060818755528184,Apartamento Praia,Não identificado,apartamento,3,2.0,6,,,,1,5.0,5,False,False
777658866189629109,Quadra do Mar Meia Praia,Meia Praia,apartamento,2,2.0,5,,,,9,5.0,5,False,False
1081242440625947235,Apto confortável a 70m do mar,Não identificado,apartamento,3,3.0,10,,,,1,5.0,5,False,False
1298159312080141485,De frente pra Praia e no Centro - Rua 263 - 301,Centro,apartamento,3,3.0,10,,,,0,,0,False,True
1234854942843643576,Apto a 20m do mar em Meia praia,Meia Praia,apartamento,5,6.0,15,,,,0,,0,False,False
45910560,Apto confortável e de frente para mar de Itapema,Não identificado,apartamento,4,5.0,9,,,,0,,0,False,False
1290710956551561929,Apto Centro Itapema,Centro,apartamento,2,1.0,9,,,,0,,0,True,False
1294828688904090711,Aluguel Itapema,Não identificado,casa,2,1.0,4,,,,2,5.0,5,False,False
54055912,Excelente Apartamento Frente Mar,Não identificado,apartamento,3,2.0,6,,,,1,5.0,5,True,False
618150693526656201,Apto Itapema com churrasqueira e sacada,Não identificado,apartamento,2,2.0,6,249.0,300.1666666666667,48.0,28,4.860000133514404,4,True,False
1314490210747015838,Apartamento Itapema meia praia,Meia Praia,apartamento,3,3.0,6,,,,0,,0,False,False
52346232,Vista para o mar - Apto de 3 Dormitórios no coração da Meia Praia,Meia Praia,apartamento,3,2.0,8,890.0,763.9527027027027,148.0,47,4.769999980926514,4,False,True
963042790535185786,Lateral Mar Meia Praia Itapema,Meia Praia,apartamento,3,2.0,8,,,,0,,0,False,False
52631337,"Apartamento quadra mar....Ed Lumiere.
Ideal para Família e amigos.",Não identificado,apartamento,3,4.0,10,,,,0,,0,False,False
1322561950499910054,"Suíte em Itapema - SC
Habitación Itapema",Meia Praia,outros,1,1.0,2,,,,1,5.0,5,False,False
1309698166479736430,"andar de cima, da casa.",Não identificado,casa,4,2.0,8,,,,1,4.0,4,False,False
986565062867231257,"quarto privativo/apto compart, 250mts da praia.",Não identificado,outros,1,1.0,2,230.0,239.26966292134833,89.0,23,4.78000020980835,4,False,False
1318447214795137369,Paraíso Clássico Moderno com Vista Mar,Meia Praia,apartamento,3,3.0,6,,,,1,5.0,5,True,False
1260168365000200268,"8 minutos da praia, com área de lazer completa",Não identificado,apartamento,2,2.0,4,,,,1,5.0,5,True,False
1282139756826405251,Apartamento Pé na Areia!,Não identificado,apartamento,3,3.0,8,,,,1,5.0,5,False,False
1028404798591603585,3 quartos com terraço Meia Praia,Meia Praia,apartamento,3,2.0,8,,,,4,5.0,5,True,False
1067501516559338603,Cobertura na quadra do mar,Não identificado,apartamento,4,3.0,10,,,,10,4.800000190734863,4,False,False
46451253,Apartamento na quadra Praia e calçadão. Meia praia,Meia Praia,apartamento,3,2.0,7,440.0,595.7983870967741,186.0,10,5.0,5,False,False
1322346605725910804,Apartamento em Itapema 3 quartos,Não identificado,apartamento,3,2.0,8,,,,1,5.0,5,False,False
1242955426145195603,Apartamento à 350m da praia,Não identificado,apartamento,2,2.0,4,,,,2,5.0,5,False,False
1258216896430964871,Home 567,Centro,outros,2,1.0,2,,,,1,5.0,5,False,False
969069474772479332,Apartamento confortável no centro de Meia Praia SC,Meia Praia,apartamento,3,2.0,8,,,,1,5.0,5,True,False
1323423731358115676,Apartamento em Meia Praia,Meia Praia,apartamento,2,2.0,6,,,,0,,0,False,False
686743101124580615,Quadra mar 3 suítes Meia praia temporada (AL134),Meia Praia,apartamento,3,4.0,8,648.0,818.2037037037037,27.0,6,5.0,5,True,False
47387605,Apartamento Meia Praia - 50 m do mar,Meia Praia,apartamento,3,3.0,8,,,,3,5.0,5,False,False
1320506628179287069,Apartamento Itapema temporada perto praia,Não identificado,apartamento,2,3.0,4,,,,0,,0,False,False
1306687681362059790,Lindo apartamento com vista mar,Não identificado,apartamento,3,3.0,6,,,,0,,0,False,False
15449593,Apto NOVO em MEIA PRAIA,Meia Praia,apartamento,2,2.0,6,,,,3,5.0,5,False,False
984162262021333882,"Sol e Mar, lindo apartamento!",Não identificado,apartamento,2,2.0,4,,,,3,5.0,5,False,False
783535222371747130,Apartamento com linda vista mar,Não identificado,apartamento,2,2.0,6,,,,1,5.0,5,False,False
44369632,03 -  Excelente Localização! 20 metros da praia!,Centro,apartamento,3,2.0,8,705.0,723.0,15.0,44,4.889999866485596,4,True,False
1211548624462491441,"Apto pé na areia, completo.",Não identificado,apartamento,2,2.0,6,,,,2,5.0,5,False,False
771111761043546355,Lindo Apartamento Quadra Mar,Centro,apartamento,2,1.0,6,557.0,598.4191919191919,198.0,18,4.940000057220459,4,False,False
1257301192999660879,Itapema 282,Não identificado,apartamento,3,2.0,8,,,,1,5.0,5,True,False
1057161824486456028,Apto Simples c/ sacada 02 Dormi,Não identificado,apartamento,2,2.0,6,,,,0,,0,False,False
31427838,Casa em Meia Praia-Itapema-SC (Alta/Baixa temp.),Meia Praia,casa,3,2.0,8,,,,58,4.909999847412109,4,True,False
1187558666042801587,Apto confortável 150m do mar em Meia Praia RCB405,Meia Praia,apartamento,3,2.0,6,564.0,648.9082840236687,169.0,7,5.0,5,False,True
39742353,"3 Dormitórios, 2 Vagas, Meia Praia, Itapema - SC",Meia Praia,apartamento,3,2.0,8,,,,1,4.0,4,False,False
1284129114802328397,2 suítes com churrasqueira,Não identificado,apartamento,2,3.0,4,,,,3,5.0,5,False,False
47370539,Cobertura pé na areia em Itapema Meia Praia,Meia Praia,apartamento,3,2.0,8,,,,3,5.0,5,False,False
16730935,Suíte em Meia Praia - Itapema/SC,Meia Praia,outros,1,1.0,2,250.0,250.0,89.0,22,5.0,5,False,False
1225568795560230867,Rua 250 Meia Praia 180m do Mar,Meia Praia,apartamento,0,1.0,8,,,,0,,0,False,False
1010140406140977818,Quarto Solteiro na Meia Praia,Meia Praia,outros,1,1.0,2,,,,1,5.0,5,False,False
41703278,3 suítes alto padrão a 50 m do mar - Praia central,Não identificado,apartamento,3,3.0,7,,,,5,4.599999904632568,4,False,True
826789821972806468,Apartamento em Meia Praia,Meia Praia,apartamento,3,3.0,5,,,,0,,0,False,False
613128893836820705,Apartamento. A mtrs do Mar Meia Praia verao 2023,Meia Praia,outros,2,2.0,2,,,,0,,0,False,False
1317505783661437142,Luxo e conforto em Meia Praia,Meia Praia,apartamento,3,3.0,8,,,,1,5.0,5,False,False
32640607,Apartamento lindo em Itapema.,Não identificado,apartamento,2,1.0,6,,,,6,4.829999923706055,4,False,False
29897264,Apto em Meia Praia Itapema/SC  há 70 metros do mar,Meia Praia,apartamento,3,2.0,6,,,,0,,0,False,False
52426754,"Casa agradável, 200 metros da praia.",Meia Praia,casa,3,2.0,6,,,,21,4.949999809265137,4,False,False
676769560370165887,Apartamento encantador quadra mar Meia Praia,Meia Praia,apartamento,2,2.0,6,,,,3,5.0,5,False,False
45928238,Alugo apartamento novo em Itapema.,Não identificado,apartamento,2,3.0,5,,,,8,5.0,5,False,False
53190433,Frente Mar Itapema,Centro,apartamento,3,2.0,8,800.0,794.7368421052631,76.0,20,4.699999809265137,4,False,False
1011714999685071594,"Prédio Beira Mar, vaga de garagem, A/C e Wi-Fi!",Centro,apartamento,3,2.0,6,557.0,556.5263157894736,57.0,6,5.0,5,True,True
1314371507074480350,(270) Duplex compartilhado com proprietário,Não identificado,outros,1,0.0,3,,,,0,,0,True,True
26839303,Apartamento  a 30 metros do mar de Meia Praia,Meia Praia,apartamento,2,2.0,8,800.0,762.5758395348837,129.0,29,4.860000133514404,4,True,False
1322470046665746144,Casa em Itapema,Não identificado,casa,2,1.0,5,,,,0,,0,False,False
1186293533585362679,"Garden, Churrasqueira e 2 Vagas Garagem Meia Praia",Meia Praia,apartamento,3,3.0,8,,,,13,4.849999904632568,4,True,True
1041429073806880783,Pe Na Areia,Não identificado,apartamento,3,3.0,7,,,,0,,0,False,False
53252171,sobrado agradável próximo de tudo,Não identificado,casa,1,2.0,4,,,,0,,0,False,False
1060919690197765692,Apartamento 3 suítes,Não identificado,apartamento,3,3.0,6,,,,0,,0,False,False
52517585,ITAPEMA - Meia Praia,Meia Praia,apartamento,2,2.0,8,,,,0,,0,True,False
1282087116272475077,VA Confortável ap 900 m da praia AC todos cômodos,Não identificado,apartamento,2,1.0,5,,,,1,5.0,5,True,True
50976657,Cobertura a 150mt do mar. Meia Praia Itapema,Meia Praia,apartamento,4,3.0,12,,,,4,4.75,4,False,False
1237000937439714111,Apartamento Meia Praia,Meia Praia,apartamento,3,2.0,8,,,,1,5.0,5,False,False
1041944788019193143,Quadra Mar Meia Praia Itapema,Meia Praia,apartamento,3,4.0,8,,,,0,,0,False,False
1321693375598269627,playmilla quarto Itapema,Não identificado,outros,1,0.0,2,,,,0,,0,False,False
852046515625649276,Apartamento Frente Mar Itapema. Ref. 1143,Centro,apartamento,2,2.0,5,,,,0,,0,False,False
1279869079785736400,Kitnet em Itapema - Preço baixo,Morretes,casa,1,1.0,5,,,,0,,0,True,False
1060022326239750129,Casa confortável 300 metros da praia,Não identificado,casa,3,2.0,6,,,,0,,0,True,False
927426982999320086,1703 apto quadra mar em meia praia,Meia Praia,hotel,3,2.0,10,,,,0,,0,False,True
31441134,Apartamento duplex com piscina,Não identificado,apartamento,4,4.0,11,1500.0,1514.7666666666667,180.0,9,5.0,5,False,False
1304648120026910544,Apartamento com 4 suítes,Não identificado,apartamento,4,4.0,10,,,,0,,0,False,False
29128192,"Apto 70 m do mar, ótima localização de Itapema",Meia Praia,apartamento,3,2.0,6,,,,10,4.900000095367432,4,False,False
859925561562240250,Aluguel verão quadra mar 3 suíte *132,Meia Praia,apartamento,3,3.0,8,704.0,792.8275862068965,29.0,5,5.0,5,True,False
1016170146113022406,Quarto compartilhado pertinho do mar Itapema,Não identificado,outros,1,2.0,4,,,,1,5.0,5,False,False
17004598,Amplo apto com Terraço Privativo - 30 mts do Mar,Não identificado,apartamento,3,2.0,8,,,,12,5.0,5,False,False
31859744,"Apartamento com vista mar em Meia Praia, Itapema",Meia Praia,apartamento,2,3.0,6,500.0,506.83673469387753,196.0,22,5.0,5,False,False
52826190,Casa completa em Itapema/SC - Meia Praia,Meia Praia,casa,2,1.0,6,300.0,321.6885963157895,38.0,12,4.75,4,True,False
1053585584811665551,Cabana Flor do Mato - A natureza te abraça !,Não identificado,casa,0,0.0,2,,,,8,5.0,5,True,True
1004246858529207822,Apartamento muito aconchegante,Não identificado,apartamento,2,1.0,6,,,,1,4.0,4,True,False
1266845485089885459,Apartamento frente ao Mar!,Não identificado,apartamento,4,5.0,8,,,,0,,0,False,
1318089391331775687,Casa a 2km da Praia,Não identificado,casa,2,1.0,6,,,,0,,0,False,False
37118794,BEIRA MAR - APARTAMENTO 03 DORMITÓRIOS,Meia Praia,apartamento,3,2.0,6,1000.0,993.1920529801324,151.0,6,5.0,5,False,False
21436592,Apartamento - Meia Praia - 03 Suítes,Meia Praia,apartamento,3,3.0,9,490.0,528.8059701492538,67.0,18,4.71999979019165,4,False,False
1287074659587569490,Casa meia praia 600mts mar,Meia Praia,casa,3,2.0,9,,,,0,,0,False,False
1310264822884912762,Apartamento beira mar Itapema SC,Não identificado,apartamento,3,2.0,8,,,,0,,0,False,False
1069752293248046144,Apartamento em itapema,Centro,apartamento,3,2.0,8,,,,2,5.0,5,False,False
1329787295308110610,Apto Vista Mar c/ Churrasqueira MHF1408,Centro,apartamento,2,1.0,5,935.0,935.0,71.0,0,,0,False,True
1059771355274004427,5 Minutos da Praia de Itapema,Não identificado,casa,2,2.0,8,,,,0,,0,False,
1031180495978725366,3 Suítes a 50 metros do Mar - AL110,Meia Praia,apartamento,3,3.0,8,,,,4,5.0,5,True,False
1288656593144142253,Itapema 293,Não identificado,apartamento,3,3.0,6,,,,0,,0,True,False
771807383213650539,Apto 4 suítes 3 vagas quadra mar,Meia Praia,apartamento,4,5.0,10,,,,0,,0,False,False
52348108,Meia Praia/SC - Apartamento com VISTA PRO MAR!!,Meia Praia,apartamento,2,2.0,6,400.0,553.4246575342465,73.0,25,4.760000228881836,4,False,False
1049252938343196470,"ap. segundo andar meia praia,",Meia Praia,apartamento,3,1.0,10,,,,2,5.0,5,True,False
794710559970994170,"Ap.Ensolarado!
 700m da praia ,check-out 16h !",Não identificado,apartamento,2,2.0,4,500.0,506.9054375886525,141.0,11,5.0,5,False,False
9471763,Prédio em frente ao mar :],Meia Praia,apartamento,2,2.0,4,,,,157,4.889999866485596,4,True,False
1308253688292379707,Peace on the beach.,Não identificado,outros,1,1.0,2,,,,0,,0,False,
1303003604588140707,Aconchegante Ap. em Meia Praia,Meia Praia,apartamento,2,2.0,6,,,,2,4.5,4,False,False
8239510,Pé na areia! Apto completo BEIRA MAR! ÁREA NOBRE,Não identificado,apartamento,3,3.0,6,,,,6,5.0,5,False,False
1005164324674982229,"Apto Vista Mar, 4 quartos 2 vagas",Meia Praia,apartamento,4,3.0,6,,,,1,5.0,5,False,False
28216289,"Apt 501 Luxo Frente Mar em Itapema SC 3 suítes,4ar",Não identificado,apartamento,3,3.0,8,,,,1,5.0,5,False,False
53124941,Apartamento à 80 metros da praia...com vista Mar!,Meia Praia,apartamento,3,2.0,8,,,,1,5.0,5,False,False
1031288144043810073,Apartamento novo no Morretes - 2 suítes - Itapema,Meia Praia,apartamento,2,2.0,4,,,,4,5.0,5,False,False
1066560801522010915,Quarto para 2 pessoas,Não identificado,outros,1,0.0,2,,,,1,5.0,5,False,False
31084342,"Lindo 4 Suítes, 1 quadra e meia do mar e3 garagens",Meia Praia,apartamento,4,4.0,12,800.0,814.1509433962265,53.0,5,5.0,5,False,False
22047595,"Cobertura Duplex pé na areia, 3 quartos Meia Praia",Meia Praia,apartamento,3,2.0,10,620.0,700.8376901960784,153.0,37,4.889999866485596,4,True,False
1173300984346827182,Majestic Itapema,Não identificado,apartamento,3,3.0,8,,,,0,,0,False,False
1236175341590201699,"Férias  conforto e bem estar,
2 dorm sendo 1 suíte",Não identificado,apartamento,2,2.0,6,,,,1,5.0,5,False,False
964387515572774783,Apto Vista Mar e Ar condicionado,Não identificado,apartamento,2,2.0,4,,,,12,4.75,4,True,False
32552871,Uma estadia feliz,Não identificado,apartamento,3,2.0,8,,,,1,4.0,4,False,False
1057137469420115073,Apto excelente e luxuoso a 400m da praia DBR0805,Meia Praia,apartamento,2,2.0,6,575.0,720.0122282608696,184.0,28,4.960000038146973,4,False,True
805931746930977423,Cobertura Duplex - Piscina Privativa - 100 do MAR!,Não identificado,apartamento,3,3.0,10,,,,9,4.889999866485596,4,False,False
755046728170332800,Cobertura aconchegante a menos de 100 m da praia,Não identificado,apartamento,3,2.0,10,,,,2,4.0,4,False,False
883930877150990341,Suíte em apto compartilhado,Meia Praia,outros,1,1.0,3,109.0,109.0,5.0,26,4.960000038146973,4,True,False
1282082825192778625,Apartamento completo em Itapema,Não identificado,apartamento,2,2.0,5,,,,0,,0,False,False
1284886308350762835,Apartamento Itapema BLPB,Não identificado,apartamento,3,2.0,6,,,,0,,0,False,False
822407242041109663,lindo ap itapema para.ferias,Não identificado,apartamento,2,2.0,6,,,,2,5.0,5,False,False
1218223664268792610,3 Suítes no Centro da Meia Praia,Meia Praia,apartamento,3,3.0,6,,,,0,,0,False,True
781419662620839834,Apartamento encantador com vista para o mar,Não identificado,apartamento,2,1.0,4,,,,4,3.0,3,False,False
1302893810172527030,Suíte a 170 metros da praia,Não identificado,outros,1,1.0,4,,,,0,,0,False,False
40289385,chacara em cidade de praia,Centro,casa,12,13.0,16,,,,15,4.670000076293945,4,False,False
1286849144880860521,Apartamento a 250 metros do mar,Meia Praia,apartamento,3,2.0,8,,,,2,5.0,5,False,False
816133717795107883,apartamento quadra mar,Não identificado,apartamento,3,3.0,6,,,,1,5.0,5,False,False
1309735537588066969,Ap próximo à praia primeira 1av,Não identificado,apartamento,2,2.0,5,,,,0,,0,False,False
1189332946247734534,Apartamento Meia Praia,Meia Praia,apartamento,3,2.0,6,,,,0,,0,False,False
17034886,Localização Incrível na Praia de Meia Praia!!!!!!!,Meia Praia,casa,2,2.0,16,446.0,832.75,46.0,29,4.760000228881836,4,False,False
1063631850360870442,Apartamento com vista da Praia Ref 1245,Centro,apartamento,3,3.0,8,,,,0,,0,False,False
1308750692678694887,Apto vista p/o mar melhor região,Não identificado,apartamento,3,2.0,6,,,,0,,0,False,False
1059617467133711457,Apto suíte + 2 á 400m da praia,Não identificado,apartamento,3,2.0,6,,,,4,5.0,5,False,False
815304864569530906,Excelente Casa em Itapema SC,Não identificado,casa,3,2.0,8,,,,0,,0,False,
54344715,"Casa de vó “tem
de tudo”",Não identificado,apartamento,2,2.0,4,,,,1,5.0,5,False,False
1057361282873491498,Apto centro de itapema. A1,Centro,apartamento,2,1.0,6,,,,0,,0,True,False
881204142086821328,150m mar em Meia Praia. Último andar 3 quartos.,Meia Praia,apartamento,3,2.0,7,550.0,584.21875,160.0,43,4.980000019073486,4,True,False
764595430991746598,Apartamento Itapema meia praia,Meia Praia,apartamento,3,1.0,7,,,,18,4.889999866485596,4,True,False
761359370805598508,Melhor custo-benefício a 200 metros da praia,Não identificado,apartamento,2,1.0,6,,,,0,,0,False,False
1022568413168693137,Melhor investimento perto do mar,Não identificado,apartamento,2,1.0,6,,,,3,4.670000076293945,4,False,False
1100991386372756521,Excelente apto. próximo do mar,Meia Praia,apartamento,2,2.0,8,800.0,826.0555555555555,252.0,12,5.0,5,True,False
1296646180963052154,Quarto 800mt da praia,Não identificado,outros,1,1.0,3,,,,2,5.0,5,False,False
1156353586623329135,Luxuoso e vista extraordinária c/ Heliponto,Não identificado,apartamento,4,5.0,10,,,,0,,0,False,False
1318155894441200282,Cobertura Duplex em Meia Praia,Meia Praia,apartamento,3,2.0,10,,,,0,,0,False,False
552104897649888373,Apartamento a menos de 100 metros da praia,Não identificado,apartamento,3,1.0,7,,,,0,,0,False,False
53936201,Apto em condomínio Pé na Areia em Itapema N1672,Não identificado,apartamento,3,2.0,6,725.5,772.4493460784314,102.0,34,4.760000228881836,4,False,True
1277624767934070213,Apto aconchegante na praia,Não identificado,apartamento,3,3.0,6,,,,1,5.0,5,False,False
38548630,Raridade! Ap recém reformado à beira-mar :),Não identificado,apartamento,3,2.0,6,,,,13,4.849999904632568,4,False,False
728052516779618527,Lindo apto 3 suítes próximo mar!,Meia Praia,apartamento,3,3.0,6,,,,0,,0,True,False
1258884444504804671,Infinity Tower Flat Meia Praia,Meia Praia,apartamento,1,1.0,4,,,,0,,0,False,False
739198477312738969,Alugo excelente e amplo apartamento em meia praia!,Meia Praia,apartamento,0,0.0,6,,,,2,5.0,5,False,False
1270459633014415142,Suíte Sol e Mar,Não identificado,outros,1,1.0,2,,,,11,5.0,5,True,False
755919144976286654,Apto Aconchegante 50 m do Mar.,Não identificado,apartamento,2,1.0,5,,,,5,3.5999999046325684,3,False,False
48142165,"Apto amplo a 170 mts da orla, vista lateral do mar",Não identificado,apartamento,3,2.0,6,,,,9,4.889999866485596,4,False,False
1171011645823000974,Ótimo apto quadra mar Meia Praia,Meia Praia,apartamento,3,2.0,8,,,,0,,0,False,
1305688005825332133,Apartamento Frente Mar - Moderno,Não identificado,apartamento,2,2.0,6,,,,0,,0,False,
1272537775161574422,Apartamento 110m da Meia Preia - Itapema EPV204,Meia Praia,apartamento,2,2.0,4,495.0,566.3597122302158,139.0,7,4.710000038146973,4,False,True
32605581,"Casa de frente para o mar, MARAVILHOSO",Não identificado,casa,3,2.0,10,,,,0,,0,False,False
38695314,"Apartamento familiar alto padrão, luxo, 2 vg garag",Meia Praia,apartamento,3,3.0,9,600.0,629.8933333333333,150.0,62,4.849999904632568,4,True,False
1264669875935636914,Apt na Meia Praia a 4 min do mar,Meia Praia,apartamento,1,1.0,4,,,,2,4.5,4,False,False
1108135208144452030,"Praia família, Sol, Luar e Lazer",Não identificado,apartamento,2,1.0,5,,,,0,,0,False,False
39814682,"3 Suítes, Novo - 4 Vagas -  Meia Praia -Itapema/SC",Meia Praia,apartamento,3,3.0,8,,,,0,,0,False,False
1033866064868877388,Apt novo a 250 m da praia,Não identificado,apartamento,2,3.0,6,,,,0,,0,False,
1158058099432766385,"Quarto suíte,Meia Praia,garagem,500mt da Praia",Meia Praia,outros,1,0.0,2,,,,0,,0,False,False
927428621188028958,4094 Apto 4 quartos frente mar em Meia Praia,Meia Praia,apartamento,4,2.0,11,,,,0,,0,False,True
1321988636246787772,Apartamento Alto Padrão,Não identificado,apartamento,4,6.0,10,,,,0,,0,False,False
1041935826250801258,4 Suítes Vista Mar Meia Praia,Meia Praia,apartamento,4,5.0,8,,,,0,,0,False,False
1001535818359576230,Itapemense Raiz - Apto Tropical,Não identificado,apartamento,2,2.0,8,,,,5,5.0,5,True,False
995670124692789028,"Vila dos pássaros, Quarto 03",Não identificado,outros,1,1.0,6,,,,1,5.0,5,False,False
30564287,"Apto Meia Praia, próximo dos shoppings, quadra mar",Meia Praia,apartamento,3,2.0,9,,,,0,,0,False,False
1088514611356100982,Apê a 50 metros do Mar - Itapema - ITA001,Centro,apartamento,2,2.0,6,,,,1,5.0,5,True,True
52776168,3 suites 2 vagas na meia praia,Meia Praia,apartamento,3,2.0,7,,,,27,5.0,5,True,False
877369704935240972,"Casa com piscina, pertinho do Mar",Não identificado,casa,3,3.0,8,,,,4,4.5,4,False,False
54237040,Apartamento vista mar 200 metros da praia,Não identificado,apartamento,3,2.0,8,700.0,696.0707075757576,66.0,9,5.0,5,False,False
1049812703373748837,"Acomode-se com Estilo em Itapema, Perto de Tudo",Não identificado,apartamento,2,1.0,5,,,,2,5.0,5,True,False
1034050331755813941,Apartamento de frente para o mar,Não identificado,apartamento,3,2.0,10,,,,0,,0,False,
1048773939396362640,Loft  próximo ao centro itapema - Com AR,Centro,outros,1,1.0,3,,,,1,5.0,5,False,False
740566202542708128,Amplo apartamento com 2 vagas de garagem.,Não identificado,apartamento,4,4.0,10,,,,3,5.0,5,False,False
45266833,Pé na areia - Rua 275 2D com tela de proteção,Não identificado,apartamento,2,2.0,6,,,,16,4.940000057220459,4,False,False
1034873975277447845,Belo Apto a 5 min da Praia de Itapema IVT1301,Não identificado,apartamento,3,4.0,6,732.0,772.8783948148148,135.0,16,4.880000114440918,4,False,True
1248596862601348230,Itapema 300/604,Não identificado,apartamento,2,2.0,6,,,,0,,0,True,False
41457268,Aluguel de verão,Não identificado,casa,0,2.0,8,,,,0,,0,False,False
1004136807267956914,Apartamento Meia Praia 234,Meia Praia,apartamento,3,3.0,8,,,,2,4.5,4,False,False
1015838718497361753,Casa em Itapema perto do mar!,Não identificado,casa,2,1.0,8,,,,1,5.0,5,False,False
1279089582401296369,Apto 2 suítes + 2 demi-suítes,Não identificado,apartamento,4,3.0,10,,,,0,,0,True,False
1086114368658410156,4 suítes 2 vagas 30m da areia,Não identificado,apartamento,4,4.0,10,,,,0,,0,False,False
1281329818566296132,Casinha de Praia em Itapema,Não identificado,casa,1,1.0,4,,,,2,5.0,5,False,False
32717195,Apartamento localização privilegiada Meia Praia/Sc,Meia Praia,apartamento,2,2.0,6,,,,7,4.860000133514404,4,False,False
1266062577521926245,Ap com vista para o mar!,Canto da Praia,apartamento,2,3.0,4,,,,0,,0,False,False
45911573,Apartamento em Meia Praia,Meia Praia,apartamento,3,3.0,8,1100.0,1017.1358024691358,81.0,11,4.820000171661377,4,False,False
1303561207664284946,Apartamento próximo ao mar,Não identificado,apartamento,2,2.0,6,,,,0,,0,False,False
32606991,"Apt. Amplo a 200mt da praia. AR, Wi-fi, Netflix",Meia Praia,apartamento,3,3.0,8,550.83335,577.372340212766,188.0,22,4.769999980926514,4,False,False
1280006395961997304,casa(loft) ilhota Itapema SC,Ilhota,casa,2,1.0,5,,,,0,,0,False,False
48243472,"Frente Mar, vista deslumbrante em Itapema!.",Não identificado,apartamento,3,3.0,8,1414.3125,1369.8360225806452,124.0,49,5.0,5,True,False
40039627,Nilmare Apart Hotel - Suite Privativa c/ Cozinha 4,Não identificado,apartamento,1,1.0,3,323.0,337.2908577669903,206.0,504,4.840000152587891,4,True,True
885372132705223062,Suas férias na Meia Praia,Meia Praia,apartamento,3,3.0,10,,,,0,,0,False,False
715713871870273384,Apartamento amplo a 1 quadra  da praia a 120 m,Não identificado,apartamento,3,2.0,10,,,,1,5.0,5,False,False
1040763172222042178,Residencial Planalto,Não identificado,apartamento,2,2.0,6,,,,18,4.829999923706055,4,False,False
1291617546855693110,Apto 03 suites primeira locação,Não identificado,apartamento,3,3.0,6,,,,0,,0,False,False
46924699,Lindo e amplo apt Meia Praia para sua Família,Meia Praia,apartamento,3,2.0,8,,,,39,4.900000095367432,4,True,False
31972121,"Apartamento no centro de Meia Praia, com sacada.",Meia Praia,apartamento,2,1.0,5,350.0,344.06779661016947,59.0,11,4.639999866485596,4,False,False
53893648,Meia Praia- Quadra Mar,Meia Praia,apartamento,2,2.0,6,550.0,632.4890510948906,137.0,18,5.0,5,True,False
1014396911178096370,"Alto padrão e novo, a 3 minutos da praia",Não identificado,apartamento,3,3.0,8,,,,0,,0,False,False
53458717,Apto arejado com 03 quartos(1 suite) e duas vagas,Não identificado,apartamento,3,2.0,6,380.0,392.48177078125,128.0,11,5.0,5,True,False
1242002119123644781,Ap Luxo/ Vista Mar / Super Área de Lazer /4 Suites,Não identificado,apartamento,4,4.0,6,,,,0,,0,False,False
721754693718811881,Apartamento com Ótima localização na meia praia!,Meia Praia,apartamento,4,3.0,10,,,,0,,0,False,False
1126166296928293159,"Apartamento, espaçoso e aconchegante, 06 hospedes.",Não identificado,apartamento,2,2.0,6,,,,33,4.909999847412109,4,True,False
53175731,Apt aluguel Meia praia itapema pertinho do mar,Meia Praia,apartamento,3,2.0,7,1199.0,1083.1635218867925,265.0,7,5.0,5,False,False
52650644,Estrutura completa para seus dias na praia,Meia Praia,apartamento,3,2.0,7,600.0,680.8531746031746,126.0,12,4.920000076293945,4,False,False
972543924881751162,Lindo Apto em Itapema,Meia Praia,apartamento,2,1.0,5,,,,0,,0,False,False
1050641697385417050,Apto Centro de Itapema,Centro,apartamento,3,4.0,10,,,,3,4.329999923706055,4,False,False
29816615,"Casa 3 quartos, com muito espaço, ar cond. Wi-fi",Não identificado,casa,3,2.0,8,,,,1,5.0,5,False,False
1310948023336116283,Casa espaçosa!,Centro,casa,3,1.0,6,,,,0,,0,False,False
28932247,Sobrado na Meia Praia Itapema SC,Meia Praia,casa,3,2.0,9,450.0,495.75252525252523,99.0,25,4.920000076293945,4,False,False
40834982,"IMPERDÍVEL, aconchegante apt a 300m do mar.",Não identificado,apartamento,2,2.0,4,,,,5,5.0,5,False,False
791275721976210246,Apartamento em Meia Praia,Meia Praia,apartamento,2,2.0,9,,,,2,5.0,5,False,False
53280294,"Ap amplo frente mar lateral, super confortável",Meia Praia,apartamento,2,2.0,7,,,,4,4.75,4,False,False
742184034257552693,O + barato. Itapema apto 7 pessoas!,Centro,apartamento,2,2.0,7,,,,2,5.0,5,False,False
31505119,Apartamento em Meia Praia/SC a 100 metros do mar!,Meia Praia,apartamento,2,2.0,10,,,,14,4.139999866485596,4,False,False
1162356825585869936,Locação anual Itapema,Meia Praia,apartamento,3,4.0,6,,,,0,,0,False,False
1208718899534488031,Studio moderno vista mar em Itapema MHFA0507,Centro,apartamento,1,1.0,2,427.0,435.0926757847534,223.0,5,4.800000190734863,4,False,True
38879639,Apartamento no coração da Meia Praia,Meia Praia,apartamento,3,2.0,8,,,,0,,0,False,False
17220254,Apto em Itapema,Meia Praia,apartamento,4,3.0,10,,,,5,5.0,5,False,False
28160414,Apto com vista para o mar de todos os cômodos,Não identificado,apartamento,3,2.0,6,498.0,612.328947368421,152.0,7,5.0,5,False,False
1181933658424522281,Studio charmoso vista mar em Itapema MHFB2005,Centro,apartamento,1,1.0,2,374.16667,387.0681425,192.0,19,4.789999961853027,4,False,True
30122734,DK2 Casa 3dorm 2vagas Churr Piscina Sinuta,Não identificado,casa,3,1.0,12,,,,3,4.670000076293945,4,False,False
40153336,"Meia Praia, Itapema 3 Suítes, 3 Vagas para carro.",Meia Praia,apartamento,3,3.0,8,,,,0,,0,False,False
1278968671813436244,Linda casa em Itapema,Não identificado,casa,3,3.0,8,,,,0,,0,False,False
1047723626454445067,Suas férias a 50 mt do mar,Não identificado,apartamento,3,3.0,8,1750.0,1637.7726156133829,269.0,7,5.0,5,False,False
1063686845680809516,"Suíte Privativa em Itapema, proxima ao mar.",Não identificado,outros,1,1.0,2,,,,2,5.0,5,False,False
41260111,501 Bom demais  30 mt do mar,Não identificado,apartamento,4,3.0,11,1756.5,1730.6777805555555,144.0,6,5.0,5,False,False
53611299,apartamento com vista mar...,Não identificado,apartamento,3,4.0,6,,,,0,,0,False,False
1031275935967978274,Apartamento em Itapema/MeiaPraia,Não identificado,apartamento,4,3.0,8,,,,0,,0,False,False
927433279584378305,843 Apto 3 quartos Frente mar em Meia Praia,Meia Praia,apartamento,3,2.0,8,,,,0,,0,False,True
1245817805597724403,"Apto confortável, 2 min da praia",Meia Praia,apartamento,2,2.0,4,,,,1,5.0,5,False,False
53659639,Frente Mar 3 quartos_2vagas_ Itapema SC,Ilhota,apartamento,3,2.0,6,,,,13,4.920000076293945,4,True,False
549056203343531816,Meia Praia - 50 metros do mar - PERTO DE TUDO,Meia Praia,apartamento,3,2.0,8,650.0,554.4622093023256,86.0,24,5.0,5,True,False
1291327601640024647,Cobertura frente para o mar.,Não identificado,apartamento,4,6.0,10,,,,1,5.0,5,False,False
54368585,301- Apartamento no centro de Itapema *com garagem,Centro,apartamento,2,1.0,6,,,,7,4.710000038146973,4,False,False
1321772233259668704,"Apto. 2 quartos, próximo a praia",Centro,apartamento,2,2.0,8,,,,0,,0,False,False
1291467049168966563,Apartamento 402,Não identificado,apartamento,4,5.0,10,,,,0,,0,False,False
1052877686323833185,Apartamento 3 suítes 300m praia.,Não identificado,apartamento,3,3.0,6,,,,0,,0,False,False
1108011865175693567,Apartamento espaçoso próximo Mar - AL130,Meia Praia,apartamento,3,3.0,8,,,,0,,0,True,False
1006396584243125090,Nilmare Apart Hotel - Apto moderno c/ lareira - 7,Não identificado,apartamento,1,1.0,4,601.0,574.9787653846154,208.0,50,4.800000190734863,4,True,True
41493620,"Apto 50 m da Praia,  terraço linda vista pro mar",Não identificado,apartamento,2,2.0,4,750.0,763.371187890625,256.0,7,5.0,5,False,False
1005962805287014804,Rua 244  3 suítes na Meia Praia,Meia Praia,apartamento,3,4.0,8,,,,5,4.599999904632568,4,True,False
1279961611855559084,Próximo à praia e mercados,Não identificado,apartamento,2,2.0,6,,,,0,,0,False,False
1244287743643160161,Apartamento em Itapema,Não identificado,apartamento,2,3.0,6,,,,0,,0,False,False
1179103047052148475,Apto c/ churrasqueira a 70m da praia RTO0502,Não identificado,apartamento,4,3.0,8,640.5,686.2233009708738,103.0,4,4.5,4,False,True
1110150010928830427,Apartamento en Meia Praia,Meia Praia,apartamento,3,2.0,10,,,,2,5.0,5,False,False
1316850726790986703,Ap 2 dorm 120m areia Meia Praia,Meia Praia,apartamento,2,2.0,8,,,,0,,0,True,False
1040578292859356067,"Quadra Mar, Meia Praia - Itapema",Meia Praia,apartamento,3,2.0,8,,,,3,5.0,5,False,False
1050137833718465675,Apto Panorâmico Vista Mar em Itapema - SC,Não identificado,apartamento,3,2.0,10,,,,0,,0,False,True
46414876,Sua estadia é praticamente no mar!,Não identificado,apartamento,3,2.0,6,,,,1,3.0,3,False,False
50132160,"Meia Praia, 2 Suítes Climatizadas, Garagem p/carro",Meia Praia,apartamento,2,2.0,6,,,,1,4.0,4,False,False
47252509,Lindo apartamento de frente para o mar. Uma jóia.,Não identificado,apartamento,2,2.0,7,,,,5,4.599999904632568,4,False,False
1058820330660898939,"Apto,sofisticado próximo ao mar.",Não identificado,apartamento,2,2.0,5,,,,1,5.0,5,False,False
1274829509619951251,Apartamento  Decorado a 5min da praia,Meia Praia,apartamento,1,2.0,4,,,,3,5.0,5,False,False
568791170009921084,Cobertura Infinity Blue - Itapema/SC,Não identificado,apartamento,4,3.0,8,,,,7,4.710000038146973,4,True,
786441399936695949,Ap 70 metros do mar próximo ao píer,Não identificado,apartamento,3,3.0,8,,,,5,4.599999904632568,4,False,False
1283577977387075425,Modernidade e Conforto Vista Mar,Não identificado,apartamento,3,3.0,6,,,,0,,0,True,True
1286081921383451505,Apartamento em Meia Praia,Meia Praia,apartamento,3,3.0,6,,,,1,5.0,5,False,False
979873537122657344,apto 2 suítes em Itapema sc,Meia Praia,apartamento,2,2.0,8,,,,0,,0,False,False
1280480893558662063,Apartamento à beira-mar,Não identificado,apartamento,2,2.0,6,,,,1,4.0,4,False,False
1165268442212832778,Apto contemporâneo vista mar,Não identificado,apartamento,2,1.0,4,,,,2,5.0,5,False,False
42040998,ÓTIMO apto quadra do mar Meia praia - Itapema,Meia Praia,apartamento,2,2.0,6,,,,9,4.889999866485596,4,True,False
1320519261645360825,Quarto 10 lugares disponível,Não identificado,outros,1,2.0,1,,,,1,5.0,5,False,False
1064657282412012733,Quadra Mar 3 suítes/Meia Praia,Meia Praia,apartamento,3,4.0,6,,,,0,,0,False,False
1051444662755236628,Apartamento frente avenida na quadra do mar,Meia Praia,apartamento,3,2.0,9,,,,1,5.0,5,False,False
1207338410880339003,Studio 280m da praia em prédio c/ piscina MHFA0503,Centro,apartamento,1,1.0,2,427.0,435.0734215859031,227.0,0,,0,False,True
1252081873768049454,Apto  próximo ao mar- Meia Praia,Meia Praia,apartamento,3,1.0,10,,,,0,,0,False,False
1014765839935821941,Apartamento praia - meia praia,Meia Praia,apartamento,3,4.0,12,,,,0,,0,False,False
1290181951881707927,Apto itapema 300m do mar,Não identificado,apartamento,3,1.0,9,,,,1,5.0,5,False,False
994915784710952535,Meia Praia 3 suítes RussieRussi,Meia Praia,apartamento,3,3.0,10,,,,1,5.0,5,False,False
1303472761237083371,cobertura em itapema Meia Praia,Meia Praia,apartamento,3,2.0,7,,,,0,,0,False,False
39105862,"Apto 3 Dorm c/ar cond., Centro Meia Praia/Itapema",Meia Praia,apartamento,3,2.0,8,,,,0,,0,False,False
1234757378137103445,Refúgio Tranquilo na Praia.,Não identificado,casa,2,1.0,4,,,,0,,0,False,False
1063718516191302378,Casa de praia em itapema,Centro,casa,3,3.0,8,,,,1,5.0,5,False,False
52354467,Lindo apto Quadra-Mar em Meia Praia,Meia Praia,apartamento,3,2.0,6,450.0,584.009375,160.0,20,4.900000095367432,4,True,False
1314645874904397464,Casa a 2km da praia,Não identificado,casa,2,2.0,4,,,,2,5.0,5,False,False
42704327,Apartamento Frente ao Mar Centro,Centro,apartamento,3,3.0,8,1394.0,1287.1503274509805,204.0,9,5.0,5,False,False
1307535773934264183,Apartamento com churrasqueira/garagem e elevador,Não identificado,apartamento,2,2.0,6,,,,1,5.0,5,False,False
40635397,Chalé Nature,Não identificado,outros,3,2.0,4,,,,0,,0,False,False
42013117,NO CENTRO DE MEIA PRAIA PRÓXIMO MAR E SHOPINGS,Meia Praia,apartamento,2,2.0,6,590.0,569.0064076923077,26.0,20,5.0,5,False,False
1004324051500331631,Quarto espaçoso em meia praia,Meia Praia,outros,1,1.0,2,,,,5,5.0,5,False,False
27981528,Apartamento Aconchegante em Itapema. 800 mts praia,Não identificado,apartamento,3,2.0,6,500.0,555.8431034482759,145.0,138,4.929999828338623,4,True,False
1302915484972141963,"Summer Beach! Itapema-m.praia
5 min pé na areia!",Meia Praia,apartamento,3,3.0,8,,,,1,4.0,4,True,False
21426355,Apartamento Central muito próximo mar e mercados,Meia Praia,apartamento,3,3.0,10,,,,6,4.5,4,False,False
52597268,Apartamento- Dois quartos- A duas quadras da praia,Meia Praia,apartamento,2,1.0,6,,,,10,4.5,4,False,False
1302889068864518580,Quarto e Sala a 30m do Mar,Não identificado,apartamento,1,1.0,2,,,,1,3.0,3,False,False
1313795256370645827,casa próximo a praia,Não identificado,casa,2,2.0,7,,,,0,,0,False,False
1184078920130796920,Apartamento Novo com Linda Vista,Não identificado,apartamento,2,2.0,4,407.5,414.3142857142857,70.0,11,5.0,5,True,True
53645678,"Apto 16 andar,  vista panorâmica 270º - Meia Praia",Meia Praia,apartamento,3,2.0,7,770.0,734.4495412844037,109.0,13,5.0,5,False,False
49458831,Home office com vista mar,Não identificado,apartamento,3,4.0,8,,,,3,4.670000076293945,4,False,False
811709074422811670,Excelente apto! Próximo de tudo! 270m do mar,Não identificado,apartamento,3,2.0,8,,,,5,5.0,5,True,False
1062221285605590578,Apartamento Encantador,Não identificado,apartamento,3,3.0,8,500.0,589.3841266666666,135.0,1,5.0,5,False,False
1297995073731505987,Meia praia - Próximo a praia/mercado/restaurantes,Meia Praia,apartamento,2,2.0,4,,,,1,5.0,5,False,False
1310723768119397365,Ap em Itapema 50 metros do mar.,Não identificado,apartamento,2,2.0,5,,,,1,5.0,5,False,False
824505899246109397,Infinity Tower Flat - 809,Meia Praia,apartamento,1,1.0,4,,,,1,5.0,5,False,False
41533462,"QUADRA MAR,  3 quartos, Meia Praia, Itapema",Meia Praia,apartamento,3,3.0,10,750.0,620.4507042253521,71.0,82,4.789999961853027,4,True,False
32020999,Amplo apartamento reformado beira-mar em Itapema,Centro,apartamento,3,2.0,10,,,,0,,0,False,False
976232490273870209,S2. Linda suíte no centro de itapema,Centro,outros,1,1.0,4,,,,1,5.0,5,False,False
1059695717144462622,"Centro de itapema, praia central",Centro,apartamento,1,1.0,3,,,,0,,0,False,False
818736543411409913,Frente Mar em Itapema (Estreito),Estreito,apartamento,3,3.0,6,,,,2,5.0,5,False,False
1041978576015060383,Apartamento Sol e Mar,Não identificado,apartamento,2,2.0,4,,,,10,5.0,5,True,False
1075327663234880571,Casa a menos de 100m da Praia!,Meia Praia,casa,4,3.0,10,,,,0,,0,False,False
40969000,"Apartamento Pé na Areia, amplo, 03 Dormitórios.",Não identificado,apartamento,3,2.0,6,,,,5,4.800000190734863,4,False,False
1236346204565200349,Apartamento no centro de Itapema,Centro,apartamento,2,3.0,6,,,,2,5.0,5,False,False
1293790445530578814,Conforto e Estilo Próximo ao Mar,Não identificado,apartamento,3,3.0,7,,,,1,5.0,5,True,False
1322385498684680916,"Lindo alto padrão, Ap central",Não identificado,apartamento,3,3.0,8,,,,0,,0,False,True
1193491060115853150,Apartamento para até 8 pessoas,Meia Praia,apartamento,2,2.0,8,,,,0,,0,True,False
1282577030741754149,Estúdio charmoso vista mar 280m da Praia MHFA0903,Centro,apartamento,1,1.0,2,382.0,398.86630054945056,182.0,7,4.139999866485596,4,False,True
1057414783406807449,Apto TOP 3 Suítes 7 P Meia Praia - Itapema SC,Meia Praia,apartamento,3,3.0,7,,,,1,5.0,5,True,False
53673395,"APTO aconchegante na Meia Praia, bem localizado.",Meia Praia,apartamento,2,1.0,5,,,,7,4.860000133514404,4,False,False
834894088253940194,"Suíte Oceano, privativa com vista linda do mar",Centro,outros,1,1.0,2,,,,6,5.0,5,False,False
41132407,Apartamento andar alto para temporada,Meia Praia,apartamento,3,4.0,8,,,,5,4.0,4,False,False
38638326,CONFORTO E REQUINTE NA SANTA E BELA CATARINA,Meia Praia,apartamento,3,3.0,6,675.0,665.3287045454546,198.0,106,4.980000019073486,4,True,False
53498029,Apto Aconchegante Em Frente Ao Mar,Não identificado,apartamento,2,1.0,5,,,,9,4.78000020980835,4,False,False
1293423265067963095,Apto no Russi Russi Meia Praia,Meia Praia,apartamento,3,2.0,10,,,,0,,0,False,
28342148,"Prédio frente mar, apto lateral",Não identificado,apartamento,2,2.0,6,,,,0,,0,False,False
44165129,"Centro de Meia Praia, 20m McDonalds, 3 Dorm c/ar",Meia Praia,apartamento,3,2.0,8,,,,2,5.0,5,False,False
801271167231006592,Novinho em folha! Apto recém montado! 1,Meia Praia,apartamento,2,2.0,6,250.0,251.94650197530862,81.0,17,4.940000057220459,4,True,False
1311436396574665693,Vista exuberante no 20⁰ andar,Não identificado,apartamento,2,3.0,7,,,,1,5.0,5,False,False
1010164576908019973,Apto vista-mar em Meia Praia,Meia Praia,apartamento,3,4.0,10,,,,0,,0,False,False
52813149,Apartamento espaçoso perto da praia,Não identificado,apartamento,3,2.0,6,,,,12,4.579999923706055,4,False,False
1287957791965762724,Próximo ao mar!,Não identificado,apartamento,3,2.0,6,,,,1,5.0,5,False,False
45531969,Apartamento com Lareira e  Linda vista para o mar,Não identificado,apartamento,3,2.0,8,650.0,648.3824175824176,91.0,31,5.0,5,True,False
1274733643327589564,Quarto individual 50m da praia,Não identificado,outros,1,1.0,2,,,,0,,0,False,False
45673726,Sonho de verão,Não identificado,apartamento,4,5.0,1,,,,0,,0,False,False
730644723519092285,"Quarto com suíte, a 100ms da Praia",Não identificado,outros,1,1.0,2,,,,1,5.0,5,False,False
1023309988162338565,Apartamento em Itapema SC / Meia Praia,Meia Praia,apartamento,3,4.0,6,,,,0,,0,False,False
1273992109121182190,Apartamento Itapema Meia Praia 15,Meia Praia,apartamento,4,4.0,12,,,,2,5.0,5,True,False
1286333977654822712,Apto a 50 Mts do Mar Meia Praia,Meia Praia,apartamento,3,3.0,8,,,,0,,0,False,
17570590,Beira Mar Paradisíaco,Meia Praia,apartamento,4,3.0,10,1574.0,1521.2916666666667,108.0,45,4.820000171661377,4,True,True
1310742028524584660,Quarto a 50 metros da praia,Não identificado,outros,1,1.0,2,,,,0,,0,False,False
1102350809508113139,Frente Mar Aluguel Anual,Não identificado,apartamento,2,2.0,7,,,,0,,0,False,False
45711835,Apto amplo com excelente localização na Meia Praia,Meia Praia,apartamento,4,2.0,10,900.0,890.625,16.0,17,4.940000057220459,4,False,False
17294276,Ap. R. 260 Vista do Mar/04 suítes  Meia Praia,Meia Praia,apartamento,4,4.0,9,850.0,992.68889,90.0,21,4.949999809265137,4,False,False
39837003,"Suíte Aconchegante Itapema, WC não é compartilhado",Não identificado,outros,1,1.0,2,,,,111,4.960000038146973,4,True,False
1285538056394050628,Apto elegante vista mar 280m da Praia MHF1509,Centro,apartamento,2,2.0,7,1320.0,1079.0913654618473,249.0,3,4.670000076293945,4,False,True
734774611454860165,Lindo apartamento vista mar,Não identificado,apartamento,4,3.0,8,625.0,615.9035947712418,153.0,10,4.900000095367432,4,False,False
29761442,Apto 3 quartos em Meia Praia,Meia Praia,apartamento,3,2.0,7,380.0,512.875,28.0,28,4.960000038146973,4,False,False
577333685681759877,Apto Pertinho do Mar em Meia Praia/Itapena,Meia Praia,apartamento,2,2.0,6,498.0,546.1010638297872,94.0,55,4.849999904632568,4,True,False
580589381711973141,"Apto amplo, 300 mts da praia,  2 suítes,  garagem",Meia Praia,apartamento,2,2.0,4,350.0,404.8076923076923,52.0,11,5.0,5,False,False
885573307899615788,Vista Mar Top 50 metros da Praia,Não identificado,apartamento,2,2.0,6,,,,2,5.0,5,False,True
16792099,KIT 6 - COM PISCINA 4 PESSOAS,Não identificado,casa,1,1.0,2,,,,3,4.670000076293945,4,False,False
1062640898662664328,Casa de verão em meia praia,Meia Praia,casa,3,1.0,10,,,,0,,0,False,False
1223218190223719061,Apto a menos de 60 metros da Praia.,Não identificado,apartamento,3,2.0,10,,,,0,,0,False,False
1078340136924118349,Eu Bem que mereço umas Férias,Não identificado,apartamento,2,1.0,4,,,,0,,0,False,False
19034009,"Ótima localização, 200m da praia e shopping Russi",Meia Praia,apartamento,2,2.0,5,,,,82,4.949999809265137,4,False,False
794947375713324843,Apartamento bem localizado,Meia Praia,apartamento,3,2.0,8,,,,0,,0,False,False
1202208549414487818,Seu AP pertinho do MAR - Res. Doralina,Meia Praia,apartamento,2,2.0,6,,,,1,5.0,5,True,False
1058193595817353204,Precioso apto a estrenar,Meia Praia,apartamento,2,2.0,6,400.0,394.5561797752809,89.0,11,5.0,5,True,False
1219327432735332574,Lago Maggiori: linda Vista Mar,Meia Praia,apartamento,2,2.0,6,,,,1,5.0,5,False,True
771730426994820566,Residencial Dom Basílio,Meia Praia,apartamento,2,2.0,6,,,,0,,0,False,False
1248089779912826997,Apto compartilhado c/ quarto e banheiro individual,Meia Praia,outros,1,1.0,2,,,,1,5.0,5,False,False
1062396271225190263,RL Suíte casal banheiro privado ar split wifi,Morretes,apartamento,0,1.0,2,,,,0,,0,False,False
1145617872827607513,Apt. aluguel de verão em Itapema,Não identificado,apartamento,2,2.0,5,,,,1,5.0,5,False,False
40678671,Apto show para deliciosas ferias.,Meia Praia,apartamento,2,2.0,4,,,,2,5.0,5,False,False
32585103,Bem-estar na quadra do mar de Meia Praia,Meia Praia,apartamento,2,2.0,5,600.0,449.6962962962963,135.0,75,4.909999847412109,4,True,False
709245197514952702,Área externa ampla com churrasqueira vista mar,Não identificado,apartamento,3,2.0,9,,,,0,,0,False,True
1070895497744991848,Casa com piscina Itapema SC 250m PRAIA.,Não identificado,casa,7,5.0,16,,,,0,,0,False,False
1289338795775178059,CASA completa 5minutos da praia,Não identificado,casa,3,3.0,8,,,,1,1.0,1,False,False
1130433234974669219,"Apto 3Q c/ banheira, 150m da praia, Itapema N1188",Não identificado,apartamento,3,3.0,6,,,,1,5.0,5,False,True
1025356251415331533,AP NOVO linda vista - 200m mar,Não identificado,apartamento,2,2.0,5,350.0,368.675,80.0,27,5.0,5,True,False
1216732772582825156,Apto 50m da praia em Itapema,Não identificado,apartamento,2,2.0,4,,,,0,,0,True,False
1298089208997497330,Apartamento Pé na areia/ Itapema Ref. 907,Centro,apartamento,3,1.0,8,,,,0,,0,False,False
1148360450191371304,Pousada em Baixa Temporada,Meia Praia,outros,10,9.0,2,,,,0,,0,False,False
937816682872398000,Centro de Itapema a 300m do mar,Centro,apartamento,2,2.0,6,,,,0,,0,False,False
1285674054114767622,Apartamento em Meia Praia,Meia Praia,apartamento,3,3.0,8,,,,0,,0,False,
52965209,Cobertura ampla e aconchegante na Meia Praia,Meia Praia,apartamento,3,2.0,7,,,,10,5.0,5,False,False
784842998263544489,Suite em casa na quadra do mar,Não identificado,outros,1,1.0,2,,,,7,5.0,5,False,False
30269941,Apto 3 dorm a 250 mts do mar na Meia Praia Itapema,Meia Praia,apartamento,3,2.0,8,,,,2,5.0,5,False,False
1120353092365123845,Apto Luxo!,Não identificado,apartamento,3,4.0,7,,,,0,,0,False,False
1316258631420873788,Apartamento da mama,Não identificado,apartamento,2,2.0,6,,,,0,,0,False,False
1153552657765472365,A 2 quadras da praia em Itapema Vm7682,Não identificado,apartamento,2,2.0,4,344.75,393.9679492307692,78.0,5,5.0,5,False,True
799251513158018593,Apartamento Itapema pé na areia,Não identificado,apartamento,3,2.0,6,500.0,550.7248347222222,144.0,26,4.960000038146973,4,True,False
800038464694663801,Apto 80m do mar,Não identificado,apartamento,3,4.0,9,,,,0,,0,False,False
1279830696286017830,Luxuoso 04 Suítes de 200m² na Meia Praia,Meia Praia,apartamento,4,4.0,8,,,,1,5.0,5,False,False
1068879391520187607,Apartamento frente para o mar,Não identificado,apartamento,3,2.0,9,,,,2,5.0,5,False,False
1019689003168175177,Lindo apto 50 metros do mar,Não identificado,apartamento,2,3.0,5,,,,1,5.0,5,False,False
1188379946998284675,Aparamento de 3 suítes super localizado,Meia Praia,apartamento,3,3.0,8,,,,1,5.0,5,False,False
41635095,Apartamento FRENTE MAR 4 dormitórios e 2 vagas,Meia Praia,apartamento,4,3.0,10,,,,1,3.0,3,False,False
840592168718968233,Luxo e conforto no coração da Meia Praia.,Meia Praia,apartamento,3,3.0,8,,,,0,,0,False,False
1127012795040580227,Apto. em Itapema - Meia Praia,Meia Praia,apartamento,2,2.0,5,,,,0,,0,False,False
1232881616131790997,"Apto familiar 
Central 
150m da Praia 
Itapema/SC",Não identificado,apartamento,2,2.0,6,,,,2,5.0,5,False,False
823312522991742278,"Apartamento Alto Padrão c/ Vista Mar, Itapema/SC",Meia Praia,apartamento,3,3.0,8,,,,2,5.0,5,False,False
890645067987236866,Frente Mar Estilo e Conforto,Meia Praia,apartamento,4,3.0,11,,,,1,5.0,5,False,True
41051267,Aptos Beira-Mar em Meia Praia/Itapema,Meia Praia,apartamento,2,2.0,6,,,,0,,0,False,False
45655263,"Piscina Privativa, melhor localização d Meia Praia",Meia Praia,apartamento,4,4.0,10,,,,8,4.25,4,False,False
1322577870541989330,Temporada Itapema,Não identificado,outros,2,1.0,6,,,,0,,0,False,False
813637154637076778,Suíte com interação natural,Não identificado,outros,1,1.0,2,,,,0,,0,False,False
791866491124143496,Apto  entrada da Meia Praia 300 mts do Mar,Meia Praia,apartamento,2,3.0,6,,,,2,5.0,5,False,False
1154503921019083216,Apartamento espaçoso,Meia Praia,apartamento,4,3.0,8,,,,0,,0,False,False
673864548944219599,Apto de luxo na Praia Central de Itapema (8 pax),Não identificado,apartamento,3,3.0,8,,,,2,4.5,4,False,False
1116064168031867528,RiNay Sol e Mar  Itapema,Meia Praia,apartamento,2,1.0,5,,,,2,5.0,5,False,False
1176887674899695718,Ap 3suites c/garagem Meia Praia 300m da areia,Meia Praia,apartamento,2,3.0,7,,,,1,3.0,3,True,False
52585644,Apartamento com todo conforto próximo ao mar!,Meia Praia,apartamento,3,2.0,6,,,,9,4.889999866485596,4,False,False
1040596323630843856,Aluguel de verão Itapema,Não identificado,casa,4,2.0,8,,,,2,5.0,5,False,False
1062373107763338007,"Ap. amplo, iluminado, novo, espaçoso e com split",Não identificado,apartamento,3,2.0,8,,,,2,5.0,5,False,False
1093309488997800034,"Apart. 3 quartos, 1 suite. Pertinho do mar!",Meia Praia,apartamento,3,1.0,10,,,,0,,0,False,False
16992951,Fantástico Apartamento 3 dorm em Itapema,Não identificado,apartamento,3,2.0,8,500.0,644.9651162790698,172.0,11,5.0,5,True,False
1188339469325210376,Apto Novo em Itapema c/ Vista para o Mar - MHF1605,Centro,apartamento,1,1.0,4,601.0,604.3319897849462,186.0,22,4.949999809265137,4,False,True
53796581,Lindo Apartamento a 50 m da praia com 4 quartos!!,Não identificado,apartamento,4,4.0,12,1000.0,1116.551724137931,58.0,6,5.0,5,False,False
1301391860777035565,Apartamento em Itapema,Centro,apartamento,2,1.0,5,,,,1,5.0,5,False,False
1212998223513440742,Lindo Apartamento em Itapema - Vista Mar,Não identificado,apartamento,3,4.0,6,,,,0,,0,False,False
752994213751607067,Apartamento de verão para sua família,Não identificado,apartamento,3,3.0,8,,,,4,4.75,4,False,False
1031148728972114643,"Vista mar, finamente mobiliado!",Não identificado,apartamento,3,3.0,8,,,,8,4.630000114440918,4,False,False
23390752,Casa com piscina e próxima da praia em Itapema!,Não identificado,casa,7,3.0,13,1350.0,1377.2948717948718,78.0,47,4.940000057220459,4,False,False
22428497,Meia praia - Itapema! Fique pertinho da praia,Meia Praia,casa,2,1.0,4,299.0,299.0,40.0,36,4.809999942779541,4,False,False
793411418553021490,Casa Locação Temporada 3 Quartos,Meia Praia,casa,3,1.0,5,,,,4,4.75,4,False,False
1318263611491884662,Casa com piscina,Não identificado,casa,0,0.0,8,,,,2,5.0,5,False,False
718952546551607269,Apartamento Itapema 2 suítes e 1 lavabo,Meia Praia,apartamento,2,2.0,8,,,,13,4.769999980926514,4,False,False
766429111795213657,Apartamento em Morretes,Morretes,apartamento,2,2.0,6,,,,3,4.670000076293945,4,False,False
792818444122814819,Kitnet na  praia de Itapema,Não identificado,casa,1,1.0,4,,,,7,4.860000133514404,4,True,False
45513430,Excelente apto em Meia Praia - 3 dorms.,Meia Praia,apartamento,3,2.0,8,780.0,782.9213483146067,89.0,14,4.860000133514404,4,False,False
1313086601561598314,Ap Meia Praia/SC,Meia Praia,apartamento,3,2.0,8,,,,0,,0,False,False
1188444070629752131,Achei Itapema 2 suítes 450m da praia • Res Soul,Morretes,apartamento,2,2.0,6,,,,3,5.0,5,True,True
781404547457775738,Apartamento a 20 m da areia,Não identificado,apartamento,3,2.0,8,,,,8,4.630000114440918,4,False,False
53733977,Apart. Meia Praia - 5 min Shopping Russi,Meia Praia,apartamento,2,2.0,4,350.0,419.6224489795918,98.0,39,4.949999809265137,4,True,False
53546501,Primeiro Andar Frente Praia para 10 hóspedes,Não identificado,apartamento,4,3.0,10,,,,4,4.75,4,False,True
31059537,"★★★★★ Apt novo Itapema Beira Mar, 3 quartos, 2 vg",Centro,apartamento,3,2.0,8,830.25,837.8356466666665,180.0,61,4.980000019073486,4,True,False
1237683351553881707,Lindo apartamento com vista mar!,Não identificado,apartamento,4,5.0,12,,,,0,,0,False,False
35678368,Casa  com piscina Itapema SC,Não identificado,casa,5,4.0,16,,,,8,5.0,5,False,False
1016012143491113652,Apto Meia Praia - 3 suítes - ar - sacada e Hidro,Meia Praia,apartamento,3,3.0,11,,,,2,5.0,5,False,False
23779860,Apartamento Itapema melhor localização,Meia Praia,apartamento,3,2.0,12,300.0,406.25,32.0,14,4.570000171661377,4,False,False
41473343,Casa com piscina em Itapema,Centro,casa,3,0.0,8,,,,21,4.760000228881836,4,True,False
1314795613510146224,Apartamento 50 m do mar,Não identificado,apartamento,2,2.0,6,,,,1,5.0,5,False,
670778657683556451,Apartamento quadra mar Meia Praia – 3 suítes *135,Meia Praia,apartamento,3,4.0,8,744.0,905.8444128712871,101.0,6,5.0,5,True,False
1260073276135845344,Quarto nº 2,Não identificado,outros,1,1.0,4,,,,5,4.800000190734863,4,False,False
1315954985293478319,Apto Elegante c/ Vista Mar a 280m da Praia MHF1504,Não identificado,apartamento,1,1.0,4,950.0,811.6538461538462,260.0,0,,0,False,True
1183396764840650494,Temporada ótimo apto vista mar,Meia Praia,apartamento,4,2.0,10,,,,0,,0,False,False
1105718342831359474,Lindo apto meia praia - Itapema,Meia Praia,apartamento,2,2.0,4,,,,5,4.599999904632568,4,False,False
850931966820064700,Apto completo 3 suítes em Meia Praia,Meia Praia,apartamento,3,3.0,7,720.0,812.6412221374046,131.0,18,5.0,5,True,False
32990586,Frente mar! Completo! (Meia-Praia-SC),Não identificado,apartamento,3,2.0,6,1026.0,1008.7724360576923,208.0,23,4.960000038146973,4,False,False
1075393181592380782,"Depto. Meia Praia, Itapema, SC",Meia Praia,apartamento,4,3.0,10,,,,0,,0,False,False
1012495421195045384,Explore e Relaxe: Ap. de Temporada ideal 1703,Não identificado,apartamento,2,1.0,6,,,,2,5.0,5,False,False
1213258423467625050,Apto Encantador em Meia Praia-Itapema,Meia Praia,apartamento,2,1.0,6,,,,1,4.0,4,False,False
21454457,Aconchegante apartamento em Meia Praia,Meia Praia,apartamento,2,1.0,5,172.0,211.6551724137931,29.0,57,4.809999942779541,4,True,False
1316268483085782889,Cama quarto compartilhado Hostel,Não identificado,outros,0,2.0,4,,,,0,,0,False,False
741851754120319750,"Apartamento bem localizado, cheio de estilo!",Meia Praia,apartamento,2,3.0,8,,,,0,,0,False,False
1055734074895960762,"Fino apto novo, vista mar!",Canto da Praia,apartamento,2,2.0,5,,,,2,5.0,5,True,False
1295149514360772183,Apartamento 200mt do mar,Não identificado,apartamento,3,2.0,6,,,,2,4.5,4,False,False
800942299109284552,Um apartamento novo!,Não identificado,apartamento,2,2.0,5,300.0,323.2425373134328,134.0,22,4.860000133514404,4,True,False
681894806923375678,Lindo 3 suítes quadra mar Meia Praia - AL131,Meia Praia,apartamento,3,4.0,8,648.0,770.667446728972,107.0,19,5.0,5,True,False
755031430628890275,Apto requintado em Itapema Meia Praia SC,Meia Praia,apartamento,3,2.0,6,,,,1,5.0,5,False,False
854324725717354272,Meia Praia Apto Família - RO101,Meia Praia,apartamento,3,2.0,7,,,,7,4.429999828338623,4,False,True
944913407874781242,5250 apartamento 2 quartos em Itapema,Não identificado,hotel,2,2.0,6,,,,2,4.5,4,False,True
1063147119591984114,apto 2 quartos - próximo a praia,Não identificado,apartamento,2,1.0,5,,,,0,,0,False,False
818048500029963765,Apartamento frente mar …pé na areia,Não identificado,apartamento,4,3.0,8,,,,4,5.0,5,False,False
1300065513439125772,Apartamento em Meia Praia,Meia Praia,apartamento,3,3.0,9,,,,2,5.0,5,False,False
1291472677278074629,Itapema SC a 480 metros do mar,Não identificado,apartamento,2,2.0,5,,,,1,5.0,5,False,
807368706778426558,Cobertura 3 suítes em Meia Praia! Localização TOP!,Meia Praia,apartamento,3,3.0,8,,,,12,4.829999923706055,4,True,False
38616586,ÓTIMO AP. 3 quartos na MEIA PRAIA  - Itapema/ SC,Meia Praia,apartamento,3,2.0,8,367.0,371.54824526315787,38.0,7,5.0,5,False,False
1063807278503566143,Pés na areia! O melhor lugar para suas férias!,Centro,apartamento,2,2.0,6,485.0,486.825,160.0,5,5.0,5,True,False
1049768725414253564,Apartamento aluguel temporada Meia Praia Itapema,Meia Praia,apartamento,2,1.0,7,,,,0,,0,False,False
15517506,Apartamento frente mar Meia praia - Itapema,Meia Praia,apartamento,3,4.0,12,,,,0,,0,False,False
21547223,ALUGO SUÍTE A 50 M DO MAR. EU FICO MORANDO JUNTO.,Não identificado,apartamento,1,1.0,2,,,,1,5.0,5,False,False
1265161823691467042,Apto a apenas 280m da Praia em Itapema MHF1603,Centro,apartamento,1,1.0,4,660.0,640.358413592233,206.0,8,5.0,5,False,True
927428318431949202,3505 Apto 3 quartos prédio frente mar,Não identificado,hotel,3,2.0,9,,,,0,,0,False,True
1275479435641237202,Apartamento em Meia Praia,Meia Praia,apartamento,3,2.0,6,,,,0,,0,False,False
755690841665214982,"Prédio frente mar, apartamento aconchegante",Não identificado,apartamento,3,2.0,6,,,,0,,0,False,False
27852364,Gaviao de Pedra 504,Não identificado,apartamento,3,2.0,8,,,,4,4.5,4,False,False
978244263452010977,Apartamento Itapema,Meia Praia,apartamento,2,1.0,6,480.0,516.4404761904761,126.0,33,4.940000057220459,4,True,False
1317289846953500028,apartamento na praia de itapema.,Não identificado,apartamento,2,2.0,4,,,,0,,0,False,False
794996321339600522,APTO TOP na MEIA PRAIA - 6 pessoas - 100m do MAR!,Meia Praia,apartamento,2,2.0,6,483.5,427.3085106382979,94.0,8,5.0,5,False,False
46936020,Apartamento novo vista linda a 4 minutos da praia,Não identificado,apartamento,2,2.0,6,380.0,398.24074074074076,54.0,68,4.989999771118164,4,True,False
41664387,Apartamento compartilhado a 150m da praia,Não identificado,outros,1,1.0,2,180.0,180.64444444444445,45.0,142,4.989999771118164,4,True,False
32155445,Apartamento Residencial Meia Praia,Meia Praia,apartamento,2,2.0,5,,,,3,5.0,5,False,False
54196670,Apartamento em Itapema a 200 metros da Praia.,Centro,apartamento,2,2.0,7,,,,3,5.0,5,False,False
599113560319545877,Anita AP 2 suítes 2 vagas Completo Meia Praia,Meia Praia,apartamento,2,3.0,8,,,,0,,0,True,False
1077396104359577731,Apart  Frente Mar Meia Praia,Meia Praia,apartamento,3,2.0,6,600.0,603.0213666666666,39.0,9,4.78000020980835,4,False,False
1005860682746801029,Apê1104 - Seu refúgio em Itapema,Não identificado,apartamento,2,2.0,6,385.0,399.3671875,128.0,10,4.900000095367432,4,True,False
21025393,Apartamento em Meia Praia - 50 m do mar!,Meia Praia,apartamento,3,3.0,6,750.0,740.7201641975308,81.0,23,4.909999847412109,4,False,False
1307081277437210476,21º Andar com Vista para o Mar,Meia Praia,apartamento,3,3.0,8,,,,0,,0,False,False
1208961418958310878,Apartamento Quadra Mar,Não identificado,apartamento,2,2.0,6,,,,1,5.0,5,False,False
36557903,"Casa 200mts praia,confortável e ótima localização",Não identificado,casa,4,2.0,10,,,,0,,0,False,False
1057143386880918828,Alugo apartamento temporada,Não identificado,apartamento,0,2.0,10,,,,0,,0,False,False
879719744254656243,Apartamento Vista Lateral Mar Ref.271,Não identificado,apartamento,2,2.0,6,,,,0,,0,False,False
822673802452481785,Lindo apto em Meia Praia/Itapema,Meia Praia,apartamento,3,3.0,6,,,,6,5.0,5,False,False
1219584389251803391,"Meia Praia, 3 Suítes a 3 minutos do Mar",Meia Praia,apartamento,3,3.0,8,,,,0,,0,True,False
1262098803619520767,Muito Perto do mar em Meia Praia,Meia Praia,apartamento,3,2.0,8,,,,1,5.0,5,False,False
1312148183095765866,Apto 300m da Praia - Meia Praia,Meia Praia,apartamento,3,3.0,7,,,,0,,0,False,False
1039739725491516693,Ap. Meia Praia/Itapema,Meia Praia,apartamento,2,2.0,6,,,,2,3.5,3,False,False
1061592792230546703,casa 100 metros  da praia,Não identificado,outros,2,2.0,6,,,,0,,0,False,
1287556370209031205,Apartamento em prédio beira-mar,Não identificado,apartamento,3,3.0,6,,,,0,,0,False,False
1290750492591348199,Ap todo climatizado com 3 suítes e 3 garagens.,Não identificado,apartamento,3,3.0,8,,,,0,,0,False,False
1320533330637264303,Quarto compartilhado disponível,Não identificado,outros,1,2.0,1,,,,1,5.0,5,False,False
1286924251843839509,Conforto na Meia Praia,Meia Praia,apartamento,3,3.0,6,,,,0,,0,False,False
1030401532874842059,Super apartamento pé na areia!,Não identificado,apartamento,3,2.0,8,,,,0,,0,False,False
1172396251848641184,Flat 1609 Infinity Tower,Não identificado,apartamento,1,1.0,4,,,,3,5.0,5,False,False
45843768,Apartamento na medida para suas férias em Itapema,Não identificado,apartamento,3,0.0,6,,,,7,5.0,5,False,False
1277574920330532540,Conforto Funcional e Conveniência à Beira-Mar,Não identificado,apartamento,4,3.0,10,,,,1,5.0,5,True,True
1197195878719681680,Estúdio cômodo vista mar em Itapema MHFB1204,Centro,apartamento,1,1.0,3,384.0,400.62522084656086,189.0,16,4.559999942779541,4,False,True
1042032092670718662,Infinity tower flat - Meia Praia,Meia Praia,apartamento,1,1.0,4,402.0,411.5138888888889,72.0,11,4.909999847412109,4,False,False
1294103150315914686,Apartamento na praia,Não identificado,apartamento,1,2.0,2,,,,2,5.0,5,False,False
1287612441681877437,Apto pertinho da PRAIA!,Não identificado,apartamento,2,2.0,6,,,,0,,0,False,False
1046519715271612370,Casa Nova,Não identificado,casa,3,2.0,6,,,,5,5.0,5,False,False
53164553,Apartamento Container 2 dorms a 350m da praia - T2,Não identificado,outros,2,1.0,5,,,,21,5.0,5,True,True
839108891025075934,"Ap Itapema,330 m mar, até 8 pessoas,prox.Bto Carreiro",Não identificado,apartamento,2,2.0,8,,,,38,4.96999979019165,4,True,False
1234728757158980090,"Suíte em apartamento, cama casal",Não identificado,outros,1,1.0,2,,,,2,5.0,5,False,False
1311664447955149186,Casa para 2 pessoas em Itapema,Centro,casa,1,1.0,2,,,,0,,0,False,False
1053132609735844516,apto beira-mar na meia praia,Meia Praia,apartamento,3,2.0,10,1000.0,956.060606060606,33.0,17,4.940000057220459,4,True,False
757094479685829275,Espaço preparado para sua família! Belas praias.,Não identificado,casa,3,3.0,8,,,,0,,0,False,False
1304511705946860008,"Suíte para casal, próxima à praia.",Não identificado,outros,1,1.0,2,,,,3,5.0,5,False,False
40036539,"Apto amplo, excelente localização a 200m do mar!",Meia Praia,apartamento,3,2.0,6,,,,2,5.0,5,False,False
1293444541792116751,20m do mar,Não identificado,apartamento,2,2.0,7,,,,0,,0,False,False
719355891470345652,"Apartamento beira-mar em Meia Praia, Itapema/SC.",Meia Praia,apartamento,2,2.0,6,500.0,555.7077304347825,207.0,9,5.0,5,False,False
1033216780889607180,Ap. primeiro andar 240 metros da praia,Não identificado,apartamento,3,2.0,8,,,,1,5.0,5,True,False
1072628338019760295,Casa Morretes Itapema,Morretes,casa,3,3.0,10,,,,0,,0,False,False
42716006,"Apto. Itapema -Meia Praia
Frente  Mar, 3 quartos.",Meia Praia,apartamento,3,2.0,8,,,,0,,0,False,False
1021276108598076840,Cobertura Top Prédio Frente Mar,Não identificado,apartamento,3,3.0,8,,,,2,5.0,5,False,True
1254454356021024631,Apartamento,Não identificado,apartamento,3,2.0,8,,,,1,5.0,5,False,False
53592128,PÉ NA AREIA / 30 passos do mar,Meia Praia,apartamento,4,3.0,8,,,,4,5.0,5,False,False
789721918071761297,Vista mar na Meia Pria | Itapema,Não identificado,apartamento,3,3.0,10,,,,0,,0,False,False
52472131,Apartamento encantador na quadra do mar!,Não identificado,apartamento,2,2.0,6,600.0,701.1494252873563,87.0,19,4.840000152587891,4,False,False
46755580,Casa apto Studio loft,Meia Praia,casa,1,1.0,2,300.0,300.0,58.0,11,4.909999847412109,4,False,False
679166677359467385,Frente mar primeiro andar acesso exclusivo praia12,Não identificado,apartamento,3,2.0,10,937.0,1144.2380947619047,210.0,7,5.0,5,False,True
1078220658917372961,Apto 5 min praia - 3 quartos - até 8 pessoas;,Meia Praia,apartamento,3,1.0,8,,,,6,5.0,5,False,False
21385106,"Casa a 2 quadras da praia, 2 quartos e uma suite.",Não identificado,casa,3,2.0,7,,,,0,,0,False,False
1312949509621922876,Apto vista mar a 500m da Praia em Itapema DSH1702,Meia Praia,apartamento,2,2.0,4,627.0,647.1384976525821,213.0,2,5.0,5,False,True
16428654,APTO imperdível na ÁREA NOBRE  MEIA PRAIA  Itapema,Meia Praia,apartamento,2,2.0,6,,,,5,5.0,5,False,False
39526710,Apto 02 dorm a 350m do mar na Meia Praia Itapema.,Meia Praia,apartamento,2,1.0,6,,,,4,5.0,5,False,False
53341411,"Apto amplo, localização privilegiada, c/ garagem.",Não identificado,apartamento,3,2.0,8,,,,1,5.0,5,False,False
1317468256413703561,Aconchegante apartamento,Não identificado,apartamento,2,2.0,5,,,,0,,0,False,False
27582707,APTO amplo a 140m da praia,Não identificado,apartamento,3,2.0,6,,,,1,5.0,5,False,False
1313081625949535881,Apartamento Vitória Itapema,Não identificado,apartamento,3,2.0,8,,,,0,,0,False,False
1320624753089882960,Apê 3 quartos - 10 pessoas- 20 passos do mar,Não identificado,apartamento,3,3.0,9,,,,0,,0,False,False
23068512,Apartamento Meia Praia - Itapema/SC,Meia Praia,apartamento,2,2.0,6,700.0,636.9473684210526,19.0,19,4.369999885559082,4,False,False
1030192901291028628,Suíte Itapema Meia Praia em Apto Compartilhado,Meia Praia,outros,3,3.0,2,,,,0,,0,False,False
42709234,Apartamento perto Mar Ocean,Centro,apartamento,3,3.0,8,420.0,695.8037829787235,141.0,12,4.920000076293945,4,False,False
15024197,De frente para o mar no coração de Itapema,Meia Praia,apartamento,3,2.0,8,800.0,800.0,18.0,12,4.75,4,False,False
813767688131518415,Apartamento 3 quartos meia praia,Meia Praia,apartamento,3,2.0,8,,,,5,4.400000095367432,4,False,False
41478160,Apartamento em meia praia itapema,Meia Praia,apartamento,2,2.0,6,400.0,488.51724137931035,29.0,7,5.0,5,False,False
1290786375482543244,"1° Quarto casal privativo, 50 metros do mar",Não identificado,outros,1,1.0,2,,,,5,5.0,5,False,False
1285247632121491635,Quarto (n° 5) até 8 hóspedes com ar,Meia Praia,outros,1,2.0,8,,,,1,5.0,5,True,False
794707921952592251,"Quarto Luz Solar!
 700m d praia check-out 18h Dom!",Não identificado,outros,1,1.0,2,150.0,152.96875,48.0,25,5.0,5,False,False
1052990902614730585,Apartamento NOVO 3 suítes,Não identificado,apartamento,3,3.0,8,,,,0,,0,False,False
54365625,Casa familiar a 700 mt da praia com estacionamento,Meia Praia,casa,3,2.0,8,700.0,670.8024691358024,81.0,10,4.300000190734863,4,False,False
982856823235292051,Prédio frente mar no centro,Centro,apartamento,2,2.0,6,,,,0,,0,False,True
49824103,"Apartamento à 4 minutos praia, vista lateral mar.",Meia Praia,apartamento,3,2.0,8,440.0,458.4962264150943,106.0,43,4.929999828338623,4,False,False
819022663873541571,Aluguel temporada,Não identificado,casa,2,1.0,6,,,,0,,0,False,False
1218887739806247772,Sunrise Itapema Conforto e Mar,Não identificado,apartamento,3,3.0,9,,,,0,,0,False,True
813754730744989168,Meia Praia - Locação diária!,Meia Praia,apartamento,4,2.0,10,,,,1,5.0,5,False,False
1236158616387181504,Apartamento último andar a 20m do mar.,Meia Praia,apartamento,2,2.0,4,,,,2,5.0,5,False,False
789278316021379910,Alugo apartamento temporada.,Não identificado,apartamento,3,2.0,7,,,,0,,0,False,False
53694042,"Apartamento na meia praia, 200 metros do mar.",Meia Praia,apartamento,3,2.0,12,,,,1,5.0,5,False,False
1294180665754421372,"Apartamento Alto Padrão, Novo, 3 suítes, 2 vagas!",Não identificado,apartamento,3,3.0,6,,,,3,5.0,5,True,False
1067320906990424780,Apto vista mar c/ churrasq. em Itapema GBL601,Centro,apartamento,3,2.0,6,538.25,614.2532051282051,156.0,8,4.630000114440918,4,False,True
1269654654426524175,Stúdio Moderno a 200m da praia,Centro,apartamento,1,1.0,2,,,,9,5.0,5,True,False
1318022005386763892,Loft Infinity Tower - Meia Praia,Meia Praia,apartamento,1,1.0,3,,,,1,5.0,5,False,False
1193414131980072087,Moderno apto 280m da Praia com vista mar MHF1902,Centro,apartamento,2,1.0,6,627.0,686.7645825,160.0,16,4.940000057220459,4,False,True
30493854,Apto Recém-reformado 3 Quartos em Meia Praia,Meia Praia,apartamento,3,2.0,6,450.0,497.36842105263156,114.0,19,4.889999866485596,4,False,False
812862069113721900,Apartamento Beira Mar,Meia Praia,apartamento,3,2.0,8,,,,1,5.0,5,False,False
1285469358606844167,Apartamento na meia praia!,Meia Praia,apartamento,2,2.0,6,,,,1,5.0,5,False,False
812846736460340062,Ótimo Apt. Itapema meia praia,Meia Praia,apartamento,2,2.0,5,,,,3,5.0,5,False,False
6569062,"Apto Novo, Quadra Mar,  Rua 321, 200m do mar.",Meia Praia,apartamento,3,2.0,6,750.0,737.0856174074074,270.0,21,4.949999809265137,4,False,False
1130321847856689061,Apartamento Itapema SC,Centro,apartamento,2,2.0,6,,,,0,,0,False,False
26026295,Lindo apartamento no centro de Meia Praia,Meia Praia,apartamento,2,2.0,5,390.0,451.4513888888889,72.0,150,4.829999923706055,4,True,False
1287797580550004400,Elegance Flat,Não identificado,apartamento,3,1.0,8,,,,5,5.0,5,False,False
1034921048830735500,Apto Meia Praia - Itapema,Meia Praia,apartamento,3,3.0,10,,,,1,5.0,5,False,False
1057473437993563177,Aluguel de Verão - Itapema - mínimo 7 diárias,Não identificado,casa,3,1.0,7,,,,0,,0,False,False
47195399,Lateral do mar para uma incrível temporada,Não identificado,apartamento,3,2.0,6,,,,0,,0,False,False
817864674334774461,Vista mar 2 quartos próximoHavan,Não identificado,apartamento,2,2.0,5,,,,3,5.0,5,False,False
1010979576759779598,Rua 284 Meia Praia 300m do mar,Meia Praia,apartamento,2,2.0,7,,,,1,5.0,5,True,False
1043550848245840713,Alugo ap 100 metros mar itapema,Não identificado,apartamento,3,3.0,6,,,,1,5.0,5,False,False
916052715744473224,Apto a 150 mts do mar com vista.,Centro,apartamento,3,4.0,6,1150.0,1174.344836734694,147.0,12,4.920000076293945,4,False,False
557836705402909460,Lindo Apartamento Quadra Mar Locação Temporada,Não identificado,apartamento,3,3.0,8,,,,0,,0,False,False
1218829864222330185,"Frente avenida 3 Suítes, Praia",Meia Praia,apartamento,3,4.0,6,,,,0,,0,False,True
1082746592587689161,Apartamento Vista Mar 3 dormitórios Itapema,Não identificado,apartamento,3,2.0,6,390.0,591.6477272727273,44.0,10,5.0,5,True,True
1283595242224047629,Apartamento Meia Praia,Meia Praia,apartamento,4,4.0,9,,,,0,,0,False,False
39589039,Suite em Meia Praia - Itapema,Meia Praia,outros,1,1.0,3,,,,22,4.949999809265137,4,False,False
1298263687321438249,apartamento com jacuzzi,Não identificado,apartamento,3,3.0,8,,,,0,,0,False,False
45822839,Apto Finamente mobiliado a 30 metros do mar,Não identificado,apartamento,2,1.0,5,390.0,455.3551912568306,183.0,8,5.0,5,True,False
30962064,APTO PÉ NA AREIA ITAPEMA VISTA TOTAL MAR,Meia Praia,apartamento,3,4.0,10,,,,0,,0,False,False
994076973483968863,Frente mar em Meia Praia Itapema,Meia Praia,apartamento,4,3.0,8,,,,0,,0,False,False
39685785,Apartamento na Quadra do Mar de Itapema,Não identificado,apartamento,2,2.0,7,450.0,540.040778816568,169.0,125,4.940000057220459,4,True,False
34540951,Apartamento 3 suítes Itapema - Meia Praia,Meia Praia,apartamento,3,3.0,8,558.0,605.4028571428571,175.0,67,4.869999885559082,4,True,False
47117373,Rua Mac Donalds Frente Mar Meia Praia,Meia Praia,apartamento,2,2.0,8,,,,0,,0,True,False
1296983037723953398,Férias na praia de Itapema!,Não identificado,apartamento,2,1.0,5,,,,0,,0,False,False
1033984637023835889,"Alto Padrão em Itapema, 8min a pé até o Mar FN8750",Meia Praia,apartamento,2,2.0,4,,,,2,5.0,5,False,True
53626390,Apto do Mar c/ saída direta para praia em Itapema,Não identificado,casa,3,2.0,7,,,,4,4.25,4,False,False
1054385333060053857,"Apartamento em Itapema, 30 metros da praia",Não identificado,apartamento,3,2.0,10,,,,2,5.0,5,False,False
1056705534360824584,Belíssima acomodação em Itapema,Meia Praia,apartamento,2,2.0,6,,,,1,5.0,5,False,False
21699605,Lindo sobrado em Itapema,Centro,casa,3,3.0,6,,,,5,4.800000190734863,4,False,False
53656846,Apartamento aconchegante em Itapema,Canto da Praia,casa,1,1.0,2,400.0,302.5581395348837,43.0,40,4.849999904632568,4,False,False
797722066235281360,Apto Garden a 100 metros do mar,Não identificado,apartamento,2,2.0,7,,,,7,4.860000133514404,4,False,False
749344853179480854,Apartamento espaçoso em Meia Praia,Meia Praia,apartamento,3,2.0,8,,,,1,5.0,5,False,False
39642773,"Casa 3 quartos, 1 suíte, todos com ar condicionado",Não identificado,casa,3,1.0,8,400.0,370.6521739130435,46.0,61,4.889999866485596,4,True,False
43712530,EXCELENTE  QUADRA MAR! 8 andar.,Não identificado,apartamento,3,3.0,7,701.0,667.6666666666666,63.0,15,5.0,5,True,False
1304612026867668918,Vista Mar 2 quartos piscina mar,Não identificado,apartamento,2,1.0,4,,,,0,,0,False,False
1287046665405488954,apto ótima localização da praia.,Não identificado,apartamento,3,2.0,6,,,,0,,0,False,False
30519162,Casa paradisíaca com vista para a Costa Esmeralda,Não identificado,casa,4,7.0,8,,,,13,5.0,5,False,False
693024169316156606,Solar dos Pinhais -Apto Moderno l Quadra do Mar,Meia Praia,apartamento,2,2.0,6,562.0,602.55468703125,128.0,29,4.71999979019165,4,True,False
957950897214975049,1464 - Apartamento 2 quartos em meia praia,Meia Praia,apartamento,2,2.0,6,,,,0,,0,False,True
36554147,Sonho de Verão 2,Meia Praia,apartamento,3,2.0,12,,,,1,5.0,5,False,False
29008738,"50 mts do MAR, AMPLO, ótima LOCALIZAÇÃO MEIA PRAIA",Meia Praia,apartamento,4,3.0,10,494.0,573.5882352941177,136.0,46,5.0,5,True,False
612245203931813020,"Apto Meia Praia av. Principal 4 quartos, Ar cond.",Meia Praia,apartamento,4,3.0,9,900.0,824.3197674418604,172.0,24,4.920000076293945,4,True,False
789912809555624056,Apto centro de Itapema,Centro,apartamento,2,2.0,5,,,,1,5.0,5,False,False
1269673046236940316,Aconchego Tereza,Não identificado,apartamento,1,2.0,4,,,,1,5.0,5,True,False
1314370720286994140,"(318) Bem localizado, na Nereu Ramos",Não identificado,apartamento,2,1.0,6,,,,2,4.5,4,True,True
826617189908528565,Flat novíssimo 3 min da praia,Não identificado,apartamento,1,1.0,4,400.0,477.73726861111106,144.0,106,4.980000019073486,4,True,False
1261679737070113049,APTO Sunset Itapema,Não identificado,apartamento,3,2.0,5,,,,0,,0,False,False
1217470918331727563,Apartamento beira-mar Itapema,Não identificado,apartamento,3,2.0,9,,,,3,5.0,5,False,False
1021213325133142438,Apartamento de luxo na praia,Meia Praia,apartamento,3,4.0,10,,,,3,5.0,5,False,False
45184991,(228) Localização perfeita em Meia Praia,Meia Praia,apartamento,2,2.0,5,648.0,648.0,62.0,123,4.809999942779541,4,True,True
1281818291072548406,Itapema Sol e Mar. Paraíso S.C,Centro,apartamento,3,2.0,6,,,,0,,0,False,False
965310679168112589,Cabana Mont’ Verde Itapema SC,Não identificado,casa,1,1.0,2,,,,9,5.0,5,True,False
25165914,Hochheim Beachside Itapema,Não identificado,apartamento,3,2.0,6,700.0,617.3081896551724,232.0,15,4.869999885559082,4,False,False
1320402709439398442,Apartamento a 450 m do mar,Não identificado,apartamento,1,1.0,4,,,,0,,0,False,False
1055716308181774403,02 suítes a 220 metros da praia,Centro,apartamento,3,3.0,4,,,,0,,0,False,False
1153532104174311523,Conforto praticidade desfrutando da vista mar,Não identificado,apartamento,3,2.0,8,,,,3,5.0,5,False,False
1018300485614755853,Apto com piscina exclusiva.,Não identificado,apartamento,3,2.0,9,,,,3,5.0,5,False,False
1086019092471404664,"Frente mar, ao lado do Shopping",Não identificado,apartamento,4,3.0,15,,,,0,,0,False,True
30565467,A poucos passos da praia,Não identificado,apartamento,3,2.0,7,,,,0,,0,False,False
1295071326510448236,Poucos passos da areia 4 quartos,Meia Praia,apartamento,4,3.0,10,,,,0,,0,False,False
967444688785412612,"Pé na areia, frente mar meia pra",Não identificado,apartamento,3,2.0,8,,,,6,4.829999923706055,4,False,False
54377443,Apartamento Frente Mar - 9 pessoas - pé na areia,Não identificado,apartamento,4,4.0,9,,,,4,5.0,5,False,False
1250296514468581240,Apto na Meia Praia Super Premium Temporada,Meia Praia,apartamento,2,2.0,6,,,,3,4.670000076293945,4,False,False
1018371814895100871,Apartamento 40m da praia - 102,Não identificado,apartamento,3,2.0,8,,,,0,,0,False,False
1309600641888089989,Locação pra temporada,Não identificado,casa,2,1.0,6,,,,0,,0,False,False
1294288506319915333,Quarto na Quadra da Praia,Não identificado,outros,1,1.0,3,,,,0,,0,False,False
850675824952359571,(254) No coração de Meia Praia,Meia Praia,apartamento,3,2.0,8,802.0,805.128595049505,202.0,27,4.699999809265137,4,True,True
1193657356522503551,(314) Lombok 501,Não identificado,apartamento,2,3.0,6,702.0,727.4571428571429,70.0,11,4.909999847412109,4,True,True
1037613128798136930,Apartamento alto padrão em Itapema!,Não identificado,apartamento,3,4.0,8,,,,2,5.0,5,False,False
1271171762063321920,Apartamento com vista para o mar SKY Bridge,Não identificado,apartamento,2,2.0,5,650.0,581.25,56.0,5,4.800000190734863,4,False,False
1273221801010174650,"Apto Pé na areia, em
 Itapema.",Não identificado,apartamento,2,2.0,6,,,,0,,0,False,False
555873744201878598,Casa gem  800 mtrs do mar c/2 suites 1 climatizada,Não identificado,casa,2,3.0,2,,,,1,5.0,5,False,False
1321306938921369069,Apto novo com vista pro mar,Não identificado,apartamento,2,2.0,5,,,,0,,0,True,False
49319385,Home Office com experiência de férias.,Não identificado,apartamento,3,4.0,8,,,,1,5.0,5,False,False
1181944920258781413,Studio em Edifício com Piscina Vista Mar MHFA0905,Centro,apartamento,1,1.0,2,374.5,391.5123458333333,216.0,17,4.710000038146973,4,False,True
1295079939671812701,Cobertura Pé na areia,Meia Praia,apartamento,4,3.0,12,,,,0,,0,False,False
1310816240553343879,A poucos passos do Mar,Não identificado,apartamento,3,3.0,6,,,,0,,0,False,False
22421016,Férias no Paraiso,Não identificado,apartamento,3,3.0,8,800.0,806.1358037037038,27.0,7,5.0,5,False,False
1128116602558500719,Apartamento a 50 metros da praia,Não identificado,apartamento,2,2.0,4,,,,0,,0,False,
42270655,Casa Interpraias com Piscina e Cascata,Ilhota,casa,3,2.0,8,490.0,517.2512872972973,74.0,41,5.0,5,True,False
556460074386673858,"Apartamento para temporada, Meia Praia, Itapema SC",Meia Praia,apartamento,2,3.0,6,,,,1,5.0,5,False,False
1084720251238906219,sonho meu,Não identificado,apartamento,2,0.0,4,,,,0,,0,False,False
47006355,Lindo apartamento FRENTE AO MAR. Vista incrível!,Tabuleiro,apartamento,3,1.0,8,592.0,704.437037037037,135.0,27,4.929999828338623,4,True,False
1302965025468577580,Aconchego e conforto em BC,Centro,apartamento,3,2.0,6,,,,0,,0,False,False
1293666152160540923,Quarto Red 1.2 Hotel frente mar 3 pessoas,Não identificado,hotel,2,0.0,3,,,,0,,0,False,False
1302895918066724548,"Pé na Areia, 3 Quartos, Vista Mar",Não identificado,apartamento,3,2.0,6,,,,0,,0,True,True
1053742591942561941,Aluguel de Casa em Itapema,Meia Praia,casa,2,1.0,6,,,,3,5.0,5,False,False
1187234746969372321,apartamento bem próximo do mar!,Meia Praia,apartamento,2,2.0,6,,,,1,5.0,5,False,False
51748356,"A Localização éTop+3suites,2vagas+churrasqueira",Meia Praia,apartamento,3,3.0,6,,,,10,5.0,5,False,False
1001609956545349845,Apartamento em Meia Praia,Meia Praia,apartamento,4,1.0,8,,,,0,,0,False,False
615047829578571459,Studio na Av. principal de Meia Praia,Meia Praia,apartamento,1,1.0,2,,,,19,4.53000020980835,4,False,True
705021288668570277,Apartamento com vista mar Itapema,Não identificado,apartamento,2,2.0,4,,,,4,5.0,5,False,False
1104929066968592881,Apartamento a 100m do mar,Não identificado,apartamento,2,2.0,6,,,,1,5.0,5,True,False
22827706,"Apartamento vista para o mar, Meia Praia, Itapema.",Meia Praia,apartamento,2,2.0,6,,,,0,,0,False,False
1279044461346354503,Lindo apartamento na meia praia,Meia Praia,apartamento,3,4.0,8,,,,1,5.0,5,False,False
756997201912524343,Apartamento para férias totalmente mobiliado,Não identificado,apartamento,3,3.0,8,850.0,947.4778225806451,248.0,6,5.0,5,False,False
775920674199312840,Apartamento c/acesso para praia,Não identificado,apartamento,3,2.0,7,,,,8,4.880000114440918,4,False,False
1282949009253060678,Conforto próximo ao mar!,Centro,apartamento,3,4.0,8,,,,0,,0,False,False
1252922862351269930,Apê Azul Itapema,Meia Praia,apartamento,2,2.0,5,,,,2,5.0,5,True,False
1233973103621276698,Estúdio Moderno apenas 280m da Praia! - MHFB1307,Centro,apartamento,1,1.0,3,383.0,398.7967741935484,155.0,22,4.909999847412109,4,False,True
41619530,Casa,Não identificado,casa,3,1.0,6,,,,0,,0,False,False
1109565255724228892,Frente mar com 3 quartos!,Não identificado,apartamento,3,2.0,8,,,,2,5.0,5,False,False
1303103185385559130,Apto Família Meia-Praia BEIRA MAR,Não identificado,apartamento,5,3.0,12,,,,0,,0,True,False
28979932,"AP no centro de Meia Praia, ótima localização.",Meia Praia,apartamento,2,2.0,6,,,,10,5.0,5,False,False
47052262,APARTAMENTO 402,Centro,apartamento,3,2.0,7,399.0,429.202291875,160.0,19,4.889999866485596,4,False,False
1022315492979262752,Apartamento na Meia Praia,Meia Praia,apartamento,3,2.0,6,,,,1,5.0,5,False,False
1288366202921406284,"Lindo apto para locação em Itapema, 300m do mar!",Não identificado,apartamento,2,2.0,6,,,,0,,0,False,False
1006575359946525255,Infinity Tower Flat - 1209,Meia Praia,apartamento,1,1.0,4,,,,1,5.0,5,False,False
51866473,"""AP QUADRA MAR"" Na melhor localização d Meia Praia",Meia Praia,apartamento,3,2.0,8,450.0,543.0496916666666,108.0,30,4.96999979019165,4,True,False
31397917,"Kit net,conforto,segurança ,Meia Praia Itapema",Meia Praia,apartamento,1,1.0,3,250.0,257.14285714285717,14.0,213,4.900000095367432,4,False,False
1182040498646675653,Apto Moderno c/ Churrasq/ e Próx ao Mar MHF0502,Centro,apartamento,2,1.0,6,644.0,721.9340490797546,163.0,2,5.0,5,False,True
1289390437344823096,Apto em Meia praia - 500m do Mar,Meia Praia,apartamento,2,1.0,6,,,,7,5.0,5,False,False
1026697334948678769,Apartamento novo e aconchegante,Meia Praia,apartamento,2,2.0,4,,,,1,5.0,5,False,False
1175287039649554590,Apto Itapema-NOVO-2 quartos/2bwc,Não identificado,apartamento,2,2.0,6,,,,3,5.0,5,False,False
29302417,Conforto e localização privilegiada em Itapema,Não identificado,hotel,11,10.0,16,,,,15,5.0,5,False,False
1074696579907844952,Casa 350mtr da praia,Não identificado,casa,2,1.0,6,,,,0,,0,False,False
45757663,Cobertura (404)  enorme 04 dorm. na Beira Mar,Centro,apartamento,5,3.0,12,,,,8,4.130000114440918,4,False,False
1154498316026129420,"Apto Frente mar, pé na areia",Meia Praia,apartamento,3,2.0,7,,,,0,,0,False,False
1039235354309448898,Apartamento 300 metros da praia de Itapema,Não identificado,apartamento,2,1.0,2,150.0,204.4973544973545,189.0,8,5.0,5,True,False
31101965,"Vista exuberante,  frente mar.",Não identificado,apartamento,4,3.0,8,,,,1,5.0,5,False,False
41404141,Apto a 70 metros da praia. Sacada ampla vista mar.,Não identificado,apartamento,3,2.0,6,690.0,703.0533333333334,165.0,5,5.0,5,False,False
968083507023306345,Apto luxo 3 quartos 2 garagens,Meia Praia,apartamento,3,2.0,6,,,,0,,0,False,False
762255792328076957,Alugo lindo apartamento no centro da Meia Praia.,Meia Praia,apartamento,3,2.0,6,,,,4,5.0,5,False,False
1023859686118074298,ótimo apto de 3 dormitorios,Não identificado,apartamento,3,2.0,8,,,,0,,0,False,False
1044458170286255125,Apartamento Quadra Mar c/ roupa de cama branca,Meia Praia,apartamento,4,5.0,12,1100.0,1013.1986724637682,138.0,2,5.0,5,False,False
744210382596366805,Amplo e aconchegante ap 3 suites próximo ao mar,Não identificado,apartamento,3,3.0,6,500.0,508.37008031496066,127.0,7,5.0,5,False,False
16672298,Apto super agradável em Itapema/SC,Não identificado,apartamento,2,2.0,6,,,,8,4.5,4,False,False
16017693,Apartamento c/ hidromassagem 3 Suítes em Meia Prai,Meia Praia,apartamento,3,3.0,7,910.0,867.3321000000001,108.0,41,4.900000095367432,4,True,True
749963843310428866,Excelente apartamento no centro de Itapema SC,Centro,apartamento,1,2.0,2,,,,4,5.0,5,False,False
40250642,Apartamento finamente decorado em meia praia.,Meia Praia,apartamento,3,2.0,6,900.0,983.4350563380281,213.0,25,4.880000114440918,4,False,False
1320407362319863064,3 quartos na Meia Praia,Meia Praia,apartamento,2,0.0,7,,,,0,,0,False,False
41340678,Apartamento 2 Dormitórios,Não identificado,apartamento,3,2.0,5,,,,3,5.0,5,False,False
1159488829375931065,Apto 3 suítes em Itapema,Não identificado,apartamento,3,3.0,8,,,,0,,0,True,False
1081897069272016369,Apartamento pé na areia,Meia Praia,apartamento,3,2.0,7,,,,0,,0,False,False
998496780358781813,Apartamento 50 metros da Praia,Não identificado,apartamento,3,3.0,8,,,,3,4.329999923706055,4,True,False
1244465486487861017,Suíte em AP Compartilhado 200m do mar,Meia Praia,outros,1,1.0,2,,,,4,5.0,5,False,False
46850942,Apartamento 40m do mar,Não identificado,apartamento,2,2.0,6,,,,2,5.0,5,False,False
1311172869672143653,Apartamento em Itapema/SC,Centro,apartamento,3,2.0,6,,,,1,5.0,5,False,False
40794806,Chalé Casal Campo/Praia Itapema,Não identificado,casa,1,1.0,2,709.0,700.0096153846154,52.0,41,5.0,5,True,True
766568507152640348,Casa com piscina,Não identificado,casa,2,3.0,8,,,,0,,0,False,
1298719286864639427,Do lado do mar,Centro,apartamento,3,2.0,6,,,,0,,0,False,False
53077335,Apartamento adorável na praia do centro,Centro,apartamento,3,2.0,7,1000.0,1000.0,11.0,7,5.0,5,False,False
708655269844082666,Ampla cobertura em ótima localização em Meia Praia,Meia Praia,apartamento,3,2.0,11,,,,4,4.25,4,False,False
1290632688082059585,Apto alto padrão 2 quartos,Meia Praia,apartamento,2,1.0,6,,,,0,,0,True,False
1290290852335101414,4suites pé na areia linda vista,Meia Praia,apartamento,4,4.0,10,,,,0,,0,False,False
50047341,⭐️Apto perfeito 3 dormitórios quadra mar com Wi-Fi,Não identificado,apartamento,3,2.0,8,300.0,340.41610378378374,74.0,81,4.78000020980835,4,True,False
944320965810800803,"Pertinho da areia, vista mar, amplo e confortável",Não identificado,apartamento,3,2.0,7,900.0,893.8373191304348,230.0,8,5.0,5,False,False
32443120,Onde eu moro!,Meia Praia,apartamento,2,2.0,5,529.0,512.3974353846154,13.0,12,4.920000076293945,4,False,False
795495744056169046,Apartamento Frente Mar em MEIA PRAIA.,Meia Praia,apartamento,3,2.0,8,812.5,914.1633333333333,150.0,39,4.949999809265137,4,True,False
42362925,"MS1502B Moderno, Amplo, Confortável e Diferenciado",Meia Praia,apartamento,4,4.0,8,999.0,1104.5186170212767,188.0,175,4.940000057220459,4,False,False
1212360832616514334,"""Apartamento à Beira-Mar!""",Não identificado,apartamento,2,2.0,6,,,,2,5.0,5,False,False
1065486956234302859,"Apto 2 quartos,  praia central",Não identificado,apartamento,2,1.0,5,,,,0,,0,False,False
1272413241539554099,Belíssimo Apartamento Vista Mar,Não identificado,apartamento,4,4.0,9,,,,1,5.0,5,True,True
1044131048966503361,Belíssimo apto c/ 3 dormitórios,Não identificado,apartamento,3,2.0,7,,,,4,5.0,5,True,False
1309020875992364221,apartamento veraneio 01,Não identificado,apartamento,2,2.0,6,,,,0,,0,False,False
747853702865716845,Itapema 310/330 uma quadra do mar,Não identificado,apartamento,3,2.0,8,,,,3,5.0,5,True,False
999239312611492112,Casa 400 metros da Praia Central,Não identificado,casa,2,2.0,6,,,,0,,0,False,False
1250643283082134693,Itapema 295,Não identificado,apartamento,3,3.0,8,,,,2,5.0,5,True,False
43030317,"Casa 4 quartos, ar cond., 3 WC, Wi-Fi",Não identificado,casa,4,3.0,12,,,,0,,0,False,False
1248514191377483703,Apto a 260m da Praia do Canto em Itapema RTL0302,Centro,apartamento,2,1.0,6,495.0,525.7079439252336,214.0,6,5.0,5,False,True
1040801115492293354,"apartamento Itapema sc, temporada.",Não identificado,apartamento,3,3.0,10,,,,0,,0,False,False
1018254817862621451,Apart. no coração da meia praia.,Meia Praia,apartamento,3,2.0,6,,,,6,5.0,5,False,False
42423653,"Passe lindas férias com Praia, Sol e Mar",Meia Praia,apartamento,3,2.0,7,,,,1,5.0,5,False,False
41746198,Aluga-se apartamento em Meia Praia - quadra do mar,Meia Praia,outros,2,1.0,8,,,,4,5.0,5,False,False
772400737801615781,apto quadra mar meia praia,Meia Praia,apartamento,4,2.0,10,,,,2,5.0,5,False,False
1147139259539364839,Apto Completo a 100m da praia,Não identificado,apartamento,2,2.0,6,,,,2,5.0,5,False,False
1285021258116609716,Apto novo 90m a 5 min da praia. Px superm. e rest.,Não identificado,apartamento,2,2.0,6,,,,1,5.0,5,False,False
1028215269299330056,Ótima localização! 2 Quartos em Meia Praia,Meia Praia,apartamento,2,2.0,5,,,,0,,0,True,False
1298560254233402601,Incrível vista para o mar,Não identificado,apartamento,4,3.0,7,,,,0,,0,False,False
995667875936233192,"Vila dos pássaros, Quarto 02",Não identificado,outros,1,1.0,6,,,,0,,0,False,False
1313997746250290772,Apto novo próximo Havan,Morretes,apartamento,3,2.0,8,,,,0,,0,True,False
946451380352813662,Apto Meia Praia - Itapema SC,Meia Praia,apartamento,3,3.0,6,1100.0,1105.6377551020407,49.0,5,5.0,5,False,False
1273337047695459816,Apto Beira Mar-Meia Praia - 3 quartos,Meia Praia,apartamento,3,2.0,9,,,,0,,0,False,False
1305411348950813553,Locação temporada natal/ano novo,Não identificado,apartamento,2,1.0,3,,,,0,,0,False,False
984264382270692556,Apto 602 com vista para Mar.,Não identificado,apartamento,3,2.0,8,,,,1,5.0,5,False,False
53715659,Oceano de paz e conforto à sua frente!,Não identificado,apartamento,4,3.0,7,,,,0,,0,False,False
1050857413300266721,Apto confortável a 300m da Praia Itapema-SC MLN701,Meia Praia,apartamento,3,2.0,8,575.0,673.5866666666667,150.0,2,5.0,5,False,True
983864829707648186,Apto Temporada em Meia Praia,Meia Praia,apartamento,2,1.0,6,,,,0,,0,False,False
1303091650236798544,Apartamento com vista para o mar,Não identificado,apartamento,2,3.0,6,,,,0,,0,False,False
41470273,"Apt 2 quartos, Meia praia, quadra mar, rua 293",Meia Praia,apartamento,2,1.0,5,,,,121,4.840000152587891,4,True,False
1315233656046324612,Apartamento F&B - Litoral,Meia Praia,apartamento,3,2.0,8,,,,1,5.0,5,False,False
826063757882656916,Alto padrão. Para exigentes,Não identificado,apartamento,1,1.0,4,516.0,620.9547619047619,210.0,45,5.0,5,True,False
1320251945059711672,Lindo apartamento em Meia Praia,Meia Praia,apartamento,3,2.0,6,,,,0,,0,False,False
1194961001253133253,apartamento próximo ao OPIER,Não identificado,apartamento,2,1.0,4,,,,0,,0,False,False
1303193506330312884,Lindo apartamento em Meia Praia,Meia Praia,apartamento,2,2.0,6,,,,1,5.0,5,True,False
1207940918769840398,Estúdio a 280m da Praia em Itapema MHFB0507,Centro,apartamento,1,1.0,2,382.0,399.22906,195.0,2,5.0,5,False,True
11508986,Casa Nova no Centro.,Centro,casa,2,1.0,5,354.0,348.7307692307692,13.0,15,4.869999885559082,4,False,False
40960741,POUSADA BRONZE 2,Meia Praia,apartamento,1,1.0,4,275.0,288.04,75.0,12,4.5,4,False,False
27704457,Meia Praia Itapema Sc,Meia Praia,apartamento,2,2.0,6,,,,1,5.0,5,False,False
12359589,Apartamento de 4 Dormitórios Frente ao Mar,Meia Praia,apartamento,4,2.0,8,,,,31,4.739999771118164,4,False,False
52305543,Temporada com linda vista mar,Não identificado,apartamento,4,4.0,10,,,,0,,0,False,False
39363955,Apto  Inteiro! Seu  Lugar é Aqui!,Meia Praia,apartamento,2,1.0,7,370.0,406.18795346534654,101.0,6,5.0,5,False,False
1069659858321218617,ambiente familiar disponível até o carnaval 2025,Não identificado,casa,0,0.0,5,,,,7,4.710000038146973,4,False,False
1028828653788779501,residencial Lara 2,Não identificado,outros,1,1.0,4,,,,1,5.0,5,False,False
905876922972974570,Perto Russi prédio frente mar,Não identificado,apartamento,3,2.0,9,,,,0,,0,False,True
48848529,AP Meia Praia  Aluguel/Venda - 4min caminhando mar,Meia Praia,apartamento,3,4.0,12,1000.0,1088.4155844155844,231.0,61,4.840000152587891,4,True,False
47254288,MELHOR LOCALIZAÇÃO DA MEIA PRAIA E A 200M DO MAR,Meia Praia,apartamento,3,2.0,6,450.0,504.97687861271675,173.0,38,4.96999979019165,4,False,False
47847374,"EXCELENTE APT. FAMILIAR, 2 QUARTOS, 120m da PRAIA",Meia Praia,apartamento,2,1.0,5,,,,28,4.820000171661377,4,False,False
1316892776746532728,Aluguel temporada Meia Praia,Meia Praia,apartamento,3,3.0,6,,,,0,,0,False,False
733873082801364150,"Apto novo, próximo de tudo. Bairro Morretes",Morretes,apartamento,2,2.0,4,,,,4,5.0,5,False,False
1293564285008286134,3 dormitórios na quadra da praia,Meia Praia,apartamento,3,2.0,7,,,,1,5.0,5,False,False
929120660817262874,"Apto 3 dorm, Centro de Itapema.",Centro,apartamento,3,2.0,6,699.0,745.7176470588236,255.0,4,5.0,5,False,False
1290483684225455949,Apartamento aconchegante,Não identificado,apartamento,2,2.0,4,,,,0,,0,False,False
38723084,APTO NOVO Á 2 QUADRAS DO MAR PRÓX AO RUSSI & RUSSI,Meia Praia,apartamento,3,2.0,8,,,,7,5.0,5,False,False
43754654,Apartamento 3 Suítes a 70 metros do Mar de Itapema,Centro,apartamento,3,3.0,8,897.0,906.1732456140351,228.0,12,5.0,5,False,False
1269119159660044936,Completo Vista Mar 8 Hóspedes,Não identificado,apartamento,3,2.0,8,,,,0,,0,False,True
53076658,Casa de veraneio ampla a 900m da praia,Não identificado,casa,3,1.0,8,,,,0,,0,True,False
633809099013662442,Ap super aconchegante à beira mar Meia Praia,Meia Praia,apartamento,3,2.0,7,450.0,466.16190476190474,105.0,40,4.980000019073486,4,True,False
1318312639932328514,Fino apartamento centro itapema!,Centro,apartamento,2,2.0,6,,,,0,,0,True,False
47468878,"Apartamento Frente Mar, Itapema/SC Meia Praia",Meia Praia,apartamento,4,3.0,8,,,,0,,0,False,False
1213824251801309412,Apartamento Charmoso com Churrasqueira SEO0702,Meia Praia,apartamento,3,3.0,6,954.0,1033.1328571428571,175.0,6,4.5,4,False,True
1139831117529014384,Fantástico Apto vista para o Mar,Não identificado,apartamento,3,2.0,6,610.0,625.9906103286385,213.0,11,5.0,5,True,False
48719693,Apartamento Sol e Mar,Não identificado,apartamento,2,2.0,6,,,,8,4.880000114440918,4,False,False
1306545959582020873,Casa confortável e ampla,Centro,casa,0,0.0,14,,,,0,,0,False,False
708045427082372124,Frente Mar em Itapema,Não identificado,apartamento,2,2.0,5,1250.0,1252.904761904762,252.0,8,5.0,5,False,False
1313121404040146831,"Frente Mar Meia Praia, Russi",Meia Praia,apartamento,3,2.0,8,,,,0,,0,False,False
1084956409800718038,Apto confortável e arejado,Não identificado,apartamento,2,2.0,6,,,,0,,0,False,False
988202244677112791,Aluguel Temporada / acomoda 8 pessoas,Não identificado,apartamento,2,2.0,8,,,,1,5.0,5,False,False
16433733,Aluguel no miolo de Meia Praia 200 m do mar,Meia Praia,apartamento,3,2.0,7,,,,10,4.099999904632568,4,False,False
1260119534147831091,Alugo quarto para temporada e pernoites.,Não identificado,outros,1,0.0,2,,,,2,5.0,5,False,False
1254096741071252185,Itapema Centro pe na areia,Centro,apartamento,3,2.0,6,,,,0,,0,False,False
730934848762809144,Apartamento em Meia Praia,Meia Praia,apartamento,4,3.0,9,,,,3,4.670000076293945,4,False,False
816531385836499020,"Apto 400m da praia, 3 suítes, com churrasqueira",Não identificado,apartamento,3,3.0,8,,,,4,5.0,5,False,False
47844337,Apto novo e clean em meia praia 300m da praia!,Meia Praia,apartamento,2,2.0,6,,,,8,4.880000114440918,4,False,False
1069710216126818337,Apartamento vista para o mar,Não identificado,apartamento,2,2.0,5,,,,4,5.0,5,False,False
20618105,Apto quadra mar Meia Praia - Itapema/SC,Meia Praia,apartamento,2,2.0,5,634.3333,649.4862763779528,127.0,15,4.730000019073486,4,False,False
1291985009511026813,Apto aconchegante,Não identificado,apartamento,2,1.0,4,,,,3,5.0,5,False,False
41822635,"Apto Quadra do Mar,  2 Suítes Casal + 1 Quarto DPL",Não identificado,apartamento,3,3.0,7,,,,0,,0,False,False
1289263958043683265,"Apto 03 suítes, vista mar, Meia Praia - Itapema/SC",Meia Praia,apartamento,3,0.0,8,,,,0,,0,False,False
38569669,Na QUADRA DO MAR em MEIA PRAIA - Itapema SC,Meia Praia,apartamento,5,3.0,13,,,,14,5.0,5,False,False
963040775940890055,Apto próximo a praia em Itapema-SC SEM501,Não identificado,apartamento,2,2.0,5,644.0,714.8837204651163,215.0,37,4.920000076293945,4,False,True
35826155,"Sua casa fora de casa em Itapema/SC, o ano todo!!",Meia Praia,apartamento,2,2.0,6,590.0,590.0,20.0,32,4.909999847412109,4,True,False
37108379,Apartamento família,Não identificado,outros,1,0.0,2,,,,0,,0,False,False
1027088555597671969,Apartamento Meia Praia Itapema,Meia Praia,apartamento,3,2.0,6,,,,2,5.0,5,False,False
1314471490376704385,apartamento vista mar,Não identificado,apartamento,2,2.0,5,,,,0,,0,False,False
1263748016799621791,Apartamento quadra mar,Não identificado,apartamento,3,2.0,8,,,,0,,0,True,False
890108624797058843,Vista mar acesso direto na praia,Não identificado,apartamento,4,3.0,9,,,,1,5.0,5,False,True
1274679812745645557,Apto aconchegante vista mar 280m da Praia MHF0807,Centro,apartamento,1,1.0,4,607.0,594.6753971428572,210.0,7,4.860000133514404,4,False,True
47441042,Meia Praia - Itapema locação de temporada - ótimo,Meia Praia,apartamento,3,2.0,8,,,,1,4.0,4,False,False
756006202648492532,Apartamento de 3 Suítes na Quadra do Mar,Meia Praia,apartamento,3,3.0,9,,,,0,,0,False,False
1321812028838591137,"Apartamento Alto Padrão Itapema, Meia Praia",Meia Praia,apartamento,3,4.0,8,,,,0,,0,False,False
1060712994513047104,Conforto em Itapema,Meia Praia,apartamento,2,2.0,5,427.0,448.09973404255317,188.0,10,4.900000095367432,4,True,False
1038473014859458540,Ampla casa com piscina,Não identificado,casa,2,2.0,4,,,,6,5.0,5,False,False
42154347,No centro de Meia-Praia e bem ao lado do Shopping,Centro,apartamento,0,3.0,8,,,,0,,0,True,False
1111649100941039100,Mar doce mar,Não identificado,apartamento,3,2.0,10,,,,0,,0,False,False
1069655967488909794,Apart. Meia Praia 3 suítes!,Meia Praia,outros,2,2.0,8,,,,0,,0,False,False
47255498,"Apto Duplex, 3 quartos, 200m da praia",Meia Praia,apartamento,3,3.0,10,,,,2,5.0,5,False,False
1069673755630628429,Casa na rua do shopping russi.,Não identificado,casa,2,1.0,4,,,,1,5.0,5,False,False
787727349025737770,disponovel Natal Apart entre meia praia e centro.,Meia Praia,apartamento,2,1.0,3,,,,0,,0,False,False
1227549458445970951,Ótima acomodação e preço justo.,Não identificado,outros,1,1.0,2,,,,2,5.0,5,False,False
14872547,"Localização perfeita na Meia Praia, perto de TUDO!",Meia Praia,apartamento,2,2.0,5,690.75,613.26953125,64.0,32,4.690000057220459,4,True,False
975376794627405792,Itapema (Meia Praia Centro) - Apto Alvorada,Meia Praia,apartamento,2,0.0,4,,,,10,5.0,5,True,False
16253828,Apartamento Família Beira-Mar,Não identificado,apartamento,3,2.0,7,1610.6666,1605.1979166666667,192.0,24,4.960000038146973,4,False,False
1317493588231563038,Apartamento 2 Quartos Quadra Mar,Meia Praia,apartamento,2,1.0,6,,,,1,5.0,5,False,False
790431243381422888,Apartamento em Meia Praia,Meia Praia,apartamento,3,3.0,8,1000.0,956.2010175572519,262.0,7,5.0,5,False,False
1263250333930923451,Recanto Praia Grossa,Não identificado,casa,1,1.0,2,,,,6,5.0,5,False,False
54197754,Apartamento dois minutos da praia itapema sc,Não identificado,apartamento,2,2.0,6,,,,5,5.0,5,False,False
666688976538823328,"Frente Mar Top! 11 hóspedes 
Sacada churrasqueira",Não identificado,apartamento,4,3.0,11,,,,7,4.860000133514404,4,False,True
1265370363028714118,Studio Vista Mar Apenas 280m da Praia! - MHFA2007,Centro,apartamento,1,1.0,2,382.0,399.53855721393035,201.0,1,5.0,5,False,True
1307441126204445779,Cs inteira 6 pessoas Itapema-SC,Não identificado,casa,2,1.0,6,,,,0,,0,False,False
684175737491387722,Casa de Veraneio,Centro,casa,3,1.0,5,,,,7,4.710000038146973,4,False,False
749236858009962576,Cobertura ampla e pé na areia,Não identificado,apartamento,4,4.0,8,,,,3,5.0,5,False,False
958843937087035776,pé na areia no centro de meia pr,Centro,apartamento,3,4.0,8,,,,5,4.800000190734863,4,False,False
1085708494928220029,Apartamento tranquilo,Não identificado,apartamento,2,1.0,6,,,,0,,0,False,False
1223298154582279095,Apto 3 suítes 150m do mar,Não identificado,apartamento,3,3.0,8,,,,0,,0,True,False
1297002657786809873,Cobertura 100m do mar em itapema,Não identificado,apartamento,3,4.0,10,,,,2,5.0,5,False,False
47264359,Cobertura Duplex em prédio frente mar,Meia Praia,apartamento,4,2.0,10,,,,1,5.0,5,False,False
22531967,Praia de Itapema - SC,Não identificado,apartamento,3,3.0,8,,,,0,,0,False,False
1043497443334655968,Frente mar no Centro de Itapema,Meia Praia,apartamento,2,2.0,5,870.0,870.8373023809525,42.0,7,4.860000133514404,4,False,False
1006595840509483072,Residencial Grand Rubi-705,Morretes,apartamento,2,2.0,7,,,,0,,0,False,False
1287180065951019381,Kitnet em Itapema,Não identificado,casa,1,1.0,2,,,,7,4.860000133514404,4,True,False
1312372350540984887,Apartamento Alto Padrão de Luxo,Não identificado,apartamento,4,5.0,9,,,,0,,0,False,False
1060253210101894661,Apto c/ suíte a 2 quadras do mar,Meia Praia,apartamento,2,2.0,5,,,,10,4.900000095367432,4,True,False
1292076494703109140,Aluguel de verão,Não identificado,casa,2,2.0,7,,,,0,,0,False,False
1240643134903046008,Apto 3q Meia Praia-Morada Régia,Meia Praia,apartamento,3,2.0,8,,,,1,5.0,5,False,False
48254075,Quadra mar perfeito,Não identificado,apartamento,2,2.0,5,509.0,490.5686274509804,51.0,33,4.849999904632568,4,True,False
1016568511063529821,Seu Refúgio em Itapema Espera por Você !,Não identificado,apartamento,3,2.0,8,,,,2,5.0,5,False,False
1012231847285880827,"apto 3 quartos,  quadra mar",Não identificado,apartamento,3,2.0,10,,,,0,,0,False,False
16662563,(279) Monte Carlo: frente para o mar em Meia Praia,Meia Praia,apartamento,4,3.0,11,1728.0,1728.0,186.0,56,4.880000114440918,4,True,True
766156195693050227,Cobertura Duplex no Centro à 100 mt Shoping Russi,Centro,apartamento,5,5.0,16,1897.0,1831.6442307692307,52.0,16,4.940000057220459,4,False,True
828307537051457546,"Suíte com Ar-Condicionado a 2,5 quadras da Praia!",Não identificado,outros,1,1.0,2,,,,6,5.0,5,False,False
45512442,Amplo apto (204) 04 dorm. na beira da praia,Não identificado,apartamento,4,2.0,8,790.0,676.2868852459017,61.0,20,4.800000190734863,4,False,False
1156781537062859668,Casa Completa Esperando por você,Não identificado,casa,2,1.0,5,,,,61,4.96999979019165,4,True,False
45726200,"Vista Mar, Moderno e Reformado!  Até 11 hóspedes!",Não identificado,apartamento,3,3.0,11,1590.0,1491.4364406779662,118.0,15,5.0,5,False,True
527368588316891258,Apto a 100m da praia com wifi e ar condicionado,Centro,apartamento,2,2.0,5,,,,7,4.860000133514404,4,False,False
14884678,"01 Suíte + 02 Dormitórios, Edif. Frente Mar [403]",Meia Praia,apartamento,3,2.0,6,595.0,577.887323943662,71.0,20,4.699999809265137,4,False,False
964579064376617710,Apto c/ churrasq. 500m da praia Itapema-SC ESM602,Não identificado,apartamento,3,0.0,8,732.0,767.4624277456647,173.0,4,5.0,5,False,True
41762297,Casa espaçosa e confortável para grandes famílias,Canto da Praia,casa,6,3.0,16,1651.25,1664.3,160.0,1,5.0,5,False,False
1208690202721738211,Apto completo e aconchegante,Não identificado,apartamento,1,1.0,2,,,,1,5.0,5,False,False
734317980236725351,"Apto novo, a 30 metros do mar.",Meia Praia,apartamento,4,4.0,10,,,,1,5.0,5,False,False
610155932497817911,(102) Romântico e funcional. Perto do mar.,Não identificado,apartamento,2,1.0,5,518.0,518.0,195.0,85,4.880000114440918,4,True,True
53990080,"Cobertura Pé na Areia, ampla e aconchegante!",Não identificado,apartamento,3,2.0,8,,,,0,,0,False,False
39789650,Apto c/ vista do mar e nascer do sol em Meia Praia,Meia Praia,apartamento,2,2.0,6,,,,4,4.75,4,False,False
782494656199337158,Ap. Frente Mar - Itapema,Ilhota,apartamento,2,1.0,6,,,,22,4.679999828338623,4,True,False
1312606525920978616,Apartamento no Coração de  Meia Praia 80m da praia,Meia Praia,apartamento,2,1.0,6,,,,3,5.0,5,False,False
1318341646949848198,Flat Meia Praia Novo,Meia Praia,apartamento,1,1.0,4,,,,1,5.0,5,True,False
47130787,Apartamento 3 suítes 3 vagas 50m do mar!!!,Não identificado,apartamento,3,4.0,6,,,,2,4.5,4,False,False
821655940167878176,4 Suites - 20m do mar,Não identificado,apartamento,4,4.0,8,,,,0,,0,False,False
1044724334704468537,Apartamento itapema frente mar,Não identificado,apartamento,3,2.0,8,,,,1,5.0,5,False,False
1066105364930743053,Sobrado geminado temporada 1,Meia Praia,casa,2,3.0,5,,,,6,4.829999923706055,4,True,False
551461385062038076,"Apartamento de frente para o Mar, alto padrão.",Não identificado,apartamento,3,3.0,8,,,,0,,0,False,False
914999722763333589,Ap  alto padrão meia praia,Meia Praia,apartamento,4,5.0,11,,,,0,,0,False,
1279732570135680973,Residencial Shalom,Centro,casa,2,3.0,6,,,,0,,0,False,False
1038053437487514538,"Coração da Meia Praia-Área Nobre 
Próximo de tudo.",Meia Praia,apartamento,3,1.0,5,,,,0,,0,False,False
45803876,"Lindo Apto, Meia Praia, Itapema, 3 suítes com ar",Meia Praia,apartamento,3,3.0,7,450.0,531.8184523809524,168.0,40,5.0,5,True,False
1302418579673981667,Residencial Carmelo,Não identificado,apartamento,2,2.0,6,,,,0,,0,False,False
46048941,Lindo apto em Itapema diferenciado,Não identificado,apartamento,2,2.0,6,400.0,371.8235294117647,34.0,58,4.909999847412109,4,True,False
990753381537113233,Apartamento em Meia Praia,Meia Praia,apartamento,2,2.0,4,,,,1,5.0,5,False,False
1241358686262226420,apartamento 180 metros da praia,Não identificado,apartamento,3,2.0,8,,,,0,,0,False,False
1248542115027053727,Sea Breeze - Brisa do Mar - Pé na Areia em Itapema,Meia Praia,apartamento,3,1.0,9,,,,1,5.0,5,False,True
1187061700423806804,Apto aconchegante vista mar em Itapema - MHF0607,Centro,apartamento,1,1.0,4,608.0,608.5170071428572,196.0,3,5.0,5,False,True
967442825122503004,Apto no centro de meia praia - Edf. Maria Rosa,Meia Praia,apartamento,3,3.0,9,,,,2,4.5,4,False,False
1208735754877396448,"Belo studio 280m da praia, com vista mar MHFA0506",Centro,apartamento,1,1.0,2,427.0,433.66346153846155,208.0,2,5.0,5,False,True
52437705,Apto a 200 metros da praia,Meia Praia,apartamento,2,2.0,8,,,,1,5.0,5,False,False
45911990,Apartamento de frente para o mar em Meia Praia,Meia Praia,apartamento,3,2.0,6,560.0,661.1181781818182,55.0,38,4.949999809265137,4,True,False
1203003652162530323,Único: 1 ap/andar com Hall privativo. Luxo Total.,Não identificado,apartamento,2,2.0,6,,,,18,4.889999866485596,4,True,False
45768161,Ap R.255 Quadra mar - Meia Praia - ITAPEMA/SC,Meia Praia,apartamento,3,2.0,6,850.0,696.6404761904762,210.0,22,4.820000171661377,4,False,False
1058608574256056822,"20 passos da areia, vista mar",Não identificado,apartamento,3,2.0,8,,,,1,5.0,5,False,True
1018988231816821881,"Meia Praia, 100 metros do mar!",Meia Praia,apartamento,3,2.0,5,,,,1,5.0,5,False,False
50561328,"""LINDOAPÊ SACADA VISTAMAR-MELHOR REGIAO MEIA PRAIA",Meia Praia,apartamento,3,2.0,7,700.0,886.25,20.0,32,4.78000020980835,4,True,False
621626596784793972,"Apartamento há 2min do Mar
Rua 210
Meia praia Sc",Meia Praia,apartamento,3,2.0,8,500.0,524.4186046511628,43.0,39,5.0,5,True,False
1029566381255289346,Apartamento de alto padrão,Não identificado,apartamento,3,2.0,10,,,,0,,0,False,False
24754306,Apto quadra do Mar na Santa e Bela Catarina,Não identificado,apartamento,3,3.0,6,,,,5,5.0,5,False,False
44277119,Apartamento inteiro - Itapema - SC,Não identificado,apartamento,2,2.0,6,,,,4,4.5,4,False,False
1055739043688411409,Apartamento na Meia Praia,Meia Praia,apartamento,3,3.0,8,,,,0,,0,True,False
30032994,Pertinho da praia e de tudo,Meia Praia,apartamento,2,2.0,8,395.0,428.6111111111111,144.0,11,5.0,5,True,False
39498604,(226801) 3 suítes confortável e Moderno em Itapema,Não identificado,apartamento,3,3.0,10,,,,2,4.5,4,False,False
21077682,"Apto de Alto-Padrão, 4 Quartos e Vista para o Mar",Meia Praia,apartamento,4,3.0,10,670.3333,791.90909,110.0,31,4.96999979019165,4,True,False
1072517073581411088,Apartamento em Meia-Praia,Centro,apartamento,2,2.0,4,,,,1,5.0,5,False,False
30153564,Apto a 50 m da praia e perto dos parques de SC!,Não identificado,apartamento,2,0.0,6,425.5,423.4583331746032,126.0,39,4.900000095367432,4,True,False
668715506986619718,Apartamento maravilhoso em Meia Praia e vista mar,Meia Praia,apartamento,3,3.0,8,565.0,641.1356920353982,113.0,17,4.940000057220459,4,True,False
726824755593769251,Sua casa na práia totalmente mobiliada com garagem,Não identificado,apartamento,3,2.0,6,,,,1,5.0,5,False,False
47966333,Apto pé na areia em Itapema.,Não identificado,apartamento,5,5.0,10,,,,20,4.949999809265137,4,False,False
937784845189626298,4199 Apartamento 2 quartos em Meia Praia,Meia Praia,hotel,2,2.0,6,,,,0,,0,False,True
53314692,Cobertura  visão panorâmica de toda praia Itapema,Não identificado,apartamento,1,1.0,5,520.0,665.881851369863,146.0,19,4.579999923706055,4,False,False
1074829679064875721,Moderno Meia Praia!,Meia Praia,apartamento,3,3.0,8,749.0,749.0,6.0,10,5.0,5,True,False
957850854349366173,Apto 350m do mar com vista para a praia de Itapema,Não identificado,apartamento,2,2.0,6,,,,4,5.0,5,False,False
978956556263109793,Apartamento Praia central de Itapema 19° andar,Não identificado,apartamento,2,2.0,5,,,,2,5.0,5,False,False
1052895085056584824,Apartamento de frente para o mar,Meia Praia,apartamento,3,3.0,8,,,,1,5.0,5,True,False
51742599,A 50m do mar 4 quartos sendo 2 suítes e 2 garagens,Não identificado,apartamento,4,3.0,10,,,,3,5.0,5,False,False
1020352360748829864,Apartamento Frente ao Mar,Não identificado,apartamento,3,2.0,8,,,,5,5.0,5,False,False
1315170793056402402,Ap itapema meia praia frente mar,Meia Praia,apartamento,3,2.0,8,,,,0,,0,False,False
1294439015861379459,Ap 1001- O Paraíso na Meia Praia,Meia Praia,apartamento,3,0.0,7,,,,0,,0,False,False
41731457,RP Estúdio Meia Praia ar wifi vaga coz. tv smart,Meia Praia,apartamento,0,1.0,5,,,,8,4.5,4,False,False
663206784662825327,Apartamento na QUADRA DO MAR em Meia Praia,Meia Praia,apartamento,3,2.0,6,,,,7,4.139999866485596,4,False,False
1062531273496862060,Apto Itapema-2 quartos-300m Mar,Não identificado,apartamento,2,2.0,5,,,,0,,0,False,False
1269744096051808853,A Poucos Passos do Mar,Não identificado,apartamento,3,3.0,9,,,,0,,0,False,False
1303593007044032483,"Apto 04 dorm. ótima localização, até 12 pessoas.",Não identificado,apartamento,4,0.0,12,,,,0,,0,False,False
21103807,"Itapema - Ap. Cobertura, 4 quatros , 130 mt praia",Não identificado,apartamento,5,4.0,10,1450.0,1081.6901408450703,71.0,38,4.96999979019165,4,False,False
766523470893238581,Apartamento Beira Mar.,Meia Praia,apartamento,3,2.0,7,,,,1,4.0,4,False,False
927426464522828770,149- Apto na meia praia com ótima localização,Meia Praia,hotel,2,2.0,6,,,,0,,0,False,True
53682994,Apartamento encantador na quadra da praia!,Meia Praia,apartamento,3,2.0,7,,,,4,5.0,5,False,False
53567582,Pé na areia em alto estilo!,Não identificado,apartamento,3,2.0,10,,,,2,5.0,5,False,True
1062460880319807251,Linda casa a 100 metros do mar,Não identificado,casa,3,1.0,8,,,,0,,0,False,False
790518755885066166,Lindo apartamento em Itapema-SC,Não identificado,apartamento,3,4.0,6,750.0,794.5448176470588,119.0,6,5.0,5,False,False
1057823197232677783,Apartamento Novo - Próx. Praia,Canto da Praia,apartamento,2,1.0,6,,,,6,4.5,4,False,False
1101585118067937280,Lindo Apartamento 3 suítes,Não identificado,apartamento,3,4.0,10,,,,0,,0,False,False
27397473,03 quartos - perto do mar,Meia Praia,apartamento,3,1.0,10,,,,4,4.75,4,True,False
1260799506532685081,Casa Meia praia Itapema comporta até 25 pessoas,Meia Praia,casa,10,9.0,16,,,,0,,0,False,False
1218991049874355381,Apto 3 suítes 100 m do mar.,Centro,apartamento,3,3.0,6,,,,0,,0,False,False
1254367793260264188,chalé recanto da natureza,Meia Praia,casa,2,1.0,4,,,,0,,0,False,False
1257368703930215344,Ótimo custo-benefício!,Não identificado,apartamento,3,2.0,8,,,,0,,0,False,False
31380471,Meia Praia Apartamento Perfeito,Meia Praia,apartamento,3,3.0,7,800.0,890.7798387096774,186.0,27,4.670000076293945,4,True,False
28029195,Amplo Apto Meia Praia - Itapema - Vista Mar,Meia Praia,apartamento,3,3.0,7,,,,4,5.0,5,False,False
1306071127428219225,Suíte Águas do Atlântico,Não identificado,outros,1,1.0,2,,,,0,,0,False,False
792567012140217848,80 Metros do Mar Meia Praia,Meia Praia,apartamento,3,3.0,8,,,,0,,0,False,False
1300042401669433590,Apartamento na Quadra do Mar,Meia Praia,apartamento,3,2.0,7,,,,0,,0,False,False
1170581686192011483,Meia Praia Apartamento Vista mar,Meia Praia,apartamento,2,2.0,6,,,,14,4.860000133514404,4,True,False
1237097584529010572,Quarto Suíte em AP compartilhado Quadra Mar,Não identificado,outros,1,1.0,2,,,,0,,0,False,False
1312524247058689796,Aconchego e Conforto a Poucos Passos do Mar,Meia Praia,apartamento,3,3.0,7,,,,1,5.0,5,False,False
1204202556611988459,Refúgio de Campo na Praia,Não identificado,casa,3,2.0,8,,,,1,5.0,5,False,
31560419,Apto quadra do mar 90 mts praia central Itapema,Não identificado,apartamento,2,2.0,6,449.0,421.22222222222223,108.0,16,5.0,5,False,False
1021069474943551711,Apto 3 Suítes  Quadra mar AL070,Meia Praia,apartamento,3,3.0,8,,,,0,,0,True,False
1072539500992627353,"Apartamento cobertura - Meia praia, pé na areia!",Meia Praia,apartamento,4,3.0,9,,,,1,5.0,5,False,False
1183341386353396185,Residence/praia-mar,Não identificado,apartamento,4,2.0,8,,,,0,,0,True,False
993657929672148104,Apartamento MEIA PRAIA - Itapema,Meia Praia,apartamento,3,3.0,8,,,,4,5.0,5,False,False
1063705737261985613,Casal + Sofa a Cama casal,Não identificado,casa,1,1.0,3,,,,4,4.25,4,False,False
1077455073809832287,Apartamento em Meia Praia,Meia Praia,apartamento,2,2.0,6,,,,3,5.0,5,False,False
45889892,"Pequeno refúgio a 20m do mar, centro de Meia Praia",Meia Praia,apartamento,2,2.0,6,595.0,624.5264900662252,151.0,58,4.980000019073486,4,True,False
1298534026763641217,Apto com 3 suítes em Meia Praia,Meia Praia,apartamento,3,4.0,8,,,,0,,0,False,False
3977675,RP Estúdio Meia Praia ar wifi vaga coz. tv smart,Meia Praia,apartamento,0,1.0,5,198.0,242.7121210909091,55.0,21,4.619999885559082,4,False,False
1321064167200107186,Apartamento Itapema,Não identificado,apartamento,2,1.0,5,,,,0,,0,False,
1297703553282099427,apartamento de veraneio 02,Não identificado,apartamento,2,2.0,5,,,,2,4.5,4,False,False
772261416620745030,Apartamento Lindo e confortável perto da praia !,Não identificado,apartamento,3,3.0,6,825.0,835.3601895734597,211.0,10,5.0,5,False,False
1095231396684061228,Apartamento Itapema Vista Mar,Não identificado,apartamento,3,2.0,6,,,,0,,0,False,
1303756660115417355,"Itapema Great
It is a full apartment",Não identificado,apartamento,2,2.0,5,,,,1,3.0,3,False,False
28889043,Lindo Apartamento Vista para o Mar  Itapema SC,Não identificado,apartamento,3,3.0,8,,,,2,4.5,4,False,False
761435242184281814,Seu Cantinho na Meia Praia - Itapema SC,Meia Praia,apartamento,2,1.0,6,,,,8,4.880000114440918,4,True,False
1275531280106913427,Novo com linda vista e 3 suítes,Meia Praia,apartamento,3,3.0,8,,,,9,5.0,5,False,False
1242636559252630512,Flat completo /vista mar.,Não identificado,apartamento,1,1.0,4,,,,0,,0,False,False
15549803,Apto de Frente Pro Mar - ITAPEMA - SC - Brasil,Centro,apartamento,4,3.0,8,490.0,775.5673076923077,104.0,82,4.929999828338623,4,True,False
1257280185796580133,Apartamento Cobertura  Pé na Areia itapema,Não identificado,apartamento,4,3.0,10,,,,0,,0,False,False
39507664,"Meia praia itapema, 8 pessoas, 2 suítes, beira mar",Meia Praia,apartamento,4,3.0,8,429.0,428.29761904761904,84.0,50,4.840000152587891,4,True,False
1313073144404552593,Apartamento Itapema Meia Praia,Meia Praia,apartamento,3,2.0,8,,,,1,5.0,5,False,False
1056816282920055514,(286) Confort,Não identificado,apartamento,3,3.0,6,540.0,564.56410295858,169.0,15,4.929999828338623,4,True,True
1006520154239574601,Férias 2 minutos do mar! Res Diamante Mandarim,Meia Praia,apartamento,2,2.0,8,,,,0,,0,False,False
1050749872031768842,Apartamento perto do mar,Não identificado,apartamento,2,2.0,6,,,,3,4.670000076293945,4,False,False
1284110666632259028,Apto charmoso vista mar 280m da Praia MHF0904,Centro,apartamento,1,1.0,4,600.0,600.6614042105264,190.0,0,,0,False,True
818513037989175149,"Novíssimo, lindo, 5 min da praia",Andorinha,apartamento,2,2.0,6,,,,4,5.0,5,False,False
559430665216139427,Suíte em apto compartilhado a 100 m do mar,Não identificado,outros,1,1.0,3,,,,7,5.0,5,False,False
1218776899039658891,“4 suítes - Perto da Praia”,Não identificado,apartamento,4,4.0,8,,,,0,,0,False,True
771054676372745506,157 mt da praia! Segundo andar,Meia Praia,casa,3,2.0,10,,,,0,,0,True,False
754796838418506202,"Apartamento em Itapema, meia praia.130 mts do mar",Meia Praia,apartamento,3,2.0,9,675.0,604.6638418079096,177.0,12,5.0,5,False,False
1040468720599464619,Ape ílhas Maurício,Não identificado,apartamento,2,2.0,5,,,,2,5.0,5,False,False
1236324650857979589,Apartamento em Meia Praia,Meia Praia,apartamento,3,2.0,8,,,,0,,0,False,False
745721701947116393,Condomínio com portaria 24hs com uma área de lazer,Não identificado,apartamento,2,1.0,6,,,,0,,0,False,False
1191543560489849934,"Lindo sobrado, casa de campo",Não identificado,casa,2,3.0,5,,,,1,5.0,5,False,False
681139047695558927,"Itapema-SC, 350 metros do mar, ótima localização",Não identificado,apartamento,2,2.0,4,219.0,229.46808510638297,47.0,22,4.730000019073486,4,False,False
45456914,*Itapema* Ótima localização P/Família* Completo*,Não identificado,apartamento,3,2.0,6,,,,0,,0,False,False
37347085,"Lindo apartamento, na quadra da praia!",Meia Praia,apartamento,3,2.0,6,492.0,492.7219917012448,241.0,41,4.710000038146973,4,False,False
39837626,Magnifico apartamento no centro de Meia Praia!!,Meia Praia,apartamento,3,3.0,6,430.0,461.95652173913044,23.0,22,5.0,5,False,False
1305912340453612514,Excelente Oportunidade em Meia Praia,Meia Praia,apartamento,3,2.0,6,,,,2,5.0,5,False,False
863830918159371125,Nilmare Apart Hotel - Apto Mirante das Águas - 8,Não identificado,apartamento,3,1.0,6,306.0,329.46268656716416,67.0,44,4.730000019073486,4,True,True
1252753408221770788,"4 Quartos, 2 vagas, Vista mar e ótima localização!",Não identificado,apartamento,4,2.0,11,,,,3,5.0,5,True,True
13522176,"Cobertura frente mar, vista LINDA de toda a orla.",Meia Praia,apartamento,5,6.0,15,1725.0,1736.111111111111,9.0,144,4.829999923706055,4,False,False
21397811,Apto prédio à beira mar no centro de meia praia,Meia Praia,apartamento,3,2.0,8,600.0,710.9806302702702,185.0,19,4.889999866485596,4,False,False
950059146531590785,Apartamento em Itapema - SC,Não identificado,apartamento,2,2.0,5,397.0,469.05882352941177,17.0,8,4.880000114440918,4,False,False
1292976440894819617,Apartamento em meia praia,Meia Praia,apartamento,3,2.0,8,,,,3,5.0,5,False,False
39989789,"Apto  Amplo e Confortável, Próximo à Praia Central",Não identificado,apartamento,3,3.0,6,,,,1,5.0,5,False,False
1310200744046984553,Achei Itapema AP lateral mar 2Q Place D'France,Não identificado,apartamento,2,2.0,6,,,,2,5.0,5,True,True
767407262472265686,"PÉ NA AREIA, Prédio frente mar",Não identificado,apartamento,3,2.0,8,800.0,788.1208984455959,193.0,16,5.0,5,True,False
53581602,Ap Ana e Dille em Itapema SC,Não identificado,apartamento,3,2.0,8,500.0,528.1256830601093,183.0,6,5.0,5,False,False
41556526,Apto  itapema excelente localização  600m da praia,Não identificado,apartamento,0,2.0,5,,,,13,4.849999904632568,4,False,False
1270320558298150233,Cobertura  Duplex Orla da Praia,Meia Praia,apartamento,4,4.0,10,,,,0,,0,False,False
1272538182016914519,Pertinho do MAR e de TUDO.,Centro,apartamento,2,2.0,6,,,,1,5.0,5,False,False
1319557868224326182,Res. Michelangelo Itapema,Não identificado,apartamento,2,2.0,5,,,,1,5.0,5,False,False
774835101488402035,Alto padrão 4 quartos prox mar,Não identificado,apartamento,4,3.0,9,,,,2,5.0,5,False,True
979822999058425359,Um passo de tudo.! 100 metros do MAR!,Meia Praia,apartamento,2,2.0,6,,,,7,4.710000038146973,4,False,False
1262982199583014782,Apto a apenas 280m da Praia em Itapema MHF0508,Centro,apartamento,2,1.0,6,703.3333,754.6294416243654,197.0,9,4.670000076293945,4,False,True
15706749,Apartamento Próximo à Praia,Não identificado,apartamento,2,2.0,6,,,,42,4.829999923706055,4,False,False
37989675,Apartamento 02 dormitórios em Meia Praia - Itapema,Meia Praia,apartamento,2,2.0,6,400.0,418.4761904761905,63.0,20,4.849999904632568,4,True,False
1318157437821801284,"Alto padrão, pé na areia e vista mar - Meia Praia.",Meia Praia,apartamento,3,3.0,6,,,,0,,0,False,False
832123000813215722,Flat Meia Praia Ideal para Família - 704,Meia Praia,apartamento,0,1.0,4,490.0,518.5904977375566,221.0,13,4.849999904632568,4,True,False
821346339368769003,Casa da Figueira Itapema,Não identificado,casa,5,5.0,16,,,,7,5.0,5,False,False
1056566030515743391,Frente Mar Itapema 3 dormitórios linda vista,Não identificado,apartamento,4,2.0,9,,,,0,,0,False,False
1076774325481778005,Cobertura frente mar,Não identificado,apartamento,3,2.0,8,,,,1,5.0,5,False,False
1288588610295836762,Alugo apartamento temporada,Não identificado,apartamento,2,1.0,5,,,,0,,0,False,False
1267332355220608617,Apto NOVO 2 suítes Meia Praia,Meia Praia,apartamento,2,2.0,5,699.0,668.5797101449275,69.0,1,5.0,5,False,False
1286868505765445574,casa na praia,Não identificado,casa,1,1.0,4,,,,2,5.0,5,False,False
873904497165304605,Prédio frente mar em Itapema/SC Ref. 75,Não identificado,apartamento,2,2.0,4,,,,2,5.0,5,False,False
37744392,"Apto bem localizado, 3 quartos, Meia Praia-Itapema",Meia Praia,apartamento,3,2.0,6,680.0,720.9746835443038,79.0,10,5.0,5,False,False
828238115992749496,"Frente ao Shopping e Supermercado Kock, vista mar",Não identificado,apartamento,3,3.0,8,,,,0,,0,False,True
1272260793182499350,Apto com 2 suítes e vista mar,Não identificado,apartamento,2,0.0,5,582.0,569.5251853333333,45.0,2,5.0,5,False,False
41548025,"Alugo apartamento em Itapema 
Meia Praia..",Meia Praia,apartamento,3,2.0,8,,,,0,,0,False,False
1254392084331548457,Apartamento 4 Dormitórios  na  Meia Praia,Meia Praia,apartamento,4,4.0,10,,,,0,,0,False,False
41235599,Apartamento Beira Mar em Meia Praia Itapema - SC,Meia Praia,apartamento,3,2.0,6,,,,6,4.829999923706055,4,False,False
836385234465202348,Apto 3 Suítes para famílias com vista para o mar,Meia Praia,apartamento,3,4.0,7,845.0,1018.5625,96.0,16,5.0,5,True,True
1015891835742611992,Suíte frente mar com garagem,Não identificado,outros,1,1.0,2,,,,0,,0,False,False
1281447974687781532,Itapema meia praia 3 suítes - alto padrão,Meia Praia,apartamento,0,0.0,8,,,,1,5.0,5,False,False
1242302594456760963,Apartamento Conforto,Não identificado,apartamento,3,3.0,8,,,,2,5.0,5,True,False
1096373335316071895,Apartamento 502 Ed. Millenium,Meia Praia,apartamento,3,3.0,8,,,,4,4.5,4,False,False
989345231542781584,Até 16 Hóspedes Vista Mar,Meia Praia,apartamento,6,4.0,16,,,,1,5.0,5,False,True
725287076784390348,Apto Pertinho do Mar,Não identificado,apartamento,2,2.0,5,,,,9,5.0,5,False,False
1302385137743714245,"Quadra do Mar, em Meia Praia",Meia Praia,apartamento,2,1.0,6,,,,0,,0,False,False
860109707700434700,Aluguel verão quadra mar 3 suítes Meia Praia 143,Meia Praia,apartamento,3,3.0,8,,,,0,,0,True,False
53603293,Apartamento mobiliado,Não identificado,apartamento,2,2.0,5,,,,2,5.0,5,False,False
734991572208138176,S2 - Linda kit net a 150 metros da praia central,Centro,apartamento,1,1.0,3,280.0,277.9759036144578,83.0,40,4.949999809265137,4,True,False
39133572,Família Coelho,Não identificado,apartamento,2,2.0,6,,,,0,,0,False,False
54067163,apto muito aconchegante a 100 metros da praia,Não identificado,apartamento,1,1.0,4,,,,53,4.849999904632568,4,False,False
944199836585616806,Disponível Réveillon 2024/2025,Meia Praia,apartamento,2,2.0,4,,,,1,5.0,5,False,False
1079020200354869279,"Apartamento 300m da praia, mínimo 4 diárias",Não identificado,apartamento,2,2.0,5,,,,0,,0,False,False
1319052943695390684,Apartamento completo em Itapema,Não identificado,apartamento,3,2.0,6,,,,0,,0,False,False
1205971101659299009,Apartamento Novo - próximo ao Mar,Meia Praia,apartamento,3,2.0,6,,,,0,,0,False,False
1277433462144327255,Ap 02 dorm. Meia Praia - R 292,Meia Praia,apartamento,2,2.0,6,,,,0,,0,False,False
47558531,Apto 3 quartos -Ar / vista mar / WI-FI/40 m praia,Não identificado,apartamento,3,2.0,9,895.2,783.0381753138075,239.0,68,4.929999828338623,4,True,False
1231258846701164070,"Apartamento 2 quartos em Itapema!
Novíssimo!",Não identificado,apartamento,2,2.0,4,,,,4,5.0,5,False,False
1219597802580113056,Apto elegante a 280m da Praia em Itapema MHF0801,Centro,apartamento,1,1.0,4,607.0,602.279232460733,191.0,6,4.829999923706055,4,False,True
857423070522811614,Apartamento na meia praia 90 m do mar,Meia Praia,apartamento,2,1.0,6,,,,2,5.0,5,True,False
31141252,Apartamento em Meia Praia com vista para o Mar,Meia Praia,apartamento,2,2.0,5,300.0,402.63157894736844,38.0,84,4.960000038146973,4,True,False
9020559,"01 Suíte + 02 Dormitórios, Ed. Frente Mar! [405]",Meia Praia,apartamento,3,2.0,7,,,,16,4.75,4,False,False
1294927813283467468,Cobertura Frente Praia,Não identificado,apartamento,3,3.0,6,,,,0,,0,False,False
950071725057458527,"Quarto na Meia Praia 2, Itapema",Meia Praia,outros,1,1.0,2,,,,2,5.0,5,True,False
46732171,Ampla sacada e ótima localização em Meia Praia,Meia Praia,apartamento,3,2.0,8,,,,1,5.0,5,False,False
52874992,LINDO APTO COM 5 SUÍTES A POUCOS METROS DO MAR!!,Meia Praia,apartamento,5,5.0,12,,,,3,4.670000076293945,4,False,False
1272513450174682572,Apto na quadra do mar em Meia Praia!,Meia Praia,apartamento,2,1.0,6,,,,0,,0,False,False
1315135179041078348,Apartamento Luxo Vista Mar,Centro,apartamento,4,4.0,8,,,,0,,0,False,False
1298771012972286379,Apartamento novo Itapema,Não identificado,apartamento,2,2.0,6,,,,2,5.0,5,False,False
739663897909156017,Um cantinho aconchegante a 200m da praia!,Meia Praia,apartamento,2,2.0,5,800.0,720.8333333333334,72.0,14,4.929999828338623,4,False,False
1314469487970224033,"Exclusivo!Amplo 230m², a 30m da Praia Itapema!0442",Não identificado,apartamento,4,4.0,8,,,,0,,0,False,False
40449599,Incrível apto 125m² ótima localização - Meia Praia,Meia Praia,apartamento,3,3.0,8,537.0,590.4106145251396,179.0,34,4.849999904632568,4,True,False
942057172413556286,Quarto disponível apenas para mulheres,Não identificado,outros,1,1.0,1,100.0,100.0,39.0,14,5.0,5,False,False
995658810433202014,Apartamento - Férias na Praia,Meia Praia,apartamento,2,2.0,6,,,,1,5.0,5,False,False
682678593442961196,Apartamento aconchegante em centro de Meia Praia,Meia Praia,casa,3,3.0,10,,,,5,4.199999809265137,4,False,False
1286885346606821954,Apartamento Temporada Itapema-SC,Não identificado,apartamento,2,2.0,6,,,,1,5.0,5,False,False
1310205478580856656,Suíte réveillon meia praia,Meia Praia,outros,1,1.0,4,,,,0,,0,False,False
47032923,Apartamento em Itapema SC - DISPONÍVEL NATAL E ANO,Não identificado,apartamento,3,2.0,7,,,,0,,0,False,False
36908385,Apartamento 3 suítes próximo a praia,Meia Praia,apartamento,3,3.0,7,455.0,650.016129032258,62.0,22,4.820000171661377,4,True,True
630326155301078742,APTO MEIA PRAIA - 100m do MAR - 6 pessoas!,Meia Praia,apartamento,2,2.0,6,350.0,366.2162162162162,37.0,17,4.880000114440918,4,False,False
1298521696353871732,Suíte tamanho Família & Casal,Não identificado,outros,1,1.0,2,,,,1,5.0,5,False,False
777535236265957213,Apto Quadra Mar 04 Dormitórios,Não identificado,apartamento,4,4.0,8,,,,0,,0,False,
30314062,Apt Inteiro para temporada em Itapema,Não identificado,apartamento,2,1.0,6,,,,7,4.860000133514404,4,False,False
1269556442442986416,Apartamento Meia praia,Meia Praia,apartamento,2,2.0,4,,,,1,5.0,5,False,False
1045645052596927627,"3 Suítes, 2 Vagas Perto da Praia",Não identificado,apartamento,3,3.0,7,,,,0,,0,False,False
1193018470753061448,Frente Mar Rua 227 Top,Não identificado,apartamento,3,2.0,9,,,,0,,0,False,True
734169053874890548,Apartamento Itapema Meia Praia,Meia Praia,apartamento,3,2.0,8,,,,14,4.860000133514404,4,False,False
1315142436521613012,Solar das Acácias,Não identificado,apartamento,0,1.0,2,,,,0,,0,False,False
1257913840027045858,Apartamento Vista Maravilhosa,Não identificado,apartamento,3,3.0,9,,,,0,,0,False,False
52164313,Casa na praia aconchegante!,Centro,casa,1,1.0,3,,,,17,5.0,5,False,False
32965564,Apto três dormitórios com acesso privativo pro mar,Centro,apartamento,3,2.0,10,,,,7,4.289999961853027,4,False,False
713617442222928787,Apartamento encantador em itapema,Não identificado,apartamento,3,3.0,6,,,,0,,0,False,False
797846744052893154,Viva leve,Não identificado,apartamento,2,1.0,4,,,,11,5.0,5,False,False
46704215,"256 Apartamento a 100 metros da praia,  Itapema",Meia Praia,apartamento,2,2.0,4,580.0,583.6955909090909,11.0,61,4.840000152587891,4,True,False
1044248176977498506,Apartamento amplo em meia praia,Meia Praia,apartamento,4,5.0,12,,,,2,5.0,5,False,False
30105402,Apartamento Exclusivo em  Itapema,Meia Praia,apartamento,3,2.0,8,900.0,802.254820661157,242.0,12,4.75,4,False,False
1028406443295552020,Casa da Piscina,Não identificado,casa,3,5.0,15,,,,3,5.0,5,False,False
1233994658216308874,Stúdio Moderno com Vista Mar! - MHFA1307,Centro,apartamento,1,1.0,3,377.0,410.6914893617021,141.0,16,4.380000114440918,4,False,True
1291614741660749995,"2° Quarto casal, quadra mar - Apto. compartilhado",Não identificado,outros,1,1.0,2,,,,1,5.0,5,False,False
1293681486580893323,Quarto Red 1.3 Hotel frente mar,Não identificado,hotel,2,0.0,3,,,,0,,0,False,False
1263128865886946817,Apto aconchegante 280m da Praia em Itapema MHF1707,Centro,apartamento,1,1.0,2,607.0,592.0514187234043,235.0,1,5.0,5,False,True
1308634466058625526,Apto 03 suítes Meia Praia,Meia Praia,apartamento,3,3.0,6,,,,0,,0,False,False
29370604,"Apartamento Próximo do mar Meia Praia, Itapema SC",Meia Praia,apartamento,1,1.0,4,,,,13,4.380000114440918,4,False,False
1062164172340136948,Lindo sobrado praia de Itapema,Não identificado,casa,3,2.0,7,,,,0,,0,False,False
41026763,Apartamento 500m da praia.,Não identificado,apartamento,2,1.0,5,,,,18,4.78000020980835,4,False,False
47232230,Frente mar maravilhoso,Não identificado,apartamento,3,2.0,6,903.0,934.2765957446809,47.0,20,4.949999809265137,4,True,False
1058044419435738817,Casa próximo a praia,Não identificado,casa,3,1.0,8,,,,6,4.670000076293945,4,False,False
1297992815191664316,"Apartamento no coração da Meia Praia, com 3 suítes",Meia Praia,apartamento,3,3.0,8,,,,0,,0,False,False
47325492,Apartamento alto padrão Meia Praia,Meia Praia,apartamento,3,3.0,8,630.2857,666.9348066371681,226.0,11,5.0,5,False,False
1264729892004302735,Excelente ap Centro de Itapema,Centro,apartamento,1,2.0,4,450.0,455.84,35.0,0,,0,False,False
830480761359896223,Apto no centro da Meia Praia!,Meia Praia,apartamento,3,2.0,7,,,,0,,0,False,
986230242316529308,456- Apartamento a 250m da praia em Itapema Meia P,Não identificado,hotel,2,2.0,6,,,,0,,0,False,True
787004119033122661,Casa Praia Itapema SC,Não identificado,casa,3,2.0,6,,,,0,,0,False,False
991105409368461151,5 Quartos Frente Mar Itapema,Meia Praia,apartamento,5,5.0,15,,,,1,5.0,5,False,False
32486859,Apartamento de Alto Padrão Meia Praia - Itapema,Meia Praia,apartamento,4,4.0,8,899.0,911.2829457364342,129.0,70,4.889999866485596,4,True,False
888259502963698996,Res. Infinity Tower Flat - 704,Meia Praia,apartamento,1,1.0,4,,,,3,4.329999923706055,4,False,False
1323287414300397947,Apartamento na quadra do mar.,Não identificado,apartamento,3,2.0,6,,,,0,,0,False,False
771783768080922720,Aluguel temporada 3 suítes quadra do mar (AL142),Meia Praia,apartamento,3,3.0,6,,,,3,4.670000076293945,4,True,False
22280693,Casa um dormitório próximo a  praia - Mar Doce Lar,Não identificado,apartamento,1,1.0,4,,,,172,4.849999904632568,4,True,False
1296405857054568096,Rua 277 Quadra mar,Não identificado,apartamento,1,1.0,10,,,,0,,0,True,False
15941269,"Apto Meia Praia - 3 quartos, 2 vagas garagem, 3 ar",Meia Praia,apartamento,3,2.0,8,,,,6,4.829999923706055,4,False,False
1218140952698517467,"""SuperHost""
Suíte cama de casal banheiro privativo",Não identificado,outros,0,1.0,1,,,,1,5.0,5,False,False
888404026062062224,FLAT Alto Padrão -Meia Praia/SC,Meia Praia,apartamento,1,1.0,4,,,,1,5.0,5,False,False
892145183207607661,Apartamento em Meia Praia,Meia Praia,apartamento,4,4.0,10,,,,2,5.0,5,False,False
53075699,Repouso da Mi em Meia Praia,Meia Praia,apartamento,2,1.0,4,,,,0,,0,False,False
38818200,Lindo apto 4 dormitórios em prédio frente mar!,Não identificado,apartamento,4,3.0,8,,,,0,,0,False,False
1314058711540768623,apto de verão,Não identificado,apartamento,2,1.0,4,,,,0,,0,False,False
1322818101907680074,Casa em Itapema,Não identificado,casa,2,1.0,10,,,,0,,0,False,False
684137520256598843,Apartamento Beira Mar em Itapema SC,Centro,apartamento,3,2.0,8,,,,0,,0,False,False
46942030,"Meia Praia, quadra mar c/ ar ótima localização.",Meia Praia,apartamento,3,2.0,8,,,,0,,0,False,
1321078074691562865,Apartamento Meia Praia 3 suítes,Meia Praia,apartamento,3,4.0,7,,,,0,,0,False,False
656283634467375980,Apto encantador com hidromassagem,Meia Praia,casa,4,4.0,9,,,,0,,0,False,False
781285266903281162,Cobertura duplex quadra mar,Não identificado,apartamento,4,4.0,10,,,,0,,0,False,
1246438264226109093,Cobertura Meia Praia - Itapema,Meia Praia,apartamento,3,3.0,7,,,,0,,0,False,False
53973724,Apartamento Frente Mar Meia Praia,Meia Praia,apartamento,3,2.0,6,589.0,596.0146748427672,159.0,15,4.929999828338623,4,False,False
1288603393968480244,Apartamento Vista MAR R.220,Meia Praia,apartamento,2,1.0,6,,,,0,,0,False,False
1298708824500193290,"Grande, climatizado e quadra mar",Meia Praia,apartamento,3,2.0,8,,,,0,,0,False,False
779104726998664227,"Apartamento 100m do mar, Meia Praia - Itapema",Meia Praia,apartamento,2,2.0,6,400.0,412.0,38.0,16,4.940000057220459,4,True,False
53063710,Casa aconchegante perto da praia em Itapema/SC,Não identificado,outros,2,2.0,10,,,,7,4.860000133514404,4,False,False
1244455209217128785,Quarto em AP Compartilhado 200m do mar,Meia Praia,outros,1,1.0,2,,,,1,5.0,5,False,False
784867761523378586,Apartamento,Meia Praia,apartamento,4,2.0,8,,,,0,,0,False,False
40342798,Excelente apartamento no centro de meia praia,Meia Praia,apartamento,3,3.0,6,700.0,656.1111111111111,216.0,14,5.0,5,False,False
1273421997466579072,Apto para descanso e praticidade,Não identificado,apartamento,3,3.0,6,,,,0,,0,False,False
32600458,Excelente apto beira mar- Itapema  -Meia Praia- SC,Meia Praia,apartamento,3,3.0,8,511.1111,590.5906664,125.0,31,4.900000095367432,4,True,False
1017546253134148389,"Apto de cobertura com 100m², Meia Praia- SC",Meia Praia,apartamento,2,2.0,6,,,,0,,0,False,False
1291377995150928631,Diária apartamento Quadra mar,Não identificado,apartamento,4,2.0,8,,,,1,5.0,5,False,False
552912581186899747,Casa Aconchegante 150m do mar - Meia Praia/SC,Meia Praia,casa,7,3.0,16,1300.0,1260.0,49.0,19,5.0,5,False,False
46072703,Aluguel verão Meia Praia – 3 suítes *049,Meia Praia,apartamento,3,3.0,8,584.0,746.7916666666666,108.0,14,5.0,5,True,False
1267255743308437769,Casa econômica próxima a praia em Itapema!,Não identificado,casa,1,1.0,3,,,,0,,0,True,False
39600423,"3 Suítes, 2 Vagas, Sala climatizada,  Itapema/SC",Não identificado,apartamento,3,3.0,8,,,,2,5.0,5,False,False
41677540,"Apartamento amplo, bem localizado!
vista mar livre",Não identificado,apartamento,3,2.0,8,,,,2,5.0,5,False,False
1292788717849175855,AP Luxuoso 300m da praia,Não identificado,apartamento,3,4.0,8,,,,0,,0,False,False
1303525394628441748,Apartamento Novo e Moderno,Não identificado,apartamento,3,3.0,9,,,,1,5.0,5,False,False
27338096,Espetacular Apartamento,Não identificado,apartamento,3,3.0,8,1350.0,1383.6067415730338,89.0,12,5.0,5,False,False
1300836931154289279,Apartamento 3 quartos Itapema,Morretes,apartamento,3,1.0,8,,,,2,5.0,5,False,False
1232611334186837116,Apartamento com  piscina,Não identificado,apartamento,3,3.0,6,,,,0,,0,False,False
699448139972382147,"Casa de campo na praia, com piscina.
Em Itapema SC",Não identificado,casa,3,5.0,16,,,,0,,0,False,False
29510428,"3 quartos, wi-fi, próximo ao mar e shopping Russi!",Não identificado,apartamento,3,2.0,10,,,,18,5.0,5,True,False
676838365540390245,Apartamento 2 quartos em Meia-Praia a 100 m do mar,Meia Praia,apartamento,2,2.0,6,250.0,250.0,20.0,8,5.0,5,False,False
1305114061221278336,Quarto para casal,Não identificado,outros,1,1.0,2,,,,0,,0,False,False
565917175006296984,Apartamento espaçoso na quadra do mar,Não identificado,apartamento,2,2.0,6,,,,13,4.690000057220459,4,False,False
15934309,Apto Beira Mar Vista lateral Mar frente Rua - Bl B,Não identificado,apartamento,3,2.0,8,790.0,806.0862068965517,174.0,32,4.940000057220459,4,False,False
10982940,"Alto padrão: 4 suítes, 13 andar, 180m do mar.",Meia Praia,apartamento,4,4.0,8,1800.0,1800.0,75.0,7,5.0,5,False,False
1191261348067720296,Apto elegante 280m da Praia com vista mar MHF1702,Centro,apartamento,2,1.0,6,644.0,702.053075,168.0,25,5.0,5,False,True
1294899215568571898,Vista Mar,Não identificado,apartamento,3,2.0,6,,,,1,5.0,5,True,False
1051400298310494200,Apê da Tia Jane,Não identificado,apartamento,3,2.0,7,,,,2,5.0,5,False,False
50085393,APARTAMENTO MEIA PRAIA COM LINDA VISTA PARA O MAR,Meia Praia,apartamento,3,2.0,11,650.0,640.4761904761905,42.0,37,4.96999979019165,4,True,False
1007489873058076439,Cobertura Duplex Vista mar a 140m do mar!,Não identificado,apartamento,4,3.0,9,,,,0,,0,False,False
1277665894063699406,Temporada perfeita em Itapema,Centro,apartamento,2,2.0,5,,,,3,5.0,5,False,False
1051978232488580620,Apartamento aconchegante,Não identificado,apartamento,2,1.0,4,,,,5,4.800000190734863,4,False,False
1071003618790011795,"Apto novo, exclusivo para alugar",Não identificado,apartamento,3,4.0,6,,,,2,5.0,5,False,False
53671997,Apto 2 quartos com vista p/ o mar e saída praia,Não identificado,apartamento,2,2.0,6,300.0,451.6521739130435,23.0,12,4.920000076293945,4,True,False
754165491472296852,Ótimo Apartamento em Itapema,Centro,apartamento,2,1.0,4,,,,20,4.900000095367432,4,False,False
910707550951342167,Apartamento Alto padrão 4 Suites  vista mar,Meia Praia,apartamento,4,4.0,8,2000.0,2000.0,2.0,12,5.0,5,False,False
1254296608204397225,Ao lado shopping Russi&Russi,Não identificado,apartamento,3,2.0,10,,,,1,5.0,5,False,False
28987242,PÉ NA AREIA E GRANDE! 4 QUARTOS! ÓTIMA LOCALIZAÇÃO,Não identificado,apartamento,4,2.0,10,507.0,646.2340425531914,47.0,47,4.940000057220459,4,True,False
1305066565188143498,Proximo a praia em Itapema/SC,Não identificado,outros,1,1.0,2,,,,1,5.0,5,False,False
16675568,AP do Cantozi,Não identificado,casa,1,1.0,4,,,,27,4.889999866485596,4,False,False
804906753075289812,"Lindo ap 3 suítes, 170m da praia",Não identificado,apartamento,3,3.0,6,,,,4,5.0,5,False,False
16451544,Apartamento em Itapema Vista Beira Mar,Não identificado,apartamento,3,2.0,6,500.0,500.0,66.0,11,5.0,5,False,False
1258711950198513312,Apartamento 04 suítes 250m praia,Não identificado,apartamento,4,5.0,8,,,,0,,0,False,False
1036959415974715321,Apartamento bem localizado,Não identificado,apartamento,2,1.0,8,,,,0,,0,False,False
700700156525928687,"Cobertura Quadra mar, 3 Suítes, 4 Vagas M. PRAIA",Não identificado,apartamento,3,3.0,10,,,,0,,0,False,False
52052904,"Apto Inteiro Próx. a Praia, Ar. Cond. ótimo custo",Não identificado,apartamento,1,1.0,4,,,,116,4.820000171661377,4,True,False
1075503699104403085,"Depto. Meia Praia, Itapema, SC.",Meia Praia,apartamento,4,3.0,12,800.0,995.968115942029,69.0,1,5.0,5,False,False
29800671,MELHOR LOCAL - QUADRA MAR - Itapema Meia Praia,Meia Praia,apartamento,3,2.0,8,596.0,615.8783459854014,137.0,120,4.800000190734863,4,True,False
947098784888443957,Apartamento Meia-Praia Itapema,Meia Praia,apartamento,1,2.0,5,,,,8,4.880000114440918,4,False,False
15980018,Lindo apartamento! Beira mar!,Não identificado,apartamento,2,2.0,5,400.0,400.0,39.0,103,4.900000095367432,4,True,False
1273248688766584799,Kitnet 50 metros da praia.,Não identificado,casa,1,1.0,2,,,,0,,0,False,False
40999104,Apartamento 3 suítes Meia Praia- Muito confortável,Meia Praia,apartamento,3,4.0,9,,,,1,5.0,5,False,False
1215950026376854271,Apartamento Itapema Pé na Areia,Não identificado,apartamento,3,2.0,8,,,,3,5.0,5,False,False
41473656,Verão em Meia Praia com linda vista para o mar!,Meia Praia,apartamento,4,3.0,10,700.0,724.3479896551725,58.0,43,4.880000114440918,4,True,False
902324773092897293,"Apto frente mar, Rua 231",Não identificado,apartamento,3,2.0,6,1250.0,1235.108695652174,23.0,13,5.0,5,True,False
823351890427207194,Apto de 2 suítes a 900 m da praia,Não identificado,apartamento,2,2.0,4,,,,3,4.670000076293945,4,False,False
41261098,Apartamento em Ótima Localização e Sacada Ampla,Centro,apartamento,2,2.0,6,,,,4,5.0,5,False,False
1320307407992166735,3 quartos próximo à praia,Não identificado,apartamento,3,1.0,8,,,,0,,0,False,False
41411552,APARTAMENTO COBERTURA FRENTE AO MAR,Não identificado,apartamento,3,3.0,10,,,,0,,0,False,False
1062859978810832691,Casa Beira Mar,Não identificado,casa,1,1.0,10,,,,0,,0,False,False
1308854008970743230,Apartamento Pé na Areia Meia praia -SC,Meia Praia,apartamento,2,2.0,6,,,,0,,0,False,False
1057809709923818937,Casa perto da praia em Itapema,Não identificado,casa,1,1.0,3,,,,2,4.5,4,False,True
11832843,Linda vista à beira-mar na Meia-Praia em Itapema,Não identificado,apartamento,4,2.0,8,,,,28,4.710000038146973,4,False,False
748336742434217963,Apto Tarumã - no coração da Meia Praia,Meia Praia,apartamento,2,1.0,6,450.0,457.8095238095238,105.0,45,4.869999885559082,4,True,False
967320141980123913,"Apto bem localizado, Meia Praia",Meia Praia,apartamento,2,2.0,6,,,,0,,0,False,False
40971559,Lindo Apto no coração de Meia Praia,Meia Praia,apartamento,3,2.0,8,800.0,751.4883720930233,86.0,10,4.900000095367432,4,True,False
1145542833405143102,Apartamento Luxo 3 Suítes - AL140,Meia Praia,apartamento,3,3.0,8,,,,4,5.0,5,True,False
791950122510420983,A poucos metros do mar,Não identificado,apartamento,3,2.0,6,,,,0,,0,True,False
735647486124004932,a,Não identificado,apartamento,3,2.0,1,,,,0,,0,False,False
12490354,Cantinho da Mami a Beira Mar em Itapema,Não identificado,apartamento,3,2.0,6,749.0,748.5075777777778,63.0,42,4.980000019073486,4,True,False
1321131290017557594,Apt inteiro lindo em itapema,Não identificado,apartamento,2,1.0,5,,,,0,,0,True,False
1241588725303924161,Apartamento na Praia,Não identificado,apartamento,2,2.0,4,,,,0,,0,False,False
557867403241922176,"201- Ap no centro de Itapema, uma quadra da praia",Centro,apartamento,2,1.0,6,,,,2,5.0,5,False,False
725205326528652381,Casa aconchegante em Meia Praia,Meia Praia,casa,3,2.0,7,600.0,600.0,5.0,20,4.849999904632568,4,True,False
1031308444081530641,Ap ótima localização Meia Praia,Meia Praia,apartamento,3,4.0,8,,,,0,,0,False,False
1071007597342666074,Ap 10 apto centro itapema.,Centro,apartamento,1,1.0,3,,,,0,,0,True,False
47802450,"Ótima casa, inteira, em ItapemaSC, muito espaçosa!",Centro,casa,2,1.0,5,210.0,209.9655172413793,29.0,54,4.980000019073486,4,True,False
1263007976366972143,Ap com vista pro mar em itapema,Não identificado,apartamento,2,1.0,4,,,,0,,0,False,False
1306590439478272233,Apto perto do mar 4 Quartos,Não identificado,apartamento,4,3.0,10,,,,0,,0,False,False
1207861972773686793,Apartamento para suas férias,Não identificado,outros,3,2.0,8,,,,0,,0,False,False
779662955490359947,Casa/geminada aluguel anual.,Não identificado,casa,2,1.0,4,,,,0,,0,False,False
731853350375474350,Apartamento aconchegante,Não identificado,apartamento,2,2.0,6,700.0,705.5147058823529,34.0,10,5.0,5,False,False
41595813,Apto frente ao mar em Meia Praia.,Meia Praia,apartamento,3,2.0,8,,,,10,4.800000190734863,4,False,False
738386989138220837,Apartamento aconchegante com vista para a praia,Meia Praia,apartamento,2,2.0,6,,,,1,5.0,5,False,False
1081779340685802851,Apto aconchegante e próx. ao mar,Meia Praia,apartamento,2,2.0,6,,,,1,5.0,5,False,False
53922141,"ótima localização, quadra mar, em meia praia.",Meia Praia,apartamento,3,2.0,6,,,,1,5.0,5,False,False
1040508918703339160,"Cobertura Vista Mar, Itapema",Não identificado,apartamento,3,4.0,16,,,,0,,0,False,False
1011036019189946615,Apartamento conjugado,Não identificado,outros,1,1.0,2,,,,0,,0,False,False
48109229,"QUADRA MAR, faz tudo apé!TOP!",Centro,apartamento,2,2.0,6,480.0,549.0542635658915,129.0,15,4.670000076293945,4,False,False
1063328075776888031,R.262 n.789 cama 2 - kitnet.,Não identificado,casa,1,1.0,3,,,,0,,0,False,False
53706823,Apartamento Lindo No ❤️ da cidade Uma quadra Do Mar,Meia Praia,apartamento,2,2.0,7,,,,25,4.920000076293945,4,True,
1251292507810344397,Apartamento na Praia de Itapema,Não identificado,apartamento,3,2.0,7,,,,0,,0,False,False
1321830703524224763,"cobertura frente mar 4 quartos 2 suítes,2 vagas g.",Meia Praia,apartamento,4,3.0,10,,,,1,5.0,5,False,False
41765049,Apartamento BEM LOCALIZADO - Próximo ao mar,Não identificado,apartamento,2,2.0,4,,,,6,4.329999923706055,4,False,False
1321319006483514640,"Flat Completo 707, Vista Mar !",Não identificado,apartamento,1,1.0,4,,,,0,,0,False,False
1263855348429375699,Apto Bem Localizado - Meia Praia,Meia Praia,apartamento,2,1.0,4,,,,1,5.0,5,False,False
1065536776082329789,Cobertura com vista para o Mar,Centro,apartamento,4,6.0,10,,,,2,5.0,5,False,False
53482863,Apartamento em frente ao Russi Russi.,Não identificado,apartamento,2,2.0,6,,,,13,4.849999904632568,4,True,False
1050006747666380845,Doce lar perto do mar a menos de 100m da praia,Centro,apartamento,2,2.0,8,,,,0,,0,False,False
1049996742806553672,RL Suíte casal banheiro privado ar split wifi,Morretes,outros,0,1.0,2,,,,0,,0,False,False
29074384,APTO 3 dormitorios ITAPEMA  -SC - 200 mts mar!!...,Não identificado,apartamento,3,2.0,6,,,,5,4.400000095367432,4,False,False
778933432062496662,"Apto 1 por andar, 14°, 3suítes, R252, próx a praia",Não identificado,apartamento,3,4.0,6,990.0,1027.6368603174603,189.0,15,5.0,5,False,False
47909482,"Apto 3 suítes, ar, Wi-Fi/2 vagas 40 m praia",Não identificado,apartamento,3,3.0,12,1000.0,920.4424482758621,174.0,26,5.0,5,True,False
1232633492287731867,Apto Meia Praia - 60m Mar - 3 Quartos - Vista Mar,Meia Praia,apartamento,3,2.0,10,,,,1,5.0,5,False,False
1300854516270211840,Clube do Mar-rua 224-Itapema Meia Praia Apto 203 A,Meia Praia,apartamento,2,1.0,4,,,,0,,0,True,False
580541688425401383,Apto encantador e moderno pertinho do mar!!!,Ilhota,apartamento,2,1.0,4,,,,1,5.0,5,False,False
1052490589225547467,Apartamento quadra mar Rua 283,Não identificado,apartamento,3,2.0,8,719.125,709.3215994252873,174.0,16,5.0,5,True,False
601319227614407174,Apt. aconchegante a 1 quadra e meia da praia,Meia Praia,apartamento,2,2.0,6,,,,2,5.0,5,False,False
801611117719633492,Apartamento Quadra do Mar,Não identificado,apartamento,2,2.0,6,400.0,478.2682926829268,164.0,9,5.0,5,False,False
1292037149463859110,Suíte privada 100m do mar na Meia Praia,Meia Praia,outros,1,1.0,2,,,,1,5.0,5,False,False
748470108899494566,Vista Atlântico: Cond. Arborizado em Itapema P1474,Não identificado,apartamento,2,1.0,4,,,,9,4.329999923706055,4,False,True
1303485724361503403,Meu Lar Duplex,Não identificado,apartamento,2,2.0,6,,,,0,,0,False,False
1024578196422605683,Apartamento amplo e confortável,Meia Praia,apartamento,3,4.0,8,,,,6,4.829999923706055,4,False,False
1257276844080185914,"Novo, sofisticado, com vista mar",Não identificado,apartamento,2,2.0,4,,,,11,5.0,5,True,False
1245358177594071514,Apartamento 1dorm. 2°andar,Não identificado,apartamento,1,1.0,3,,,,5,5.0,5,False,False
1292809800578097786,2 suítes mobiliado,Não identificado,apartamento,2,2.0,5,,,,1,5.0,5,False,False
31265630,"Excelente apto em meia praia, Novinho,bem arejado",Meia Praia,apartamento,2,3.0,7,,,,4,4.0,4,False,False
40023421,IMPERDÍVEL!!!! Apartamento novo e moderno,Morretes,apartamento,2,2.0,6,500.0,479.1438053097345,226.0,11,4.730000019073486,4,False,False
1282753268533806013,Casa espaçosa a 100m do mar,Não identificado,casa,2,3.0,14,,,,1,5.0,5,False,False
1039000611979944065,Apartamento - Meia Praia/Itapema,Meia Praia,apartamento,3,4.0,8,,,,1,5.0,5,False,False
1219792189503966808,Casa Compacta e Confortável 700m da Praia Central,Não identificado,casa,1,1.0,4,,,,9,5.0,5,True,False
1216602433904805187,Apto bem equipado c/ vista mar em Itapema MHF1804,Centro,apartamento,1,1.0,4,607.0,600.348856372549,204.0,10,4.599999904632568,4,False,True
1066185870504338051,Apartamento- Itapema SC,Meia Praia,apartamento,2,2.0,6,,,,2,5.0,5,False,False
1309424885216072922,Aluguel para temporada,Não identificado,apartamento,2,1.0,5,,,,3,5.0,5,False,False
54079496,"Suíte Meia Praia - Itapema
Habitación Itapema",Meia Praia,outros,1,1.0,2,,,,4,5.0,5,False,False
1024759664751866511,Casa para temporada,Não identificado,casa,2,1.0,9,,,,0,,0,False,False
1052071486548207877,Apto 3 suítes 150 metros do mar,Não identificado,apartamento,3,3.0,8,,,,0,,0,True,False
770188670926255894,Apartamento frente mar (201),Meia Praia,apartamento,3,2.0,8,,,,2,4.5,4,False,False
1242297273130835704,Apartamento em itapema,Não identificado,apartamento,3,2.0,6,,,,1,5.0,5,False,False
921939869682797258,dormitório para casal,Não identificado,outros,2,1.0,4,,,,0,,0,False,False
1302973272571623526,MS1501B Amplo e Completo 14 Hósp,Não identificado,apartamento,4,4.0,14,,,,0,,0,False,False
622878708674009200,Apartamento encantador com vaga de garagem.,Não identificado,apartamento,2,2.0,8,650.0,666.7567567567568,74.0,5,5.0,5,False,False
725867973010290782,Sua casa fora de casa-pertinho do mar!,Meia Praia,apartamento,2,2.0,6,490.0,499.6360946745562,169.0,26,5.0,5,True,False
1106426064936143096,Maravilhoso Apto 3 suítes px Mar,Não identificado,apartamento,3,3.0,8,,,,0,,0,True,False
1271243977226889133,Apto Meia Praia | 400m da praia,Meia Praia,apartamento,3,3.0,6,,,,0,,0,False,False
1284113129900372972,Casa de Ilhota Aconchegante,Ilhota,casa,2,0.0,6,,,,1,2.0,2,False,False
32766950,Apartamento 2 quartos Centro Itapema com Starlink,Centro,apartamento,2,2.0,6,300.0,320.8333333333333,48.0,11,4.820000171661377,4,False,False
700581475456680268,"Ap 3 suítes, ar, 3 gar, sac c/ chur, mobiliado!",Não identificado,apartamento,3,3.0,10,,,,5,5.0,5,False,False
22916493,Apto novo alto padrão - rua shoping Russi Russi,Não identificado,apartamento,2,2.0,5,,,,6,5.0,5,False,True
46012033,Excelente Localização!! Perto do mar em Meia Praia,Meia Praia,apartamento,2,2.0,6,,,,24,4.829999923706055,4,True,False
32371924,"Itapema Beira Mar, “Pé na areia”!",Não identificado,apartamento,3,2.0,8,488.0,517.3055555555555,72.0,30,4.929999828338623,4,True,False
1287652895358252081,germinado para temporada,Não identificado,casa,2,0.0,5,,,,0,,0,False,False
1054358063417818788,Cobertura Meia Praia 3 quartos,Meia Praia,apartamento,3,3.0,8,,,,1,5.0,5,False,False
989929089837804050,"2 quadras do Mar em Meia Praia, Itapema Am2990",Meia Praia,apartamento,2,2.0,4,,,,2,4.5,4,False,True
52571126,Apartamento de frente para o mar na meia praia,Meia Praia,apartamento,3,3.0,6,,,,5,5.0,5,False,False
10266012,"SUITE CASAL, FRIGOBAR, MICROONDAS,VARANDA.",Centro,outros,1,1.0,2,125.0,121.25,58.0,69,4.739999771118164,4,True,False
1249919049392818339,Aproveite Itapema a 350m da praia! – IFT0709,Meia Praia,apartamento,1,1.0,2,545.0,602.7856608108108,222.0,9,5.0,5,False,True
783172100323993170,Apto à 50 m da praia!,Não identificado,apartamento,3,1.0,7,,,,3,3.3299999237060547,3,False,False
786984063703855942,Apartamento com vista para o mar em Itapema,Centro,apartamento,3,2.0,8,,,,0,,0,False,False
50958684,"Apartamento luxuoso,novo, 3 suítes quadra do mar.",Não identificado,apartamento,3,3.0,8,920.0,1019.9251358288769,187.0,42,4.980000019073486,4,True,False
34218930,Lindo 3 suítes aluguel temporada Meia Praia! *047,Meia Praia,apartamento,3,3.0,8,628.5,760.988831292517,147.0,20,4.900000095367432,4,True,False
934785490071199312,Apartamento (Meia praia SC) preço top,Meia Praia,apartamento,3,3.0,9,,,,0,,0,False,False
36743876,Maravilhoso apto novo em Meia Praia.,Meia Praia,apartamento,3,3.0,6,,,,0,,0,False,False
1257491577900768321,Apto 04 suítes próximo ao mar,Não identificado,apartamento,4,5.0,10,,,,0,,0,False,False
783834470480143792,Vista mar 2 quartos próximoHavan,Não identificado,apartamento,2,2.0,5,,,,5,4.800000190734863,4,False,False
1249385754807434824,Apto vista mar a 280m da Praia em Itapema MHF1604,Centro,apartamento,1,1.0,4,607.0,600.5720489583333,192.0,7,4.570000171661377,4,False,True
1244463705657703591,Quarto em AP Compartilhado 200m do mar,Meia Praia,outros,1,1.0,2,,,,1,5.0,5,False,False
1051670951690974780,Ap com uma ótima localização,Não identificado,apartamento,3,3.0,5,,,,1,5.0,5,False,False
53474066,"Apartamento em Itapema, de frente para o mar",Não identificado,apartamento,3,2.0,7,850.0,883.370786516854,89.0,15,4.670000076293945,4,False,False
1310948828934945578,Lindo Apt Locação em Meia Praia,Meia Praia,apartamento,3,2.0,6,,,,1,5.0,5,False,False
931420427404508155,Apto confortável a 100 m da praia.,Meia Praia,apartamento,3,2.0,8,,,,2,5.0,5,False,False
46941758,Apto 05 próximo ao mar 03 dormitórios,Não identificado,apartamento,3,2.0,8,,,,11,4.449999809265137,4,False,False
1225568901497610397,Ótimo apartamento 50 m da praia,Não identificado,apartamento,2,2.0,6,,,,5,4.599999904632568,4,False,False
1313264592943731140,"Apto pé arreia, meia praia",Meia Praia,apartamento,4,3.0,8,,,,1,5.0,5,False,False
796888019932075012,Apartamento 200 metros da praia,Meia Praia,apartamento,2,2.0,5,,,,3,5.0,5,False,False
21780661,Itapema - apartamento para  temporada.,Não identificado,apartamento,2,1.0,4,600.0,478.25396825396825,63.0,20,4.900000095367432,4,False,False
1317384292826834585,Kitnet em itapema,Varzea,apartamento,1,1.0,4,,,,4,3.25,3,True,False
999340430615610174,Res. Infinity Tower Flat - 1004,Meia Praia,apartamento,1,1.0,4,,,,0,,0,False,False
781938884905307303,Novo lar Itapema 2 Geraldinho,Não identificado,apartamento,2,1.0,6,,,,4,4.25,4,False,False
31021686,Vista Mar em grande sacada com churrasqueira,Não identificado,apartamento,4,4.0,12,,,,0,,0,False,False
1226922486291226528,Apartamento Meia Praia,Meia Praia,apartamento,2,2.0,6,,,,0,,0,False,False
22190101,Apartamento perto de tudo na Meia Praia,Meia Praia,apartamento,2,1.0,7,250.0,277.5527778378378,111.0,38,4.889999866485596,4,False,False
31551540,"Apto novo, lindo e com ar condicionado em Itapema",Não identificado,apartamento,2,1.0,5,,,,4,4.75,4,False,False
781223884036842600,"Apto 50 metros da praia, pé na areia, Itapema",Meia Praia,apartamento,2,2.0,5,337.5,364.758064516129,62.0,26,4.650000095367432,4,True,False
1318867545790629357,Quarto Compartilhado em Hostel,Não identificado,outros,0,2.0,10,,,,2,5.0,5,False,False
1258223404812828899,Apartamento Cristal Pe na Areia,Não identificado,apartamento,3,3.0,6,,,,0,,0,False,False
719470154524862442,Apartamento 3 quartos - rua 289 - Meia Praia,Meia Praia,apartamento,3,2.0,7,,,,0,,0,False,False
1268021781075347257,Cobertura Duplex 280m do mar,Não identificado,apartamento,3,3.0,9,,,,0,,0,False,False
23443863,Apartamento para Temporada e Lazer em Itapema,Não identificado,apartamento,4,3.0,10,,,,1,5.0,5,False,False
1271829505541557068,Casa Felicidade,Não identificado,casa,3,2.0,10,,,,1,5.0,5,False,False
16028904,"Apartamento pé no mar em Itapema, Suite +2 quartos",Centro,apartamento,3,2.0,8,,,,3,4.0,4,False,False
1181971107577983158,Aconchegante studio vista mar em Itapema MHFB0905,Centro,apartamento,1,1.0,2,372.0,388.1420835,200.0,15,4.929999828338623,4,False,True
1082133757143221839,Excelente apartamento frente mar,Não identificado,apartamento,3,2.0,6,1200.0,1211.253336,25.0,19,5.0,5,True,False
1278469507626253077,Apto completo centro de Itapema,Centro,apartamento,3,4.0,8,,,,0,,0,False,False
1281958501821029308,Férias com aconchego,Não identificado,apartamento,3,2.0,6,,,,0,,0,False,False
1040735075345912084,Cobertura quadra MAR,Meia Praia,apartamento,3,2.0,6,,,,0,,0,False,False
1247920573551671393,Apto de 3 dormitórios.,Meia Praia,apartamento,3,2.0,6,,,,0,,0,False,False
812414122339223996,Apto apropriado para vocês!,Não identificado,apartamento,3,2.0,6,,,,1,5.0,5,False,False
762976491172050742,"Apartamento Itapema. Ed. frente mar, Ap. fundos.",Não identificado,apartamento,3,2.0,6,,,,3,5.0,5,False,False
1322523528896072804,"Kitnet em Itapema, 1km da praia",Não identificado,casa,1,1.0,2,,,,0,,0,False,False
1294874329939231631,Lindo Apartamento Novo - Itapema,Canto da Praia,apartamento,3,3.0,8,,,,0,,0,False,False
993394434817489229,Apartamento ALOHA 3 suítes Meia Praia,Meia Praia,apartamento,3,3.0,6,,,,1,5.0,5,False,False
45350304,"Apto, com Vista do Mar, aconchegante para famílias",Meia Praia,apartamento,3,2.0,8,450.0,729.5034482758621,145.0,13,5.0,5,True,False
1290619438075027005,Apartamento em Itapema,Não identificado,apartamento,3,2.0,10,,,,0,,0,False,False
980365989956218871,APT 1201 - 3 Suítes - Meia Praia - Deslumbrante,Meia Praia,apartamento,3,3.0,9,1582.0,1528.623287671233,73.0,10,4.900000095367432,4,True,True
46926821,Apto 202 próximo ao mar 02 dormitório,Não identificado,apartamento,2,2.0,6,,,,8,4.880000114440918,4,False,False
1322539954309330702,Apto 650 metros mar meia praia,Meia Praia,apartamento,2,2.0,6,,,,0,,0,False,False
48331137,Apartamento NOVO em Itapema!,Não identificado,casa,3,2.0,6,,,,8,4.880000114440918,4,False,False
47782568,perto do mar,Centro,casa,3,2.0,6,,,,0,,0,False,False
54047391,Frente mar com acesso exclusivo.Pé na areia,Não identificado,apartamento,3,4.0,7,,,,0,,0,False,False
1301668070466138919,Chacara em cidade de praia,Não identificado,casa,12,19.0,16,,,,0,,0,False,False
1154469108917092944,Apartamento lateral vista mar - Ed. Frente mar,Meia Praia,apartamento,3,2.0,7,,,,1,4.0,4,False,False
1051583057257965748,Apartamento alto padrão.,Não identificado,apartamento,3,3.0,8,,,,3,5.0,5,True,False
1314733888543570386,Apt Pé na areia em Itapema - SC,Não identificado,apartamento,2,2.0,5,,,,0,,0,False,False
53154219,"Quadra mar, perto da praia e calçadão, exclusivo!!",Não identificado,apartamento,2,2.0,5,578.0,628.7448380530974,226.0,27,4.849999904632568,4,False,False
52672896,Refúgio dos Pássaros com piscina e muito ar puro,Não identificado,casa,2,2.0,6,,,,0,,0,False,False
1056050804223218242,Itapema Meia Praia!,Meia Praia,apartamento,3,2.0,7,,,,0,,0,False,False
19766116,EXCELENTE APTO 3 QUARTOS EM FRENTE AO RUSSI&RUSSI,Não identificado,apartamento,3,2.0,9,,,,0,,0,False,False
52389439,Excelente apartamento próximo à praia.,Não identificado,apartamento,3,2.0,8,,,,5,4.199999809265137,4,False,False
45517303,Charme à beira mar!,Não identificado,apartamento,3,2.0,6,,,,0,,0,False,False
1204454853527055622,Apartamento no centro de Itapema-SC Ref. 83,Centro,apartamento,2,1.0,5,,,,0,,0,False,False
1318181328167496741,Itapema 230,Não identificado,apartamento,3,3.0,8,,,,0,,0,True,False
782559978621505317,Meia Praia c/ 03 dormt. - Caribe,Meia Praia,apartamento,3,2.0,8,,,,0,,0,False,False
1269694477126575844,Apartamento Meia Praia,Meia Praia,apartamento,3,1.0,8,,,,0,,0,False,False
45799853,LAJE AP Meia Praia perto do Russi Russi,Meia Praia,apartamento,3,2.0,8,,,,1,5.0,5,True,False
54245203,Apartamento 02 Suítes - Meia Praia,Meia Praia,apartamento,2,2.0,5,578.0,591.5869565217391,69.0,8,5.0,5,False,False
674436738710449390,Caribe COMPLETO PARA SUA FAMÍLIA MEIA PRAIA,Meia Praia,apartamento,3,2.0,8,,,,0,,0,True,False
54121960,Casa de verão a 500m do mar - Centro Itapema,Centro,casa,3,2.0,8,,,,1,5.0,5,False,False
684782448665574114,Ap 3 Qt Ar/Wifi perto Russi/ Sacada grande Telado!,Meia Praia,apartamento,3,2.0,9,650.0,615.1027397260274,146.0,29,5.0,5,True,False
1213148995463463836,Apartamento Família Costa,Não identificado,apartamento,4,4.0,10,,,,0,,0,False,False
1274015792781197810,"cobetura, vista para o mar.",Não identificado,apartamento,1,1.0,3,,,,0,,0,True,False
1260073533686146608,Studio sofisticado vista mar e lazer! MHFB1607,Centro,apartamento,1,1.0,2,377.0,437.0,187.0,12,4.75,4,False,True
1272502770404015005,"Itapema dos sonhos, você a 100 metros do mar",Meia Praia,apartamento,3,2.0,6,,,,3,5.0,5,False,False
52004286,Apartamento 3 quartos com 1 suíte próx. à praia,Não identificado,apartamento,3,2.0,8,,,,3,5.0,5,False,False
40787998,Itapema ( Meia Praia ) SC - Na areia da praia !!!,Meia Praia,apartamento,4,3.0,10,,,,10,4.5,4,False,False
793246241627200685,Apto com ótima localização!,Meia Praia,apartamento,3,2.0,7,,,,1,5.0,5,False,False
1133932269450120171,Aconchegante na Meia Praia,Meia Praia,apartamento,3,3.0,8,,,,1,5.0,5,False,False
1321134786322096510,Apto c/ Churrasqueira 140m da Praia AOJ0102,Meia Praia,apartamento,3,2.0,6,634.0,724.5619158878504,214.0,1,5.0,5,False,True
1024112378771520860,Apartamento NOVO em MEIA PRAIA,Meia Praia,apartamento,2,3.0,6,,,,5,5.0,5,False,False
1213260838122562030,Apartamento aconchegante!,Não identificado,apartamento,3,4.0,6,,,,1,5.0,5,False,False
1297364928111753376,Aluguel de temporada Itapema,Não identificado,casa,1,1.0,2,,,,0,,0,False,
813302717987803538,Apartamento novo e aconchegante!,Meia Praia,apartamento,3,2.0,6,,,,1,5.0,5,False,False
1248005355816094173,Flat Meia Praia Alto Padrão e ótima localização!,Meia Praia,apartamento,1,1.0,4,,,,9,5.0,5,True,False
53844708,Cobertura  Itapema SC,Não identificado,apartamento,3,2.0,8,,,,19,5.0,5,True,False
1201409710452164548,Cobertura frente ao Mar - 2 garagens -Itapema,Não identificado,apartamento,3,3.0,6,,,,0,,0,True,False
54127075,Apto  quadra do mar Centro Itapema,Centro,apartamento,2,1.0,6,,,,3,4.329999923706055,4,False,False
1298818310970143614,Apto 402 em Itapema SC,Não identificado,apartamento,2,1.0,4,,,,0,,0,False,False
40371384,Nilmare Apart Hotel - Apartamento tipo 2,Não identificado,apartamento,1,1.0,6,601.0,597.9007762711864,236.0,343,4.829999923706055,4,True,True
745019684766017075,linda casa com piscina e mesa de sinuca na praia,Não identificado,casa,4,2.0,10,,,,2,4.0,4,False,False
21103486,Amplo Apartamento Verão 2025- Meia Praia,Meia Praia,apartamento,3,2.0,6,350.0,357.3311225595238,168.0,8,5.0,5,False,False
718922870189236806,Apartamento pé na areia Itapema-SC,Não identificado,apartamento,5,4.0,16,1600.0,1600.0,8.0,13,5.0,5,False,False
1292998668858218841,Apartamento Quadra Mar Itapema ref. 1253,Centro,apartamento,3,2.0,8,,,,0,,0,False,False
38450905,Apartamento frente para o mar de Itapema/SC,Não identificado,apartamento,3,2.0,7,,,,0,,0,False,False
1060712096498828082,"Apto de luxo, 385 m2, Itapema SC",Centro,apartamento,4,5.0,10,,,,0,,0,False,False
42432908,AP lago Maggiore - Meia Praia - Vista para o mar,Meia Praia,apartamento,3,3.0,9,,,,3,5.0,5,False,False
45440803,Novo Lar 1 Meia Praia England,Meia Praia,apartamento,2,2.0,7,,,,1,5.0,5,False,False
52532833,Apartamento Container 2 dorms a 350m da praia - T1,Não identificado,outros,2,1.0,5,,,,19,4.949999809265137,4,True,True
39635217,"Apto a 50 metros do mar, 3 quartos e 2 vagas garag",Meia Praia,apartamento,3,2.0,9,385.0,415.13936170212764,47.0,46,4.960000038146973,4,True,False
52266549,Lindo Apartamento Pé na Areia e Vista para o Mar,Meia Praia,apartamento,3,2.0,8,700.0,661.4611111111111,180.0,14,4.789999961853027,4,False,False
22335276,Casa da Família Koch,Canto da Praia,casa,3,3.0,8,800.0,713.114428358209,67.0,21,4.949999809265137,4,False,False
645748469386556791,Apartamento Maravilhoso  a 100m  do MAR,Não identificado,apartamento,2,2.0,6,,,,1,5.0,5,False,False
648329222081796055,ATLANTICO SUL. MEIA PRAIA,Meia Praia,apartamento,3,4.0,7,,,,0,,0,False,False
26334990,Apartamento beira mar no centro de meia praia,Meia Praia,apartamento,3,2.0,11,1200.0,1219.8892477419356,155.0,6,5.0,5,False,False
1305226101881285841,Apart. sacada e churrasqueira,Meia Praia,apartamento,3,2.0,8,,,,2,5.0,5,False,False
1282050147698373842,alugo quarto por diária,Não identificado,outros,1,1.0,2,,,,1,5.0,5,False,False
1201490155653993261,apartamento itapema,Não identificado,apartamento,3,2.0,6,,,,0,,0,False,False
39950678,Sobrado com piscina em Itapema-SC,Meia Praia,casa,4,4.0,16,,,,28,4.960000038146973,4,False,False
47855833,No coração da Meia Praia,Meia Praia,apartamento,3,2.0,8,,,,8,4.75,4,False,False
1289867080242046287,Quarto de Casal em Hostel - Quadra Mar,Não identificado,outros,1,1.0,2,,,,8,4.75,4,False,False
43441094,(102) Confortável e bem localizado,Meia Praia,apartamento,2,1.0,5,,,,131,4.889999866485596,4,True,True
1218600854265897638,Sunrise: Conforto e Vista no 12º,Meia Praia,apartamento,3,3.0,8,,,,0,,0,False,True
53441120,Apartamento bem localizado com churrasqueira.,Não identificado,apartamento,2,2.0,8,,,,0,,0,False,False
31541759,Excelente Varanda Gourmet + 3 Suítes - Meia Praia,Meia Praia,apartamento,3,3.0,8,,,,10,5.0,5,False,False
1133364897470780635,Apto de luxo na Praia Central de Itapema 6 pax,Não identificado,apartamento,2,2.0,6,,,,0,,0,False,False
26873476,Lindo apartamento vista para mar 2 suítes 2 vagas,Centro,apartamento,2,1.0,6,,,,8,4.75,4,False,False
762192750283483456,Clube do Mar-rua 224-Itapema Meia Praia Apto 102 B,Meia Praia,apartamento,2,1.0,4,440.0,395.56965164179104,67.0,14,4.929999828338623,4,True,False
1223099174702506799,Apto com terraço frente mar raro,Meia Praia,apartamento,2,2.0,7,,,,1,5.0,5,False,False
1216188241525756368,Um apto para ser chamado de lar,Não identificado,apartamento,2,2.0,6,,,,1,5.0,5,False,False
1315162730820536163,Quarto compartilhado Quadra Mar,Não identificado,outros,1,2.0,1,,,,2,5.0,5,False,False
805221578629069164,Apartamento alto padrão.,Não identificado,apartamento,3,4.0,5,,,,0,,0,False,
37494985,Pé na areia em Meia Praia,Meia Praia,apartamento,3,3.0,6,900.0,890.382955,220.0,22,4.639999866485596,4,False,False
1128102078162234879,Linda vista mar!,Não identificado,apartamento,2,2.0,4,,,,0,,0,True,False
949894318851817927,Apto Meia Praia quadra do mar,Meia Praia,apartamento,3,2.0,6,,,,2,5.0,5,True,False
1313869883300164343,Otimo apartamento  prox. a praia,Meia Praia,apartamento,2,2.0,4,,,,1,5.0,5,False,False
984219379080127366,Aconchegante Apto Itapema - Meia Praia,Meia Praia,apartamento,3,4.0,9,,,,4,5.0,5,False,False
1288292864752049749,Frente mar no Centro de Itapema,Centro,apartamento,3,3.0,8,,,,0,,0,False,False
36032020,"Itapema, Frente Mar, Meia Praia, 3QT, Ar, Smart TV",Meia Praia,apartamento,3,2.0,8,550.0,598.8,50.0,19,4.840000152587891,4,True,True
28958016,Apartamento 301 Vista Mar Itapema SC 3 Suítes,Canto da Praia,apartamento,3,3.0,8,,,,0,,0,False,False
1248656038257883783,Apto 4 suítes em Itapema,Não identificado,apartamento,4,4.0,8,,,,0,,0,True,False
41769298,Pé na areia a 30 m do mar,Meia Praia,apartamento,3,2.0,10,1100.0,1096.321052631579,190.0,35,4.889999866485596,4,True,False
1321076728123766231,Apartamento 400m de Meia praia,Meia Praia,apartamento,2,2.0,5,,,,0,,0,False,False
42527360,APARTAMENTO EXELENTE  EM MEIA PRAIA ITAPEMA,Meia Praia,apartamento,3,4.0,6,,,,1,5.0,5,False,False
1029757990422384211,Apartamento com 4 quartos e vista mar!,Não identificado,apartamento,4,3.0,9,,,,2,5.0,5,False,False
22383070,Apartamento em ótima localização na Meia Praia,Meia Praia,apartamento,2,2.0,6,250.0,321.29583349999996,40.0,36,4.940000057220459,4,False,False
757145296838322326,Casa de Veraneio.,Centro,casa,2,1.0,4,,,,6,5.0,5,False,
836343023846619973,chalé em meio a natureza e praia,Não identificado,casa,2,1.0,3,,,,0,,0,False,
38432798,Clube do Mar-rua 224-Itapema Meia Praia Apto 101 A,Meia Praia,apartamento,2,1.0,4,,,,26,4.880000114440918,4,True,False
1262271601361528089,02 suítes lindo na Meia Praia,Meia Praia,apartamento,2,2.0,4,,,,2,5.0,5,False,
46125799,Apartamento Itapema/Meia Praia - Perto da praia,Meia Praia,apartamento,2,2.0,5,,,,6,5.0,5,False,
1231939254045564459,Apartamento completo,Não identificado,apartamento,1,1.0,3,,,,0,,0,False,False
1287918950331730915,Apto.2 Suítes | Acomoda 6 pessoas |Meia Praia - SC,Meia Praia,apartamento,2,2.0,6,,,,0,,0,False,
777665901925870644,Perfeito para curtir a praia!,Não identificado,apartamento,2,1.0,6,,,,0,,0,False,
22421408,Apto em Meia Praia - Itapema,Meia Praia,apartamento,3,2.0,8,,,,2,4.5,4,False,
31461809,Apto 2 quartos com VISTA MAR / Meia Praia à 180 m,Meia Praia,apartamento,2,1.0,4,,,,1,5.0,5,False,
40192468,Apto em Itapema meia Praia . Ótimo localização.,Meia Praia,apartamento,2,2.0,6,,,,0,,0,False,
41180369,Apt. Amplo - 15m da Praia R. 301.,Não identificado,apartamento,3,3.0,7,,,,1,4.0,4,False,
771148377619364647,Alugo Apt diária,Meia Praia,apartamento,2,2.0,6,,,,0,,0,False,False
47189324,Aluguel temporada,Meia Praia,casa,2,1.0,5,,,,16,4.75,4,False,
30098696,Acomodação B para 2 pessoas Itapema,Não identificado,casa,1,1.0,2,249.0,249.0,10.0,25,5.0,5,False,
41711386,Frente mar apto 2 suítes meia praia,Meia Praia,apartamento,2,2.0,7,,,,2,4.5,4,False,
21605595,Ótima casa em Residencial no centro de Itapema SC,Centro,casa,2,1.0,6,,,,2,4.0,4,False,
794880766169017994,Apartamento 3 suites em Itapema,Meia Praia,apartamento,3,3.0,8,,,,6,5.0,5,False,
1298618981190984695,Charmoso chalé a 300 m da praia,Centro,casa,4,2.0,9,,,,1,5.0,5,False,
912289388644419623,Amplo apto vista mar em Itapema,Centro,apartamento,3,2.0,8,,,,11,5.0,5,True,
43725543,"(102) Próximo ao Indaiá, no Canto da Praia",Canto da Praia,apartamento,2,1.0,6,,,,70,4.869999885559082,4,True,
40057283,"Apt Lindo compl. 3 suítes, 150m mar, hidro, Wi-Fi",Não identificado,apartamento,3,3.0,9,,,,3,5.0,5,False,False
1049492899701774782,Loft Container Praiamar 02,Não identificado,casa,1,1.0,2,,,,3,4.670000076293945,4,True,
23041328,Lindo e amplo apto de 2 dorm. a 50m da praia!,Não identificado,apartamento,2,1.0,5,,,,2,4.5,4,False,
40324521,"Vento Mar Itapema
15 min da praia caminhando",Não identificado,apartamento,2,1.0,6,,,,7,4.860000133514404,4,False,
22012670,Lindo apartamento na Beira mar,Não identificado,apartamento,2,2.0,6,,,,1,5.0,5,False,
22334703,Apartamento meia praia cobertura,Meia Praia,apartamento,2,1.0,4,,,,29,4.900000095367432,4,False,
31069793,APARTAMENTO EM ITAPEMA PERTO DA PRAIA,Não identificado,apartamento,2,2.0,6,,,,0,,0,False,
1036816675692458820,Apartamento a 1 quadra da praia - Meia praia,Meia Praia,apartamento,2,2.0,4,,,,1,5.0,5,False,
1244321708155572987,Quarto em Itapema,Tabuleiro,outros,1,1.0,2,,,,7,5.0,5,True,
24370755,COBERTURA EM MEIA-PRAIA A 100m DO MAR,Centro,apartamento,3,3.0,7,,,,44,5.0,5,False,
39742606,"Lindo apto, bem localizado, com vista para o mar.",Centro,apartamento,2,2.0,7,,,,4,5.0,5,False,
23183285,Maravilhoso Apartamento Temporada em Itapema/SC!,Meia Praia,apartamento,3,3.0,8,,,,2,5.0,5,False,
45527458,"Ap. 3 Qrtos, PRÓX AO MAR! Ar-condicionado!",Meia Praia,apartamento,3,2.0,10,,,,2,5.0,5,False,
46940585,"Apto vista mar c/ hidro, 150m do mar - mín. 3 dias",Meia Praia,apartamento,3,3.0,8,,,,1,5.0,5,False,
40158005,Apartamento frente para o mar.,Meia Praia,apartamento,3,2.0,8,,,,7,5.0,5,False,
848026284913864380,Lindo apto a 50 metros do mar,Meia Praia,apartamento,1,1.0,2,,,,29,5.0,5,True,
51622696,"Apartamento quadra mar, Meia Praia-Itapema",Meia Praia,apartamento,2,2.0,6,,,,11,4.909999847412109,4,True,
35767789,Apartamento mobiliado e equipado  em Itapema SC,Não identificado,apartamento,2,1.0,4,,,,20,4.849999904632568,4,False,
23214098,APARTAMENTO A 15M DA PRAIA EM OTIMA LOCALIZAÇAO,Meia Praia,apartamento,3,2.0,10,,,,3,5.0,5,False,
1278434239537717744,Quadra MAR- Meia Praia-4 Quartos,Meia Praia,apartamento,4,3.0,9,,,,0,,0,True,
998600982912211659,Kitnet na Praia de Itapema,Não identificado,casa,1,1.0,4,,,,5,4.0,4,False,False
21843744,"Beira-mar em Itapema, luxuoso apt. para familia",Não identificado,apartamento,3,2.0,10,,,,2,5.0,5,False,
22315910,Único!! Boa vista a 50m do mar! Centro Itapema,Centro,apartamento,1,1.0,3,,,,3,5.0,5,False,
38113842,Apartamento em Florianópolis nos Ingleses,Não identificado,outros,2,1.0,6,,,,0,,0,False,
585600486114295795,"Apartamento com 3 quartos, a 50 metros do mar.",Não identificado,apartamento,3,2.0,5,,,,1,5.0,5,False,
994796114784603337,Apto quadra mar Meia Praia-Itapema-SC JLP001,Meia Praia,apartamento,2,2.0,4,,,,4,4.5,4,False,
31816034,Cobertura frente Avenida com vista para o Mar,Não identificado,apartamento,4,2.0,10,,,,0,,0,False,
47377244,"Ap Meia Praia 3 quartos c/ ar, garagem p 2 carros",Meia Praia,apartamento,3,2.0,10,,,,2,5.0,5,False,
23069892,Apartamento próximo ao mar,Não identificado,apartamento,3,2.0,6,,,,0,,0,False,
1229995452750240854,locação de inverno,Não identificado,apartamento,2,2.0,4,,,,0,,0,False,
1308769421613546806,Apartamento Itapema,Tabuleiro,apartamento,2,2.0,4,,,,1,5.0,5,False,
38946788,Casa com piscina (casa inteira),Não identificado,apartamento,2,2.0,4,,,,28,4.679999828338623,4,False,False
18287935,"Pousada perto da praia com piscina, café da manhã",Não identificado,outros,1,1.0,3,,,,10,4.300000190734863,4,False,
28771646,Apartamento 02 quartos - 02,Não identificado,apartamento,3,1.0,6,,,,0,,0,False,
1266910757037580386,Linda cobertura com Piscina,Não identificado,apartamento,4,4.0,14,,,,1,5.0,5,True,
826067818722968808,Apartamento novo com vista mar.,Não identificado,apartamento,3,4.0,6,,,,0,,0,False,
20563444,Belo apartamento a 50m da praia de Itapema!,Não identificado,apartamento,1,1.0,3,,,,15,4.670000076293945,4,False,
40810354,Verão 2022 - Itapema- SC - 350 metros do mar,Não identificado,apartamento,2,2.0,4,,,,32,4.880000114440918,4,False,
547139090369238833,"Apartamento próximo ao mar, conforto e segurança.",Não identificado,apartamento,2,2.0,6,,,,0,,0,False,
17636492,férias e feriado prolongado,Centro,outros,3,3.0,6,,,,0,,0,False,
20564548,"Apto a 50m do mar com vista, ampla sacada",Não identificado,apartamento,1,1.0,4,,,,5,4.599999904632568,4,False,
1034033746121638592,Apartamento Meia Praia,Meia Praia,apartamento,3,3.0,7,,,,1,5.0,5,False,
1219627949874086286,Apartamento mobiliado.,Não identificado,apartamento,3,3.0,5,,,,0,,0,False,
1295423596943803129,Meia Praia - Russi-Russi,Meia Praia,apartamento,3,2.0,6,,,,0,,0,True,
20564012,Apto bem equipado a 50m do Mar,Não identificado,apartamento,1,1.0,4,,,,5,5.0,5,False,
41551599,Apartamento de frente para o mar,Não identificado,apartamento,2,2.0,7,,,,0,,0,False,
564507628435735448,Apartamento confortável a 100 metros da praia,Não identificado,apartamento,2,2.0,4,,,,3,4.329999923706055,4,False,
20329580,Apartamento - quadra do mar - Meia Praia - Itapema,Meia Praia,apartamento,2,2.0,8,,,,6,4.670000076293945,4,False,
39387989,"itapema apto, prox a praia! meia praia",Meia Praia,apartamento,1,1.0,5,,,,0,,0,False,
750120088858561250,Apartamento Meia Praia,Meia Praia,casa,3,2.0,8,,,,3,5.0,5,False,
785469895044199706,Casa da Celinha I,Não identificado,casa,4,2.0,8,,,,0,,0,False,
818869279883503366,Ap 03 suítes rua 306 Meia Praia,Meia Praia,apartamento,3,3.0,7,,,,0,,0,False,
53674047,"Chalé Casal, perto da Praia, vista para montanhas!",Não identificado,casa,1,1.0,2,,,,6,4.829999923706055,4,False,
40759616,Alugo cobertura em Meia Praia na rua 273 zona1,Meia Praia,outros,3,3.0,10,,,,0,,0,False,
680483739240925875,"Apartamento completo, vaga dupla de garagem.",Meia Praia,apartamento,3,2.0,6,,,,0,,0,False,
42240176,Apto na quadra do mar em Meia Praia - Itapema - SC,Meia Praia,apartamento,4,3.0,10,,,,1,5.0,5,False,False
31897704,"Rua em frente ao McDonald's, Wifi, Sky, ar.",Meia Praia,apartamento,2,1.0,5,,,,5,4.800000190734863,4,False,
21601396,"Quartos na área central de meia praia,  Itapema/SC",Meia Praia,outros,2,1.0,8,,,,11,4.909999847412109,4,False,
1046625655653490260,"excelente apt, 2 suítes",Não identificado,apartamento,2,2.0,4,,,,2,5.0,5,True,
37687728,Apto 3 quartos próximo a Praia. Meia Praia- SC,Meia Praia,apartamento,3,2.0,6,,,,0,,0,False,
45749084,4 dormitório com piscina,Não identificado,casa,4,2.0,16,,,,6,5.0,5,False,
1046398096008427810,"Apto 2 qt, cama queen e casal, churrasq,área verde",Centro,apartamento,2,1.0,4,,,,1,5.0,5,False,False
40237010,Aluguel próximo a praia central de Itapema,Centro,apartamento,2,1.0,5,,,,1,5.0,5,False,
22448318,"Itapema Apto 3 quartos, quadra do mar",Meia Praia,apartamento,3,2.0,6,,,,0,,0,False,
47885829,Chalé perto da praia com piscina,Não identificado,casa,2,1.0,6,,,,3,4.0,4,False,
22963968,Apartamento bem próximo ao mar.,Meia Praia,apartamento,3,2.0,8,,,,0,,0,False,
46017736,Apartamento 02 suítes - Meia Praia,Meia Praia,apartamento,2,2.0,5,,,,0,,0,False,
30254040,Hotel Resort Residencial Itapema,Não identificado,hotel,1,1.0,4,,,,0,,0,True,
40486178,casa de aluguel  com piscina em  Itapema,Não identificado,casa,3,2.0,8,,,,21,4.570000171661377,4,False,False
1008887103856494871,Apto  a 90metros da praia,Não identificado,apartamento,3,2.0,6,,,,0,,0,False,False
1064782738514497988,Ap 2 quartos +2 ar condicionados,Meia Praia,apartamento,2,1.0,6,,,,0,,0,False,
31381073,"ALUGO APTO, RUA 254, MEIA PRAIA, ITAPEMA SC",Meia Praia,apartamento,3,2.0,8,,,,15,4.670000076293945,4,False,
813617500464130151,Apartamento Meia Praia Itapema,Meia Praia,apartamento,2,2.0,4,,,,0,,0,False,
1044445280351458950,apt para familia temporada,Não identificado,apartamento,3,4.0,12,,,,0,,0,False,False
29055134,LOCAÇÃO DE TEMPORADA C 3 SUÍTES MEIA PRAIA SC,Meia Praia,apartamento,3,3.0,10,,,,0,,0,False,
1050048929165275755,Apartamento Aconchegante,Não identificado,apartamento,2,2.0,6,,,,2,5.0,5,False,
32007988,Amplo apartamento de frente ao mar!,Não identificado,apartamento,4,4.0,10,,,,4,5.0,5,False,
46725966,Pés na areia! Frente ao mar!,Não identificado,apartamento,3,2.0,9,,,,5,4.199999809265137,4,False,
29891621,Apartamento - Temporada em Meia Praia-SC,Meia Praia,apartamento,3,3.0,8,,,,2,5.0,5,False,
16454119,Apartamento Litoral Santa Catarina,Não identificado,apartamento,2,2.0,6,,,,0,,0,False,
997025680479822274,Apenas 80 metros da praia! Conforto e Vista Mar,Não identificado,apartamento,3,2.0,8,,,,10,5.0,5,True,
805679801256003794,Casa pra temporada de verão,Não identificado,casa,3,3.0,8,,,,0,,0,False,
1305851005909610330,Casa  pra locação Meia Praia,Meia Praia,casa,3,3.0,10,,,,0,,0,False,
22337474,Apto completo a 50m do mar! Itapema Centro,Centro,apartamento,1,1.0,4,,,,3,4.329999923706055,4,False,
41869708,Moderno apartamento em Edifício Embaixador,Meia Praia,apartamento,3,3.0,6,,,,1,5.0,5,False,
54228706,Apartamento completo para você e sua família!,Meia Praia,apartamento,2,2.0,6,,,,3,4.0,4,False,
1049981729833754496,Flat de luxo NOVO perto da praia,Não identificado,apartamento,1,1.0,5,,,,1,5.0,5,True,
45675384,Pé na Areia Meia Praia,Meia Praia,apartamento,3,2.0,6,,,,23,4.739999771118164,4,False,
33366949,"Excelente localização, pertinho da praia!",Não identificado,apartamento,3,2.0,8,,,,25,4.840000152587891,4,False,
22581739,Belissima Cobertura com o mar aos seus pés!!,Meia Praia,apartamento,2,2.0,6,,,,1,5.0,5,False,
39200531,Apartamento com 2 Suítes e Terraço na Meia Praia,Meia Praia,apartamento,2,2.0,6,,,,1,5.0,5,False,
768032727158094436,Apartamento pé na Areia,Meia Praia,apartamento,3,2.0,7,1200.0,1200.0,18.0,5,5.0,5,True,
46559971,Locação Temporada com Vista Mar,Não identificado,apartamento,4,3.0,8,,,,2,4.5,4,False,
42097509,Apartamento com vista do mar (6 adultos),Não identificado,apartamento,3,2.0,6,,,,0,,0,False,False
16762897,Apartamento com WiFi em Itapema,Não identificado,apartamento,2,1.0,4,,,,1,5.0,5,False,
53055679,"Ótimo apto próx. à praia, centro de Meia Praia.",Meia Praia,apartamento,1,1.0,4,,,,9,4.889999866485596,4,False,
22495339,Amplo apto em área central da Meia Praia - Itapema,Meia Praia,apartamento,3,2.0,7,,,,0,,0,False,
773039905942910109,"Apto novo, a 150mt do mar e com vista mar",Não identificado,apartamento,3,3.0,8,,,,3,5.0,5,False,
53997426,Apartamento encantador em itapema!,Não identificado,apartamento,2,2.0,5,,,,15,4.800000190734863,4,True,
549043584001550140,APTO MEIA PRAIA 3D *AR COND *CHURRASQ *PERTO PRAIA,Meia Praia,apartamento,3,2.0,6,,,,10,5.0,5,False,
41315084,"18° andar. Vista fantástica praia, cidade e parque",Não identificado,apartamento,3,3.0,6,,,,0,,0,False,
23058353,Apto na praia zona 1 Itapema SC,Não identificado,apartamento,3,2.0,6,,,,1,5.0,5,False,
31740181,Apto 2 Quartos em Meia Praia,Meia Praia,apartamento,2,1.0,5,,,,5,5.0,5,False,
28960945,Ap alto padrão para temporada em meia praia !,Meia Praia,apartamento,4,4.0,8,,,,0,,0,False,
28656277,Apartamento 02 quartos - 01,Não identificado,apartamento,3,1.0,6,,,,2,5.0,5,False,
1195820394794383581,Ap 1 suíte + 1 quarto + 2 vagas,Não identificado,apartamento,2,2.0,6,,,,2,5.0,5,True,
28771132,Apartamento 04 quartos - 02,Não identificado,apartamento,4,2.0,9,,,,1,5.0,5,False,
949562813539842033,"Vista mar,prox RussiRussi,2° quadra do mar,Wi-Fi",Não identificado,apartamento,3,2.0,8,,,,11,4.909999847412109,4,False,
47866298,"""2 dorm 180m do Mar - c/ Vista Mar em Meia Praia",Meia Praia,apartamento,2,2.0,4,,,,0,,0,False,
1308804641940706812,Casa temporada em Itapema -SC,Meia Praia,casa,2,1.0,4,,,,0,,0,False,
1309576728275300387,Apartamento disponível,Não identificado,apartamento,2,3.0,6,,,,0,,0,False,
40489485,Alugo Ampla Suíte Com Sacada Em Apartamento Duplex,Não identificado,outros,1,1.0,2,,,,2,5.0,5,False,False
1303122595112715726,(241) Apartamento Garden,Não identificado,apartamento,3,3.0,6,,,,0,,0,True,
1165429298213741062,"Apartamento Em Itapema, 277
 Beira mar",Não identificado,apartamento,2,1.0,4,,,,3,5.0,5,False,
47031775,Apartamento a 50m do Mar,Não identificado,apartamento,2,2.0,6,,,,6,5.0,5,False,
39548776,Ótimo apartamento em excelente localização,Não identificado,apartamento,3,1.0,8,,,,6,4.0,4,False,
31974419,Aluguel de apartamentos em Itapema/SC,Não identificado,apartamento,1,1.0,5,,,,2,4.5,4,False,
41396290,"Aconchegante apto em Meia Praia, perto de tudo!!",Meia Praia,apartamento,2,2.0,4,,,,3,5.0,5,False,
41495109,Aconchegante Apartamento Quadra Mar de Meia Praia,Meia Praia,apartamento,3,1.0,7,,,,1,5.0,5,False,False
604252467686730216,Apto amplo a 50m do mar com fácil acesso da BR-101,Não identificado,apartamento,3,3.0,6,,,,11,4.820000171661377,4,False,
47904218,AP NOVO vista maravilhosa para o mar. Alto padrão.,Não identificado,apartamento,2,2.0,6,,,,17,4.820000171661377,4,False,False
48600810,Suíte dupla/tripla com área de lazer,Não identificado,outros,1,1.0,3,,,,3,4.329999923706055,4,False,
26718564,"Apartamento ,Alugo  entre 10/1/2019 a 10/3/2019",Não identificado,apartamento,3,2.0,6,,,,0,,0,False,
1026884253092849014,Apt. alto padrão 50 m do mar,Não identificado,apartamento,3,3.0,8,,,,0,,0,False,
29078899,Apartamento para veraneio.,Não identificado,apartamento,2,2.0,5,,,,1,4.0,4,False,
38452816,Apartamento a 800m do mar da Meia Praia - Itapema,Meia Praia,apartamento,2,2.0,6,,,,4,4.5,4,False,
747114691595591344,Apartamento frente mar,Não identificado,apartamento,3,2.0,7,,,,0,,0,False,False
51302806,Apto com 3 suíte e tela proteção em Meia Praia,Meia Praia,apartamento,3,3.0,8,,,,0,,0,False,
707087342579493959,"Apê Verona, Completo 1 suíte+2 Ar, Gar a 40 m Mar.",Não identificado,apartamento,3,2.0,6,,,,6,5.0,5,False,
22983456,Sobrado bem localizado com garagem coberta,Não identificado,casa,2,2.0,5,,,,0,,0,False,
21273318,Apto na QUADRA DO MAR -  Meia-praia - 100 m do MAR,Não identificado,apartamento,2,2.0,5,,,,17,5.0,5,False,
29649494,Apartamento com vista para o mar,Centro,apartamento,3,2.0,7,,,,1,5.0,5,False,
1002366973577941952,Apartamento em condomínio,Meia Praia,apartamento,2,1.0,6,,,,2,4.5,4,False,False
39104516,Duplex em Meia Praia,Meia Praia,apartamento,4,2.0,10,,,,7,4.139999866485596,4,False,
1165930732976404813,Melhor lugar para se acomodar.,Não identificado,outros,1,2.0,2,,,,0,,0,False,
24084027,Suite em apt  compartilhado com vista para mar,Não identificado,outros,1,1.0,2,,,,9,5.0,5,False,
54121561,"Apartamento super arejado, muito bem localizado",Não identificado,apartamento,3,2.0,6,,,,13,4.849999904632568,4,False,
45780750,Apto 3 quartos com ar / Wifi - 2 vaga/ HOME OFFICE,Meia Praia,apartamento,3,2.0,6,850.0,850.0,12.0,26,4.960000038146973,4,False,
1265179422155119704,Apartamento frente Av. Vista mar.,Não identificado,apartamento,3,3.0,8,,,,0,,0,False,
53885902,"Ap encantador, 800m praia, churrasqueira, 2 qtos.",Não identificado,apartamento,2,2.0,4,,,,32,4.96999979019165,4,False,
751396284745576875,Cabana Rústica com Piscina,Não identificado,casa,3,2.0,4,,,,2,5.0,5,False,
21699700,Casa p/ aluguel de verão,Não identificado,casa,3,2.0,9,,,,0,,0,False,
30154927,"Apto a 30 metros do mar, com visão espetacular!",Não identificado,apartamento,3,2.0,8,,,,4,5.0,5,False,
41291609,"Lindo Apto, Espaçoso! 3 suítes, ótima localização!",Não identificado,apartamento,3,2.0,6,,,,17,4.760000228881836,4,False,
1047986058535134333,Refúgio com muita tranquilidade para famílias,Não identificado,casa,3,2.0,6,,,,0,,0,True,
39610907,Alugo casa no sítio em itapema,Não identificado,casa,2,1.0,6,,,,0,,0,False,
798418210975890259,Apartamento meia praia Itapema,Meia Praia,apartamento,2,2.0,6,,,,0,,0,False,False
42807186,CASA NA PRAIA ITAPEMA SC UM LUGAR P/VC CURTIR desc,Não identificado,casa,3,3.0,8,,,,50,4.920000076293945,4,False,
39587487,Lindo apto de 2 dormitórios a 50 metros do mar!!,Não identificado,apartamento,2,1.0,5,,,,5,5.0,5,False,
15596961,"Apartamento há 100m. do Mar em Meia Praia, Itapema",Meia Praia,apartamento,3,2.0,6,,,,1,5.0,5,False,
42848487,(279) Apartamento compacto de frente para o mar,Não identificado,apartamento,2,2.0,5,,,,37,4.96999979019165,4,True,
892939412471094403,APTO Sunset Itapema,Não identificado,apartamento,3,2.0,5,,,,2,5.0,5,True,
31083803,Ap 2 dormitórios Meia Praia R.292 - ap203,Meia Praia,apartamento,2,2.0,6,,,,3,5.0,5,False,
863210633926045285,"AP beira-mar, pé na areia",Não identificado,apartamento,3,3.0,9,,,,0,,0,False,False
10239823,Lindo apto climatizado 200mts mar,Não identificado,apartamento,3,2.0,8,,,,0,,0,False,
1221038550806797942,Casa em Itapema,Não identificado,casa,2,2.0,4,,,,0,,0,False,
11293115,MEIA-PRAIA 150 mts mar - wi-fi - ar-condicionado,Não identificado,apartamento,3,2.0,10,,,,2,5.0,5,False,
40749720,Casa na praia Itapema,Não identificado,casa,3,2.0,15,,,,1,5.0,5,False,
39896394,"Itapema Apto LUXO 3 suítes, 150m mar, hidro, Wi-Fi",Não identificado,apartamento,3,3.0,9,,,,3,4.670000076293945,4,False,
41057391,Apartamento Maravilhoso. Vista Mar e Montanhas,Não identificado,apartamento,2,2.0,4,,,,0,,0,False,False
22612962,Apto Luxo em Resort,Não identificado,apartamento,3,3.0,6,,,,0,,0,False,
28948953,Aconchego na Meia Praia,Meia Praia,apartamento,2,2.0,6,,,,2,4.5,4,False,
20255211,Fino Apto 3 Suítes em Meia Praia Itapema,Meia Praia,apartamento,3,3.0,10,,,,1,5.0,5,False,
738997212246318088,Suíte em Apart. a uma Quadra da praia (Meia Praia),Meia Praia,outros,1,1.0,2,,,,0,,0,False,
1054353526536060455,Quarto para casal 200m do mar,Não identificado,outros,1,1.0,2,,,,4,5.0,5,False,
28739877,"Apto meia praia 4 suítes, 3 vagas, Ar, wi-fi",Meia Praia,apartamento,4,4.0,10,,,,1,5.0,5,False,
732485216021311985,Suíte,Meia Praia,outros,2,1.0,2,,,,0,,0,False,
790711871601179238,Luxo no coração de meia praia,Meia Praia,apartamento,4,4.0,10,,,,3,4.670000076293945,4,False,
1039687876304007269,apartamento c/terraço $Vendo),Meia Praia,apartamento,2,2.0,7,,,,0,,0,False,
52470280,"apartamento pé na areia,com garagem incluso",Não identificado,apartamento,3,2.0,8,,,,0,,0,False,
1277484156057727375,Quarto exclusivo frente mar,Não identificado,hotel,1,6.0,3,,,,0,,0,False,
53592531,"residência agradável e espaçosa 
garagem p/ 3 cars",Meia Praia,casa,2,1.0,6,,,,2,5.0,5,False,
812330321788324738,Quarto inteiro,Não identificado,outros,1,1.0,3,,,,0,,0,False,
31041645,"Apartamento Luxuoso,3 suites , amplo ,Itapema",Meia Praia,apartamento,3,4.0,6,,,,0,,0,False,
1064568011899577251,Alugo suite com ar condicionado,Não identificado,outros,1,1.0,2,,,,0,,0,False,
1836680,Apartamento frente al mar,Centro,apartamento,4,3.0,8,,,,0,,0,False,
46940475,Bangalô para 4 pessoas - vista para piscina,Não identificado,outros,2,1.0,4,,,,8,4.25,4,False,
51384806,(304) Prédio lindo em Meia Praia,Meia Praia,apartamento,3,3.0,8,,,,54,4.829999923706055,4,True,
837547626347040579,Apto próximo a Praia de Itapema,Não identificado,apartamento,1,1.0,5,,,,6,5.0,5,False,
769776969258262223,Meia Praia 3 quartos,Meia Praia,apartamento,3,2.0,6,,,,2,5.0,5,False,
54064425,"Apartamento 03 suítes, muito confortável Rua 292",Não identificado,apartamento,3,3.0,6,,,,0,,0,False,
1035696928420988226,Apto 3 quartos 130m do mar,Meia Praia,apartamento,3,2.0,9,,,,1,5.0,5,False,
47561292,"Apto 1 dormitório, com ar e wi-fi. Bem localizado.",Meia Praia,apartamento,1,1.0,4,,,,7,4.429999828338623,4,False,
1018784133881099782,Apê de frente pro mar em Meia-Praia/Itapema,Não identificado,apartamento,3,3.0,6,,,,1,5.0,5,False,False
1305066140733755291,"Meia Praia, Itapema - SC",Meia Praia,apartamento,4,4.0,10,,,,1,5.0,5,False,False
47099466,Apartamento espaçoso perto da praia,Não identificado,apartamento,2,2.0,8,,,,2,5.0,5,False,
10870815,"Amplo apto 150 m2, vista 180o para o mar, 9o andar",Andorinha,apartamento,3,2.0,8,,,,10,4.900000095367432,4,False,
52648380,"Casa "" Horizonte Mar "".",Não identificado,casa,2,2.0,6,,,,2,4.0,4,False,False
46688926,Excelente localização em Meia Praia. PRIMEIRO USO!,Meia Praia,apartamento,2,2.0,6,,,,2,5.0,5,False,
45328516,"01- Centro de Meia Praia, somente 20 mtrs da Praia",Meia Praia,apartamento,3,2.0,7,,,,47,4.829999923706055,4,True,
37747080,Apto a uma quadra do mar e perto do Russi & Russi!,Meia Praia,apartamento,2,2.0,7,,,,8,4.75,4,False,
551639377566480967,Morretes - Itapema - apto 02 quadras da praia,Morretes,apartamento,2,2.0,5,,,,4,5.0,5,False,
21471904,Luxuoso Apartamento - Para Natal e Ano Novo,Não identificado,apartamento,4,5.0,8,,,,0,,0,False,
568211772680384095,Apartamento à 600mt da praia,Não identificado,apartamento,2,1.0,4,,,,0,,0,False,
46939505,Chalé para 4 pessoas com área de lazer completa,Não identificado,outros,2,1.0,4,,,,3,4.0,4,False,
41493414,Apto Temporada Meia Praia Itapema SC,Meia Praia,apartamento,3,4.0,8,,,,0,,0,False,
32420779,Apartamento Temporada Meia Praia Itapema,Meia Praia,apartamento,3,3.0,11,,,,2,5.0,5,False,
37749402,Apartamento de verão próximo ao mar,Não identificado,apartamento,3,2.0,9,,,,0,,0,False,
30318398,Aluguel Diária ITAPEMA-SC,Não identificado,apartamento,2,2.0,6,,,,0,,0,False,
44890294,Frente mar! Ótimo Apartamento,Não identificado,apartamento,3,2.0,7,1000.0,1000.0,2.0,80,4.949999809265137,4,True,
52985182,90m da praia na MEIA PRAIA- Santa Catarina,Meia Praia,apartamento,1,1.0,1,,,,1,5.0,5,False,
20798615,Apartamento central a uma quadra do mar!,Não identificado,apartamento,3,2.0,9,,,,6,5.0,5,False,
966584099593023622,Apartamento amplo no coração da Meia Praia,Meia Praia,apartamento,3,2.0,6,,,,3,5.0,5,False,
1013945065014511988,Apartamento em Itapema,Não identificado,apartamento,3,2.0,6,,,,13,4.920000076293945,4,True,
1254484147811810402,Casa 2 quartos,Meia Praia,casa,2,1.0,8,,,,3,5.0,5,False,False
781349166008760597,Ap Novo 03 Suítes em Meia Praia Itapema,Meia Praia,apartamento,3,3.0,7,,,,3,5.0,5,True,
31579601,Apartamento para 4 ou 5 pessoas.,Não identificado,apartamento,2,1.0,4,,,,0,,0,False,
1273261171500755755,Apartamento todo mobiliado,Não identificado,apartamento,3,4.0,8,,,,0,,0,False,
27625347,ÓTIMA OPÇÃO A POUCOS METROS DA PRAIA!,Meia Praia,apartamento,3,2.0,10,,,,10,4.900000095367432,4,False,
1201489814240131016,"Flat Alto Padrão, Meia Praia",Meia Praia,apartamento,1,1.0,3,,,,0,,0,False,
33184703,"Pousada perto da praia com piscina, café da manhã",Não identificado,outros,1,1.0,3,,,,2,4.0,4,False,
1018864104390865384,Ap R.292 - 03 dormitórios,Meia Praia,apartamento,3,2.0,6,,,,1,5.0,5,False,
47530161,3 Suites nas ALTURAS,Não identificado,apartamento,3,3.0,4,,,,0,,0,False,
40794568,Casa aconchegante 2 quartos a 3min da praia,Canto da Praia,casa,2,1.0,4,,,,2,5.0,5,False,
17096490,Aluguel de temporada no centro de itapema,Centro,casa,2,1.0,4,,,,3,4.329999923706055,4,False,
1058078593052494531,Excelente casa em itapema,Não identificado,casa,2,2.0,6,,,,0,,0,False,
1040659324048251711,3 Suítes com linda Vista Mar!,Não identificado,apartamento,3,3.0,7,,,,1,5.0,5,True,
970445468070597218,Apartamento em Itapema Meia Praia 400m da praia,Meia Praia,apartamento,2,1.0,6,570.0,570.0,2.0,7,5.0,5,False,
755010668469409111,"Apartamento novo, na Meia Praia Itapema SC",Meia Praia,apartamento,2,2.0,4,,,,6,4.829999923706055,4,False,False
846192475290641463,Excelente Apartamento.,Meia Praia,apartamento,2,2.0,6,,,,0,,0,False,
1129248541782633263,chateau san michael,Não identificado,apartamento,3,2.0,6,,,,0,,0,False,
1197133735305151438,Vista Incrível pertinho da praia,Não identificado,apartamento,2,2.0,6,,,,0,,0,False,
733855907068114161,Apartamento 3 suítes mobiliado.,Não identificado,apartamento,3,3.0,8,,,,0,,0,False,
40219645,"Apto 3 quartos na Meia Praia, Itapema",Meia Praia,apartamento,3,3.0,7,,,,1,5.0,5,False,
19111244,Saída direto no mar Meia praia Itapema,Meia Praia,apartamento,2,2.0,4,,,,17,4.53000020980835,4,True,
687742022165487214,"Meia praia itapema Sc ALUGO é
Vendo 900.000,00",Meia Praia,apartamento,2,2.0,6,,,,0,,0,False,False
593973706024976205,Quadra do Mar - Vista MAR - Ao Lado do RUSSI RUSSI,Não identificado,apartamento,3,2.0,7,,,,0,,0,False,
48239078,"APTO NOVO
03 Suítes
Localizado no ❤ de Itapema",Centro,apartamento,3,4.0,8,,,,7,5.0,5,False,
1061599235445335647,Prédio Frente Mar e AP Vista Mar,Não identificado,apartamento,3,2.0,6,,,,0,,0,False,
1273109864545308382,Apartamento 60 metros do mar.,Não identificado,apartamento,3,4.0,8,,,,0,,0,False,
42589028,"Apartamento frente mar, Meia Praia- Itapema!",Meia Praia,apartamento,3,2.0,4,,,,49,4.980000019073486,4,False,
16591695,Excelente apto Meia-Praia: uma quadra do mar,Meia Praia,apartamento,2,2.0,4,,,,6,4.829999923706055,4,False,
683254546329214746,Apartamento novíssimo a 450 metros a pé da praia,Não identificado,apartamento,3,3.0,6,,,,8,4.880000114440918,4,False,False
997104127337676238,Itapema 278,Não identificado,apartamento,2,2.0,4,,,,1,5.0,5,True,
39603639,Prédio Frente Mar Meia Praia,Meia Praia,apartamento,3,2.0,8,,,,0,,0,False,
1161754032045126774,Finíssimo apto novo Meia Praia,Meia Praia,apartamento,3,0.0,9,,,,0,,0,False,False
1046376716927714308,Casa Encantadora em Itapema,Morretes,casa,2,1.0,8,,,,2,5.0,5,False,False
1245615230822962833,Apartamento 60m da praia!,Não identificado,apartamento,2,2.0,6,,,,2,5.0,5,False,False
1311026076722834123,Apto Luxuoso em frente ao Mar.,Meia Praia,apartamento,3,3.0,6,,,,0,,0,False,
24948647,Recanto dos Lucas em Itapema,Não identificado,apartamento,2,2.0,5,,,,61,5.0,5,False,
1153593997091090463,Para 8 hóspedes a 2 quadras do mar Ks1145,Não identificado,apartamento,3,2.0,8,,,,0,,0,False,
809931632986462060,Casa Itapema perto da Praia,Não identificado,casa,3,2.0,10,,,,0,,0,False,
11026819,"Apartamento Amplo, Vista Mar, Localização Top",Meia Praia,apartamento,3,2.0,9,,,,20,4.75,4,False,False
41335739,"Ótimo apto 3 quartos,  próx. Shopping Russi Russi",Não identificado,apartamento,3,3.0,7,,,,0,,0,False,
46107816,Muito conforto a 420 metros do mar.,Não identificado,apartamento,0,2.0,4,,,,0,,0,False,
784095086320805052,Apartamento em Itapema,Meia Praia,apartamento,3,3.0,8,,,,1,5.0,5,False,
54078098,Uma cobertura de frente para o mar,Centro,apartamento,3,3.0,6,,,,1,5.0,5,False,
639163267116212627,Quarto e banheiro exclusivo - Apto Compartilhado,Meia Praia,outros,1,1.0,2,100.0,100.0,8.0,23,5.0,5,True,
794092172388379022,Quarto para 2 pessoas,Não identificado,outros,1,1.0,2,,,,2,5.0,5,False,False
27605526,Apê completo em Itapema.,Não identificado,apartamento,2,1.0,4,,,,48,4.670000076293945,4,False,
714413334110733158,"Apto Quadra Mar ótima localização 
100mts da praia",Meia Praia,apartamento,3,2.0,8,,,,5,4.800000190734863,4,False,
1065814003249573470,Apartamento 3 quartos,Não identificado,casa,3,1.0,7,,,,0,,0,False,
22927807,"Quarto casal, quadra mar. Apt compartilhado",Não identificado,outros,1,1.0,2,,,,10,5.0,5,False,
41011569,Conforto na Praia!,Não identificado,apartamento,3,3.0,7,,,,6,5.0,5,False,
31882500,"MEIA PRAIA, UNICO, VISTA A LA  PLAYA",Meia Praia,apartamento,3,4.0,8,,,,10,4.400000095367432,4,False,
1081099742146958736,Apartamento em meia praia,Meia Praia,apartamento,2,3.0,6,,,,0,,0,False,
786943675253123046,"Cobertura, em Meia Praia",Meia Praia,apartamento,2,1.0,6,,,,0,,0,False,
1321148094471249643,"Studio Brooklyn Brigde 200m da praia, 1506 B",Não identificado,apartamento,1,1.0,2,,,,1,5.0,5,False,False
648522985326081489,Apartamento R. 292 89 - Meia Praia - 03 suites,Meia Praia,apartamento,3,3.0,7,,,,5,4.599999904632568,4,False,
786698298677447363,"Cobertura Meia Praia, 4 minutos do mar",Meia Praia,apartamento,2,1.0,6,,,,0,,0,False,
1254435743641185340,Quarto n° 1,Não identificado,outros,1,1.0,4,,,,4,5.0,5,False,False
20740151,"Apto novo, quadra mar, 4 suítes - Luxo Meia Praia!",Meia Praia,apartamento,4,1.0,8,,,,4,4.75,4,False,
52416938,Apartamento Meia Praia a 100m do mar.,Meia Praia,apartamento,3,3.0,8,,,,1,5.0,5,False,
39696102,Apto Nice 2 quartos- Meia Praia,Meia Praia,apartamento,2,1.0,6,,,,2,4.5,4,False,
857361220927905784,Cobertura Duplex Vista Mar 4 Qts,Meia Praia,apartamento,4,3.0,10,,,,1,5.0,5,False,
46327364,AP Itapema - Sacada com churrasqueira!,Não identificado,apartamento,1,1.0,4,,,,8,4.75,4,False,False
828082707814771775,Cobertura Duplex com Jacuzzi,Meia Praia,apartamento,3,3.0,8,,,,0,,0,False,
1006638831023535047,Apto lindo no Coração da cidade 1 quadra do Mar,Meia Praia,apartamento,4,3.0,10,,,,5,4.599999904632568,4,True,
40375457,Apartamento equipado e no centro de Meia  Praia,Meia Praia,apartamento,3,2.0,11,,,,4,5.0,5,False,
806655793264388558,Porto de Sol quarto com banheiro.,Centro,outros,1,1.0,2,,,,7,5.0,5,False,
1285822871391313366,Apartamento Aprazível à Beira-Mar,Não identificado,apartamento,4,3.0,8,,,,1,5.0,5,True,
1201614499255585122,Lindo apartamento pé na areia!,Não identificado,apartamento,3,2.0,9,,,,0,,0,False,
39197229,Lindo Apartamento 3 Dormitórios na Meia Praia,Meia Praia,apartamento,3,2.0,7,,,,0,,0,False,
870095737549163049,Ap Meia Praia - R.284 03 dorm.,Meia Praia,apartamento,3,3.0,7,,,,1,5.0,5,False,
46811251,Vista mar com hidromassagem - Mínimo de 3 diárias.,Meia Praia,apartamento,3,3.0,8,,,,5,4.599999904632568,4,False,
21633529,Casa em Itapema,Não identificado,casa,3,2.0,6,,,,0,,0,False,
38060727,Apartamento Central com Vista Mar na Meia Praia,Meia Praia,apartamento,3,3.0,8,,,,83,4.949999809265137,4,True,
1047224175824987718,Casa aconchegante para um casal,Não identificado,casa,1,1.0,2,,,,1,5.0,5,False,
1322652053185668743,Apartamento Meia Praia,Meia Praia,apartamento,3,2.0,7,,,,0,,0,False,
1312455974923738904,Apartamento completo 3 suítes 2 vagas Meia Praia,Meia Praia,apartamento,3,4.0,8,,,,0,,0,False,False
46407747,"Apto maravilhoso, Meia Praia-Itapema, 50m do mar",Meia Praia,apartamento,3,4.0,7,,,,0,,0,False,False
46415530,"Alugo quarto quadra mar, Itapema _ Meia Praia",Meia Praia,outros,1,1.0,2,,,,0,,0,False,False
1318858709362899560,"Studio Completo 706B, Vista Mar!",Não identificado,apartamento,1,1.0,2,,,,1,5.0,5,False,False
40899047,Lindo e novo apto em Meia Praia-Itapema,Meia Praia,apartamento,2,2.0,6,290.0,297.4864864864865,37.0,57,4.960000038146973,4,True,False
1302405242803159421,lugar  tranquilo,Não identificado,outros,1,1.0,5,,,,0,,0,False,False
1287791569613797023,Apto de 1 quarto,Não identificado,apartamento,2,1.0,6,,,,0,,0,False,False
1294887704959781657,3 dormitórios na Meia Praia,Meia Praia,apartamento,3,1.0,8,,,,1,5.0,5,False,False
15980108,Apartamento Cobertura Piscina frente Mar Itapema,Não identificado,apartamento,4,3.0,10,1500.0,1500.0,39.0,26,4.849999904632568,4,False,False
1218884949697936191,O3  Dormitórios em Meia Praia,Meia Praia,apartamento,3,2.0,10,,,,0,,0,False,True
24171739,Pé na areia apartamento 3 quartos Meia Praia AL029,Meia Praia,apartamento,3,2.0,8,416.0,451.6607142857143,56.0,23,4.829999923706055,4,True,False
1321391695290036955,Quarto com banheiro para dormir,Não identificado,outros,1,1.0,6,,,,2,5.0,5,False,False
45910353,Apto vista lateral mar em prédio de frente à praia,Não identificado,apartamento,3,4.0,8,,,,0,,0,False,False
1023885231203292759,Flat Meia Praia - Itapema - 706,Meia Praia,apartamento,1,1.0,4,490.0,520.7996715270937,203.0,11,5.0,5,True,False
560903783071466646,Suite alto padrão em Itapema,Não identificado,outros,1,1.0,2,,,,0,,0,False,False
790641967285368720,Apartamento pequeno 2 quartos,Não identificado,apartamento,2,1.0,5,,,,0,,0,False,False
1048799886066100123,"Casa completa praia Itapema c/3 quartos
2 andares",Não identificado,casa,3,2.0,10,,,,5,5.0,5,True,False
760325801206777466,Apartamento encantador! Rua 275 à 150 mt da praia,Não identificado,apartamento,3,2.0,8,,,,0,,0,False,True
1034199140186021598,Espaço inteiro: casa em Itapema,Canto da Praia,casa,1,1.0,2,,,,5,4.400000095367432,4,False,False
1184152596221501552,Apto Charmoso apenas 280m da Praia - MHF0601,Centro,apartamento,1,1.0,4,601.0,598.165821319797,197.0,11,4.820000171661377,4,False,True
46119087,Uma vista azul para o seu verão!,Não identificado,apartamento,3,4.0,8,,,,0,,0,False,False
29013012,"Apartamento localizado em Itapema, Meia Praia.",Meia Praia,apartamento,3,2.0,6,,,,1,5.0,5,False,False
1257341245626158111,"3 Suítes, pertinho do mar!",Não identificado,apartamento,3,3.0,8,,,,0,,0,False,False
967555647952229771,Apto em Meia Praia alto padrão. 250m do mar!,Meia Praia,apartamento,0,4.0,8,,,,3,5.0,5,False,False
1057531933814586873,Prédio frente mar,Não identificado,apartamento,3,2.0,7,,,,0,,0,False,False
1265365629580514358,Apartamento quadra mar no Centro,Centro,apartamento,3,2.0,11,,,,6,4.829999923706055,4,True,False
52182814,FRENTE MAR MEIA PRAIA ITAPEMA,Meia Praia,apartamento,3,2.0,8,,,,4,5.0,5,False,False
41193865,Apê 150m do mar. Com ar-condicionado.,Não identificado,apartamento,3,2.0,7,400.0,410.9046052631579,152.0,46,4.71999979019165,4,False,False
40261346,Morada Costa Verde & Mar,Meia Praia,casa,3,3.0,8,,,,0,,0,False,False
1036307719150120163,5366 Apto quadra mar 30 metros até a praia,Não identificado,hotel,2,2.0,6,,,,1,5.0,5,False,True
51975323,"3 Suítes, Belíssimo, 2 gar-Meia Praia - Itapema/SC",Meia Praia,apartamento,3,3.0,8,,,,2,4.5,4,False,False
743290246112415428,Apartamento pé na areia em Itapema (meia-praia),Não identificado,apartamento,3,2.0,8,,,,4,5.0,5,False,False
1018938592594574382,Apartamento em centro itapema,Centro,apartamento,1,1.0,4,,,,0,,0,False,False
699403988780642696,Apartamento finamente mobiliado pé na areia (202),Meia Praia,apartamento,3,2.0,8,,,,7,4.429999828338623,4,False,False
991407580891691701,Apto em otima localização em Meia Praia EIO6031,Meia Praia,apartamento,3,2.0,6,627.0,683.7247944444445,162.0,11,4.550000190734863,4,False,True
8936081,"01 Suíte + 01 Dormitório, Edif. Frente Mar! [404]",Meia Praia,apartamento,2,2.0,5,460.0,493.037037037037,27.0,35,4.889999866485596,4,False,False
618590759205763607,Apartamento a poucos metros do mar,Não identificado,apartamento,3,2.0,9,,,,2,5.0,5,False,False
1158718375039431597,Apartamento em Meia Praia,Meia Praia,apartamento,2,3.0,6,,,,4,5.0,5,False,False
1285464464711559089,Itapema 310/702,Não identificado,apartamento,4,3.0,8,,,,0,,0,True,False
41074064,"Paraíso do lazer, descanso e segurança",Não identificado,casa,3,2.0,7,,,,6,5.0,5,False,False
54177663,Apartamento em meia praia,Meia Praia,apartamento,3,2.0,6,,,,0,,0,False,False
1137721159040537759,Apartamento quadra mar para 6 pessoas,Meia Praia,apartamento,2,2.0,6,,,,0,,0,False,False
31465816,Apartamento Meia Praia quadra do mar,Meia Praia,apartamento,2,1.0,5,,,,1,4.0,4,False,False
21280090,"@aptropical completo na quadra do mar, suíte +2",Não identificado,apartamento,3,2.0,8,850.0,825.9509493670886,158.0,36,5.0,5,True,False
1316679578115494337,kitnet Container 8,Não identificado,outros,1,1.0,2,,,,0,,0,False,True
761755938032745270,Apartamento em Itapema/SC.,Não identificado,apartamento,2,1.0,6,,,,1,5.0,5,False,False
673825002694927178,Quadra mar 3 suítes temporada Meia Praia (AL138),Meia Praia,apartamento,3,4.0,8,784.0,796.0,110.0,9,5.0,5,True,False
822365439954007216,3 suítes próximo ao mar!,Não identificado,apartamento,3,3.0,8,730.5,723.4921052631579,190.0,15,4.869999885559082,4,True,False
1225665671183261027,Ap meia praia,Meia Praia,apartamento,3,3.0,6,,,,0,,0,False,False
986194057106171598,Cobertura em Itapema (meia praia) para aluguel,Meia Praia,outros,3,2.0,8,,,,0,,0,False,False
1322650018711665934,Aluguel Temporada - Itapema SC,Não identificado,apartamento,3,4.0,8,,,,0,,0,False,
1287306414198127460,Duplex pé na areia em Meia Praia,Meia Praia,apartamento,4,5.0,12,,,,0,,0,False,False
41256358,Pousada mais confortável de Itapema,Não identificado,casa,1,1.0,2,,,,1,5.0,5,False,False
1318373666373260125,Apto alto padrão pé na areia em Meia Praia,Meia Praia,apartamento,3,3.0,8,,,,0,,0,True,False
787847078680683474,“ Sua Casa Longe de Casa: Seu Refúgio Perfeito.,Não identificado,apartamento,2,2.0,6,330.0,389.13907284768214,151.0,6,5.0,5,False,False
1312562292467201207,Suite a 3 min do mar boa localização,Não identificado,outros,1,3.0,3,,,,1,5.0,5,False,False
1052976875586976373,C) quadra mar Meia Praia Itapema/SC,Meia Praia,apartamento,2,1.0,4,,,,5,4.800000190734863,4,False,False
963716432778300005,"Apto pé na areia em Meia Praia, Itapema",Meia Praia,apartamento,3,2.0,8,,,,1,5.0,5,True,False
983224576066312557,"Apto o com Ampla Sacada em Meia Praia, Itapema-SC",Meia Praia,apartamento,3,4.0,8,,,,0,,0,False,False
1303827409239579310,Apto quadra mar Itapema/SC,Não identificado,apartamento,2,2.0,5,,,,1,5.0,5,False,False
1261754620394990554,Apartamento confortável,Não identificado,apartamento,4,5.0,10,,,,0,,0,False,False
45894423,Apto vista lateral mar em prédio de frente à praia,Não identificado,apartamento,3,4.0,8,,,,1,5.0,5,False,False
1298043421274344956,Itapema 291,Não identificado,apartamento,3,3.0,8,,,,0,,0,True,False
801396664037385433,Ap a 350 m do mar em Itapema para até 6 pessoas,Meia Praia,apartamento,2,2.0,6,,,,4,5.0,5,False,False
981207078966019606,Você e sua família a beira mar,Meia Praia,apartamento,4,3.0,10,,,,0,,0,False,False
822704,"Ultimo Andar, Frente ao Mar Itapema SC",Centro,apartamento,3,3.0,8,,,,3,4.0,4,False,False
45973790,"50 metros da praia, em Meia praia",Meia Praia,apartamento,2,2.0,4,657.0,652.130632046332,259.0,12,4.829999923706055,4,True,False
828140424202045550,Suíte na Meia Praia a 2 Quadras e meia do Mar!,Meia Praia,outros,1,1.0,2,,,,6,5.0,5,False,False
1290544635478660353,Apartamento Beira Mar 3 Suítes,Não identificado,apartamento,3,3.0,8,,,,0,,0,False,False
1044298410289154930,Pé na Areia em Meia  Praia- SC,Meia Praia,apartamento,3,3.0,8,,,,0,,0,False,False
22861662,CASA ITAPEMA - ALUGUEL DE TEMPORADA,Centro,casa,3,2.0,6,,,,0,,0,False,
803572440296677315,Casa Itapema temporada,Não identificado,casa,3,2.0,10,,,,0,,0,False,
32740819,Apartamento Quadra Mar Itapema,Meia Praia,apartamento,3,2.0,6,,,,1,5.0,5,True,
